document_name,content,chunk_idex
java面试八股文MySQL篇.docx,"MySQL篇
前言
MySQL在面试过程中是问的比较多的，我们的开发过程中不可能不用到数据库，目前比较主流的数据库其实就是MySQL。
这里一共分了两个章节：
第一个是关于MySQL的优化，这也是面试官问的最多的，里面又分了四块内容：
1、定位慢查询；
2、SQL执行计划（SQL的分析能力）；
3、索引（具体的优化方式），这里面涉及的面试题比较多：
（1）存储引擎（对比）；
（2）索引底层数据结构（重点讲B+树）；
（3）聚簇索引和非聚簇索引（还包含了回表查询）；
（4）索引创建原则；
（5）索引失效场景（还包括我们如何去分析这个索引是否失效）。
4、SQL优化经验（相关内容）。
第二个是其他面试题，里面也包含了三个部分：
1、事务相关，事务的内容比较多，包含了事务特性、隔离级别、MVCC，我们还会讲事务的原理；
2、主从同步原理，比如现在线上搭建了一个主从，那么主节点如何跟从节点进行同步数据呢？
3、分库分表。主从解决的是高并发的问题，分库分表解决的是海量数据存储问题，也会介绍分库分表的一些拆分逻辑。
![image](/files/97b5f0b0-6b98-4918-b971-ba51ced1b5a1/file-preview)
MySQL-优化
如何定位慢查询？
前言
面试官：“在MySQL中，如何定位慢查询？”
在回答这个问题的时候，先想一下之前是否有过经验，如果有就按照之前做的经验回答就可以了，没有就需要准备一下了。
通常慢查询出现的情况：聚合查询、多表查询、表数据量过大查询、深度分页查询。表象（主要表现形式）：页面加载过慢、接口压测响应时间过长（超过1s）。
假如我们的业务就是接口比较慢，那怎么确定是SQL的问题呢？就算是SQL问题，又怎么去找这个执行慢的SQL呢？这也是面试官想听的。
通常情况下，有两种方式。",1
java面试八股文MySQL篇.docx,"假如我们的业务就是接口比较慢，那怎么确定是SQL的问题呢？就算是SQL问题，又怎么去找这个执行慢的SQL呢？这也是面试官想听的。
通常情况下，有两种方式。
方案一：开源工具
我们可以使用开源的工具进行监听或调试。
调试工具：Arthas，它可以使用命令的方式去监控已经上线的项目，可以跟踪执行比较慢的方法，然后查看方法的执行时间，最终就可以确定是哪里出现问题。
运维（监控）工具：Prometheus、Skywalking。就拿Skywalking来说，首先在这个监控中会有一些指标的数据，我们可以去实时查看接口的情况，如图所示。
![image](/files/5ec68c64-c598-4066-a04b-d4d8378c2bba/file-preview)
我们可以查看接口的响应情况，并且还做了一个排序，访问越慢的接口排越前，这时候就可以快速定位是哪个接口比较慢了。如果知道哪个接口比较慢了，在Skywalking中还提供了一个追踪功能，我们就可以详细地查看这个接口的执行情况了。
![image](/files/ed4048d2-8230-48d8-bea6-3213bf68306e/file-preview)
比如这个接口在时髦阶段耗时了多久，其中也包含了SQL的执行的耗时，如果真的是SQL执行比较久，我们就可以迅速去定位是哪个SQL执行比较慢了。
这就是使用工具去定位慢查询的方式。如果在之前的项目中使用过类似的工具，就可以给面试官阐述这些工具的使用方式，如果没使用过，我们可以看一下MySQL自带的工具。
方案二：MySQL自带慢日志
简单说就是可以把一些执行慢的SQL，记录到一个日志文件中，这样就可以快速知道是哪些SQL执行得比较慢了，当然MySQL默认是没有开启这个慢日志查询的功能的，我们需要去配置文件中配置两项内容就可以了。",2
java面试八股文MySQL篇.docx,"慢查询日志记录了所有执行时间超过指定参数（long_query_time，单位：秒，默认10秒）的所有SQL语句的日志，如果要开启慢查询日志，需要在MySQL的配置文件（/etc/my.cnf）中配置如下信息：
# 开启MySQL慢日志查询开关
（如果slow_query_log的值是1就证明开启了慢日志查询，如果是0就证明没有开启）
slow_query_log=1
# 设置慢日志的时间为2秒，SQL语句执行时间超过2秒，就会视为慢查询，记录慢查询日志
（long_query_time记录你想执行耗时多久的SQL，单位是秒，一般项目中都会设置为2秒左右，如果配置的时间太长就失去了记录的意义了。假如现在有一条SQL执行的时间超过了2秒，它就会记录在一个localhost-slow.log文件中。
![image](/files/d120c912-004f-4c6e-87f6-642da1984743/file-preview)
如图所示，在最上面可以看到这条SQL具体的执行时间，query_time就是当前这条SQL的执行耗时，最关键的是这条SQL是什么样的，这样就可以去定位慢SQL了。我们拿到这个SQL之后，就方便下一步的分析了）
long_query_time=2
配置完毕之后，通过以下指令重新启动MySQL服务器进行测试，查看慢日志文件中记录的信息/var/lib/mysql/localhost-slow.log。
总结
面试官：“如何定位慢查询？”
1、介绍一下当时产生问题的场景（比如我们当时的一个接口测试的时候非常慢，压测的结果大概5秒钟）
2、我们系统中当时采用了运维工具（Skywalking），可以监测出哪个接口（比较慢），最终确定是因为SQL的问题。",3
java面试八股文MySQL篇.docx,"3、（如果没有使用过开源工具）在mysql中开启了慢日志查询，我们设置的值就是2秒，一旦sql执行超过2秒就会记录到日志中，这样就能定位到慢SQL了（调试阶段：调试才会开启这个慢日志查询功能，一般在生产的环境下是不会开启的，因为它会损耗一些mysql的性能）
模板
面试官：“MySQL中，如何定位慢查询？”
答：“我们当时做压测的时候有的接口非常地慢，接口的响应时间超过了2秒以上，因为我们当时的系统部署了运维的监控系统Skywalking，在展示的报表中可以看到是哪一个接口比较慢，并且可以分析这个接口哪部分比较慢，这里可以看到SQL的具体的执行时间，所以可以定位是哪个sql出问题。
如果，项目中没有这种运维的监控系统，其实在MySQL中也提供了慢日志查询的功能，可以在MySQL的系统配置文件中开启这个慢日志的功能，并且也可以设置SQL执行超过多少时间来记录到一个日志文件中，我记得上一个项目配置的是2秒，只有SQL执行的时间超过2秒就会记录到日志文件中，我们就可以在日志文件找到执行比较慢的SQL了。”
一个SQL语句执行很慢，如何分析
前言
定位慢查询以后如何优化呢？优化之前有什么依据？
面试官：“那这个SQL语句执行很慢，如何分析（优化）呢？”
我们之前已经知道这条SQL语句具体长什么样，如果出现了聚合查询、多表查询的话，我们就可以想办法去优化SQL语句就行了，比如聚合查询就可以尝试新增一个临时表去解决，多表查询可以试着优化SQL语句的结构。
假如现在的情况是表数据量过大查询，可以添加索引进行优化，但是如果添加了索引，SQL执行还是很慢，接下来就要分析SQL语句了。
上面这几个慢的原因都可以通过SQL执行计划来分析具体的原因，找到这条SQL执行慢的原因。
最后一个是深度分页查询，后面讲覆盖索引时再说，现在重点关注SQL执行计划。",4
java面试八股文MySQL篇.docx,"上面这几个慢的原因都可以通过SQL执行计划来分析具体的原因，找到这条SQL执行慢的原因。
最后一个是深度分页查询，后面讲覆盖索引时再说，现在重点关注SQL执行计划。
在MySQL中提供了一些工具，可以使用EXPLAIN或者DESC命令获取MySQL如何执行SELECT语句的信息。
具体语法是这样：在一条正常的SQL语句前面加了一个EXPLAIN/DESC（直接在select语句之前加上关键字explain/desc）。如下图所示。
![image](/files/7a49be43-dc11-4250-abbe-52232d6386b7/file-preview)
在SQL语句专门加了一个“explain”就能获取当前这条SQL语句的执行计划，它展示的内容不是表中的数据，而是这条SQL执行的情况。
下面讲一下其中比较重要的字段，当然也是面试官关心的内容：
![image](/files/d3607a1a-9676-4e22-b717-aea4b0b1fb6a/file-preview)
possible_key：当前sql可能会使用到的索引；
比如图中可能会使用到的是“PRIMARY”（主键索引），possible_keys表示可能会有多个使用到的索引，但是执行的时候是否有使用到还不能确定，这时候需要其他的字段进一步确定。
key：当前sql实际命中的索引；
比如图中实际用到的索引就是“PRIMARY”。
key_len：索引占用的大小；
比如图中当前使用到的索引实际占用的大小，最终我们判断某条SQL是否用到索引，通过key、key_len两个字段来最终确定是否命中了索引。
假如已经在字段上添加了索引，也可以通过这两个字段来判断出这条SQL语句的索引是否失效。
Extra:额外的优化建议；
比如图中的是NULL，没有给任何建议，但是有的时候可以通过它获取其他的信息。",5
java面试八股文MySQL篇.docx,"假如已经在字段上添加了索引，也可以通过这两个字段来判断出这条SQL语句的索引是否失效。
Extra:额外的优化建议；
比如图中的是NULL，没有给任何建议，但是有的时候可以通过它获取其他的信息。
例如：某条SQL在使用索引的过程中是否进行了回表。里面有两个参考信息：
Using where；Using Index：查找使用了索引，需要的数据都在索引列中能找到，不需要回表查询数据；
Using index condition：查找使用了索引，但是需要回表查询数据。
关于回表这个概念，后面讲索引的时候再说，可以先理解为如果发生了“Using index condition”这种情况，就说明索引的使用是有优化空间的。
![image](/files/86f4adb6-0235-4aca-9c9e-fae78e7b5d5d/file-preview)
type：这条sql的连接的类型，性能由好到差为NULL、system、const、eq_ref、ref、range、index、all。
我们可以通过它来判断这条sql语句编写的好坏，标记常见的有NULL、system、const、eq_ref、ref、range、index、all几个值，但是注意越往左的性能越好，越往右性能越差。",6
java面试八股文MySQL篇.docx,"我们可以通过它来判断这条sql语句编写的好坏，标记常见的有NULL、system、const、eq_ref、ref、range、index、all几个值，但是注意越往左的性能越好，越往右性能越差。
下面介绍一下几个值的含义：
NULL：这条sql语句执行的时候没有使用到表，这个在平时开发中是比较少见的，无需关注；
system：查询系统中的表（这条sql语句查询的表是mysql中内置的表，性能是比较好的，但平时开发中也很少查询mysql字段的表，所以用的不多）；
const：根据主键查询（这个用的比较多，当我们用主键索引查询的时候介绍const，跟如上图所示，它就是根据主键索引查询，它的值就是const）；
eq_ref：主键索引查询或唯一索引查询（主要指的是sql的查询条件是根据主键索引查询，或者是唯一索引查询）；
ref：索引查询（指sql的查询条件是使用索引查询，但是跟eq_ref不太一样，后者是根据主键索引或唯一索引查询，只能返回一条数据，但前者是根据其他的索引查询的，比如在用户表中根据“地域”这个字段查询，“地域”这个字段是有索引的，它查询的很有可能是多条数据）；
range：范围查询（sql执行的时候，走的是索引，但是范围查询）；
index：索引树扫描（这条sql语句走的是全索引查询，会遍历整个索引树来去检索结果，但效率并不高）；
all：全盘查询（效率最低的，并且是全盘扫描数据）。
在我们实际的开发过程中，尽可能使用的是前面的连接类型，最低要求是限制在range这个字段，如果某条sql的连接类型是index或all，那么它就需要优化了。",7
java面试八股文MySQL篇.docx,"在我们实际的开发过程中，尽可能使用的是前面的连接类型，最低要求是限制在range这个字段，如果某条sql的连接类型是index或all，那么它就需要优化了。
总结
面试官：“那这个SQL语句执行很慢，如何分析呢？”
可以采用MySQL自带的分析工具EXPLAIN（其中有四个比较重要的字段需要掌握）：
1、通过key和key_len检查sql是否命中了索引（如果已经添加了索引，还可以判断索引本身存在是否有失效的情况，发现了这个问题就可以通过添加索引或者检查sql的编写就可以修复这个问题了）；
2、通过type字段查看sql是否有进一步的优化空间，是否存在全索引扫描或全盘扫描；
3、通过extra建议判断，sql是否出现了回表的情况，如果出现了，可以尝试添加索引或修改返回字段（返回值）来修复。
模板
面试官：“那这个SQL语句执行很慢，如何分析呢？”
答：“如果一条sql执行很慢的话，我们通常会使用mysql自动的执行计划explain来去查看这条sql的执行情况，比如在这里面可以通过key和key_len检查是否命中了索引，如果本身已经添加了索引，也可以判断索引是否有失效的情况，第二个，可以通过type字段查看sql是否有进一步的优化空间，是否存在全索引扫描或全盘扫描，第三个可以通过extra建议来判断，是否出现了回表的情况，如果出现了，可以尝试添加索引或修改返回字段来修复。”
索引概念及索引底层数据结构
前言
面试官：“了解过索引吗？（什么是索引）”
在实际开发中肯定是用过索引的，没用过也听说过。接下来看一下索引的定义。
概念
索引（index）是帮助MySQL高效获取数据的数据结构（有序）。",8
java面试八股文MySQL篇.docx,"接下来看一下索引的定义。
概念
索引（index）是帮助MySQL高效获取数据的数据结构（有序）。在数据之外，数据库系统还维护着满足特定查找算法的数据结构（B+树），这些数据结构以某种方式引用（指向）数据（mysql本身存储的数据），这样就可以在这些数据结构上实现高级查找算法，这种数据结构就是索引。（高效的原因）
如下图所示，有一张表里面有多条数据，我们要查询age为45的数据，也就是“灭绝”这一条数据，在没有索引的情况下，就是逐条去比对数据，先查看第一条进行比对，看看age是不是45，不是就接着往下比对，直到找到age为45这条数据，找到之后也不会停，还是会接着往下找，把整张表都遍历一遍。
![image](/files/b5ce8b2c-1e0f-417a-93b9-1a103b2f1a29/file-preview)
这个效率肯定是不高的，所以我们可以通过添加索引来提升查找的效率。比如现在里面维护了一个二叉树，当然MySQL的索引并不是这个二叉树，这里只是为了方便理解索引这个概念。
![image](/files/b0771ab6-56f3-4ede-b8ce-8b2ceedc82b8/file-preview)
如图所示，这明显是一棵二叉搜索树，左边小右边大，每个节点存储的就是表中的age，我们会单独去维护这个数据结构，有了它再去查询age为45的数据就方便多了。
首先我们先去找当前这个二叉搜索树的根节点“36”，然后拿“45”跟它比对，因为“45”比较大，所以走右边找到“48”，“45”比“48”小就走左边，这时候就定位到“45”这条数据了。
这个效率就很高了，它对比的次数明显降低了，效率当然就提升了。就索引的好处了，它就是来提升查找效率的。",9
java面试八股文MySQL篇.docx,"这个效率就很高了，它对比的次数明显降低了，效率当然就提升了。就索引的好处了，它就是来提升查找效率的。
总结一下，有两个点：
1、我们需要维护这样（二叉搜索树）的数据结构；
2、有了数据结构之后，在查找数据的时候，可以提升查找效率，减少IO的操作。
索引底层数据结构
前言
面试官可能会接着问：“索引的底层数据结构了解过吗？”
MySQL的索引使用的是B+树，并非上面的二叉树，那么为什么会是B+树呢？我们需要用其他的数据结构进行对比，比如二叉树、红黑树、B树。
数据结构对比
MySQL默认使用的索引底层数据结构是B+树。再聊B+树之前，我们先聊聊二叉树和B树。
![image](/files/7e780ddd-e4b7-49a6-a377-db659cf0ef71/file-preview)
如图所示，有一个二叉搜索树，左边大右边小；还有一个普通的二叉树，但是情况比较特殊（最坏），看一下它们的时间复杂度是多少。
二叉搜索树是相对平衡的，它的时间复杂度是O(logN)，是对数级的；二叉树的时间复杂度相对就比较差了，它退化成了一个链表，它的时间复杂度是O(n)，相对不太稳定，所以MySQL底层并没有使用二叉树。
那么可以直接使用红黑树吗？如下图所示，红黑树的特点是结点是可以保证平衡的，时间复杂度是O(logN)，相对来说就比较稳定。
![image](/files/c002810d-ef7e-428a-926a-657a3fb864b6/file-preview)
但是假如MySQL中有一张数据量比较大的表，比如1000w，因为红黑树也是一棵二叉树，每个节点只能有两个分支（子节点），如果把1000w的数据都存储在红黑树中，就会使这棵树变得特别高。
查找数据的时候依然需要去找许多层级，才能找到想要的数据，所以红黑树的效率也不高。
那么有效率高的树吗？有的，接下来我们介绍一下B树。",10
java面试八股文MySQL篇.docx,"查找数据的时候依然需要去找许多层级，才能找到想要的数据，所以红黑树的效率也不高。
那么有效率高的树吗？有的，接下来我们介绍一下B树。
B-Tree，B树是一种多叉路衡查找树，相对于二叉树，B树每个节点可以有多个分支，即多叉。
![image](/files/71fd5eb0-dd10-4052-8473-b466bd1e965b/file-preview)
如图所示，以一棵最大度数（max-degree）为5（5阶）的b-tree为例，那这个B树每个节点最多存储4个key。
每一个节点最多能有5个子节点（比如根节点就有5个子节点），每个节点最多能存储4个key（比如根节点就存储了4个key），当前的根节点上有4个key：20、30、62、89，它跟之前的二叉树的特点是一样的：左边小右边大，并且每个key都有指针。
什么是指针？图中的灰色部分存储的就是指针，它所指向的是子节点的数据，比如根节点最左边的key是20，它左边的灰色部分所对应的就是20以内的数据，可以看到指向的节点有3个key：10、15、18，这些数据都是比20要小的。
再往右一个指针所对应的就是20到30之间的数据，可以看到指向的节点有3个key：23、25、28，这些数据都是在20到30之间的。
其中每个key也存储了对应的数据，比如刚才说的最左边的key是20，它下面的绿色部分就是20所对应的数据。
总体来说，相对于二叉树，B树是一个矮胖树，因为分支比较多，所以它的查找层级就比较短，效率当然就比较高了。
注意我们当时说MySQL用的是B+树，并非B树，因为B+树比B树更加优秀，接下来分析一下B+树的特点。
B+Tree是在BTree基础上的一种优化，使其更适合实现外存储索引结构，InnoDB存储引擎（MySQL默认的存储引擎）就是用B+Tree实现其索引结构。",11
java面试八股文MySQL篇.docx,"B+Tree是在BTree基础上的一种优化，使其更适合实现外存储索引结构，InnoDB存储引擎（MySQL默认的存储引擎）就是用B+Tree实现其索引结构。
![image](/files/f2820faf-5599-47f1-9386-a1dc7a9dbeeb/file-preview)
如图所示，这不是刚才的B树吗？看着差不多，其实也有不一样的地方。
B+树也是多阶的，这一点跟B树是一样的，不同的点在于：非叶子节点只存储指针，不存储数据。那么在哪里存储数据呢？只有在叶子节点才会真正地存储数据。
上面的非叶子节点的主要作用就是导航找到下面的叶子节点，然后获取数据的，并且可以看到非叶子节点上比如“38”，在叶子节点上也能找到“38”，同样也能找“58”所对应的数据。
B树与B+树对比（相对于B树的特点）：
1、磁盘读写代价B+树更低；
主要指的是非叶子节点不存储任何的数据，只存储指针，相对来说存储的压力很低。
当我们去查找数据的时候，比如查找“12”，如果是B树：首先找到根节点比如“38”和“67”中的“38”，再把“38”的数据给查询出来，因为“12”比“38”小，所以找左边，然后就找到了“16”和“29”，再把“16”和“29”的数据查询出来，最终才能定位到“12”这个数据。
其中在路径上的这些节点是包含数据的，会把数据的加载出来，我们只需要“12”的数据，所以它会额外去加载其他的数据。
但B+树不一样，它只在叶子节点上存储数据，非叶子节点上面存储的是指针，这些指针只是为了方便找到叶子节点中的数据，相当于导航，所以它的效率要高很多，磁盘读写代价更低一些。
2、查询效率B+树更加稳定；
因为B+树所有的数据都存储在叶子节点上，跟B树一样，查找数据的时候都是从根节点上一个一个地往下面对比，最终都要到叶子节点上去获取数据，其实查找路径是差不多的，所以说查询效率比较稳定。",12
java面试八股文MySQL篇.docx,"3、B+树便于扫库和区间查询。
B+树的叶子节点之间是使用双向指针进行连接的，在进行范围查询的时候更加方便，比如要找“6到34之间”的数据，首先去根节点对比一次，然后走左边找到“16”，再走左边找到“6”，由于节点之间有双向指针，所以可以一次性拿到所有的数据，其他数据不需要再次从根节点找一次，效率更高了，所以说B+树更方便扫库和区间查询。
总结
面试官：“了解过索引吗？（什么是索引）”
1、索引（index）是帮助MySQL高效获取数据的数据结构（有序）；
2、提高数据检索的效率，降低数据库的IO成本（不需要全表扫描，因为使用的是B+树，它的查找层级更短，效率当然提升了）；
3、通过索引列对数据进行排序，降低数据排序的成本，降低了CPU的消耗（间接。因为在创建索引的时候就需要进行排序了）。
面试官：“索引的底层数据结构了解过嘛？”
MySQL的InnoDB引擎（默认）采用的B+树的数据结构来存储索引。特点：
1、阶数更多，路径更短（因为是矮胖树，寻找的层级比较短，性能比较高）；
2、磁盘读写代价B+树更低，非叶子节点只存储指针，叶子节点存储数据；
3、B+树便于扫库和区间查询，叶子节点是一个双向链表。
模板
面试官：“了解过索引吗？（什么是索引）”
答：“索引在项目中还是比较常见的，它是帮助MySQL高效获取数据的数据结构，主要是用来提高数据检索的效率，降低数据库的IO成本，同时通过索引列对数据进行排序，降低数据排序的成本，也能降低CPU的消耗。”
面试官：“索引的底层数据结构了解过嘛？”
答：“MySQL的默认的存储引擎是InnoDB采用的B+树的数据结构来存储索引，选择B+树的主要原因是：第一阶数更多，路径更短，第二个磁盘读写代价B+树更低，非叶子节点只存储指针，叶子节点存储数据，第三是B+树便于扫库和区间查询，叶子节点是一个双向链表。",13
java面试八股文MySQL篇.docx,"面试官：“B树和B+树的区别是什么呢？”
答：“第一：在B树中，非叶子节点和叶子节点都会存放数据，而B+树的所有的数据都会出现在叶子节点，在查询的时候，B+树查找效率更加稳定。
第二：在进行范围查询的时候，B+树效率更高，因为B+树都在叶子节点存储，并且叶子节点是一个双向链表。”
聚簇索引和非聚簇索引、回表查询
前言
面试官：“什么是聚簇索引（聚集索引）？什么是非聚簇索引（二级索引）？”
可能还会接着问：“什么是回表（查询）？”
其实回表查询跟聚簇索引和非聚簇索引是有很大的关系的。
![image](/files/ca09b13b-696c-4e3d-80cb-85279ba84e71/file-preview)
聚集索引（Clustered Index）的含义是讲数据存储与索引放到了一块，索引结构的叶子节点保存了行数据（整行的数据），特点是必须有，而且只有一个。
二级索引（Secondary Index）的含义是将数据与索引分开存储，索引结构的叶子节点关联的是对应的主键，特点是可以存在多个。
当然一个表中并不是所有字段都可以当作聚集索引，这里面有许多选取的规则。
聚集索引选取规则：
1、如果（当前的表中）存在主键，主键索引（主键）就是聚集索引；
2、如果不存在主键，将使用第一个唯一（UNIQUE）索引作为聚集索引；
3、如果表没有主键，或没有合适的唯一索引，则InnoDB会自动生成一个rowid作为隐藏的聚集索引。
所以说聚集索引是必须要有的，并且只能有一个。二级索引在表中就能有多个，比如在下图的表中的“name”添加了索引，那么这个“name”就是二级索引，它在B+树中存储的是对应的主键。",14
java面试八股文MySQL篇.docx,"所以说聚集索引是必须要有的，并且只能有一个。二级索引在表中就能有多个，比如在下图的表中的“name”添加了索引，那么这个“name”就是二级索引，它在B+树中存储的是对应的主键。
![image](/files/6c3d9466-9945-4a99-acfe-4ea3bb6ebcd9/file-preview)
但如果是聚集索引的话，比如说是主键，它所存储的是整行数据，下面详细说明一下。
什么是聚簇索引和非聚簇索引？
如图所示，当前这个表是有id的，其实id就是聚集索引。
![image](/files/6c3d9466-9945-4a99-acfe-4ea3bb6ebcd9/file-preview)
在B+树中是如下图所示的数据结构。当前的key所对应的都是表中的主键，注意当前叶子节点中所对应的是整行的记录，所以叶子节点下面会有一个“row”，比如当前的“5”对应的就是id为“5”的一整行的数据。
![image](/files/cf17cc15-746c-4a7e-879e-bb0ccec6b30e/file-preview)
当我们给表中的“name”添加了索引，它的数据结构如下图所示。“Lee”、“Rose”等都是“name”所对应的值，这些值真正存储的地方是叶子节点，这里叶子节点存储的不是一行记录，而是这个数据对应的主键值。
![image](/files/ab223f2a-6752-4bec-b4e1-f42a302717a7/file-preview)
比如当前的“Arm”对应的就是主键“10”的记录，其他的也是一样。
![image](/files/ee855a3b-2887-487b-9bc7-e94f86a4b4a2/file-preview)
这就是在创建索引的时候，它们底层存储的结构。
回表查询
还是以刚才的聚集索引和二级索引为例。",15
java面试八股文MySQL篇.docx,"回表查询
还是以刚才的聚集索引和二级索引为例。现在有一条查询语句：select * from user where name = ‘Arm’;
![image](/files/f357a690-bfde-45f2-82b4-96083b7dba3a/file-preview)
那么这条语句会先走哪个索引呢？因为刚才给“name”字段添加了索引，所以它会走二级索引，会拿“Arm”到根节点“Lee”去比对，而“A”在“L”的左边，就往左边走，然后跟“Geek”比对，而“A”在“G”的左边，最后“A”就定位到了“Arm”。
注意语句里面是“*”，当前的二级索引是不能拿到所有数据的，只能拿到一个主键值“10”，这时候它需要拿着“10”再到聚集索引中找，到根节点的“15”去比对，“10”比“15”小，所以走左边，最后找到了“10”就可以定位当前“10”的数据了，这里叶子节点保存的是整行的数据。
以上的过程就是回表查询，简单来说就是先通过二级索引找到主键值，然后拿主键再到聚集索引中找到整行的数据。
总结
面试官：“什么是聚簇索引？什么是非聚簇索引？”
1、聚簇索引（聚集索引）：数据与索引放到一块，B+树的叶子节点保存了整行数据，有且只有一个（一般都是主键）；
2、非聚簇索引（二级索引）：数据与索引分开存储，B+树的叶子节点保存对应的主键（值），可以有多个。（我们单独给字段创建的索引大部分都是二级索引）
面试官：“知道什么是回表查询吗？”
通过二级索引找到对应的主键值，到聚集索引中查找整行数据，这个过程就是回表，实际面试过程中可能直接问的就是这个问题，我们还是要先去介绍一下什么是聚集索引和二级索引，再解释回表查询。
模板
面试官：“什么是聚簇索引？什么是非聚簇索引？”
答：“聚簇索引主要是数据与索引放到一块，B+树的叶子节点保存了整行数据，有且只有一个，一般情况下主键作为聚簇索引。",16
java面试八股文MySQL篇.docx,"模板
面试官：“什么是聚簇索引？什么是非聚簇索引？”
答：“聚簇索引主要是数据与索引放到一块，B+树的叶子节点保存了整行数据，有且只有一个，一般情况下主键作为聚簇索引。
非聚簇索引指的是数据与使用分开存储，B+树的叶子节点保存对应的主键，可以有多个，一般我们自己定义的索引都是非聚簇索引。”
面试官：“知道什么是回表查询嘛？”
答：“其实跟刚才介绍的聚簇索引和非聚簇索引是有关系的，回表的意思介绍通过二级索引找到对应的主键值，然后再通过主键值找到聚集索引中所对应的整行数据，这个过程就是回表。”
备注：如果面试官直接问回表，则需要先介绍聚簇索引和非聚簇索引。
覆盖索引、超大分页优化
前言
面试官：“知道什么叫覆盖索引嘛？”
首先了解一下覆盖索引的概念。覆盖索引是指查询使用了索引，并且需要返回的列，在该索引中已经全部能够找到。
例如现在有一张表，其中“id”为主键，默认是主键索引（聚集索引），“name”字段为普通索引。
![image](/files/fe23f9b0-1471-4a8a-9b0e-1eeb9acb135c/file-preview)
“gender”和“createdate”是没有索引的，下面分析一下哪些sql是覆盖索引，哪些不是？
![image](/files/1fb99c64-c4cf-4265-bbd7-3bd98cbecefb/file-preview)
第一条sql是覆盖索引，因为它是根据id查询的，id默认是主键索引（聚集索引），对应的就是一整行的记录（数据），虽然查询的是“*”，但是也能一次性从索引中查询所有的数据。
第二条sql是覆盖索引，它的返回值是id和name，这时候走的就是name这个二级索引，可以找到id和name。这个“Arm”本身会添加到索引中，其中二级索引中还包含了id值，所以这两个值一次性都能查询出来。",17
java面试八股文MySQL篇.docx,"这个“Arm”本身会添加到索引中，其中二级索引中还包含了id值，所以这两个值一次性都能查询出来。
第三条sql不是覆盖索引，是非覆盖索引（需要回表查询），它的返回值是id、name和gender，这时候走的也是name这个二级索引，二级索引里面只有id和name，没有gender。
当然关于覆盖索引，还有另外一道面试题：
面试官：“MySQL超大分页怎么处理？”
这很显然是一个优化的面试题，我们要优化分页，其实就可以使用覆盖索引解决。
覆盖索引
覆盖索引是指查询使用了索引，并且需要返回的列，在该索引中已经全部能够找到。
![image](/files/fe23f9b0-1471-4a8a-9b0e-1eeb9acb135c/file-preview)
如图所示，id是主键，主键会创建一个聚集索引。
![image](/files/c6534de3-809e-4640-8285-a4fcc8ca109d/file-preview)
每个节点存储的是id值，叶子节点下面存储对应的整行的记录（数据）。
其中我们也给name创建了索引，属于二级索引，节点里面包含了name字段的值，叶子节点下面包含了对应的主键值。
![image](/files/c2cba7ec-6f88-4c6c-be5d-bbac79132608/file-preview)
我们先看第一条sql，条件显然是id，优先走聚集索引，它会拿“2”跟根节点的“5”进行比对，“2”比“5”小走左边，然后就找到整行的记录了，并不需要额外的再次查询，一次性就能把所有的数据都能够找到，这就是覆盖索引。
接下来看第二条sql，条件是name，走辅助索引（二级索引），拿“Arm”跟“Lee”比对，走左边找到“Arm”，还有“Arm”对应的主键值，注意当前这条语句的返回值是id和name，显然是能够找到的，所以它也是覆盖索引。",18
java面试八股文MySQL篇.docx,"第三条sql的条件是name，还是走辅助索引，找到当前的“Arm”，但是返回值里面不只有id和name，还有一个gender。二级索引里面没有gender，这时候会拿id的值到聚集索引中再次查找，最后找到对应的一行记录，把数据拿到，这里就产生了回表查询了，很显然它不是覆盖索引。
一次性查询的效率肯定是要高的，回表查询相对来说效率就不高了。
MySQL超大分页处理
比如当前某一个表的数据量比较大时，如果进行limit分页查询，在查询时，越往后，分页查询效率越低。
![image](/files/6d5b22d0-a4d1-40b0-9585-0ae1ab90ccef/file-preview)
第一条sql依次查询了前10条的数据，它的查询效率很高。
第二条sql的效率很低，因为当在进行分页查询时，如果执行limit 9000000,10，此时需要MySQL排序前9000010记录，仅仅返回9000000–9000010的记录，其他记录丢弃，查询排序的代价非常大。
接下来用覆盖索引解决。
优化思路：一般分页查询时，通过创建覆盖索引能够比较好地提高性能，可以通过覆盖索引加子查询形式进行优化。
![image](/files/f6e8e9e6-fb43-43e2-9c1c-c00cea6952d9/file-preview)
具体的sql如图所示。从表中查询id的时候先根据id排序，然后再截取9000000–9000010这10条记录，注意根据id排序和返回id的时候走的是覆盖索引，可以在索引中直接找到，这个性能就比较高了。
然后再跟之前的表做关联，做一个等价查询，它的性能就有所提升了。以下是三次测试的结果，不同的页面测试的结果是不一样的。",19
java面试八股文MySQL篇.docx,"然后再跟之前的表做关联，做一个等价查询，它的性能就有所提升了。以下是三次测试的结果，不同的页面测试的结果是不一样的。
![image](/files/a80bce6d-d1a9-4194-9a32-e69f354d639e/file-preview)
相比先前的11s，可以发现性能是明显得到提升的。
总结
面试官：“知道什么叫覆盖索引嘛？”
覆盖索引是指查询使用了索引，返回的列，必须在索引中全部能够找到。
1、使用id查询，直接走聚集索引查询，一次索引扫描，直接返回数据，性能高。
2、如果返回的列中没有创建索引，有可能会触发回表查询，尽量避免使用select *（在平时的开发中）。
面试官：“MySQL超大分页怎么处理？”
首先我们要知道这是什么问题：在（有一张表的）数据量比较大时，limit分页查询，需要对数据进行排序，效率低。
解决方案：覆盖索引+子查询。
当然可以具体说一下使用的方式，比如我们先分页查询获取表中的id，并且对表的id进行排序，就能筛选出我们分页之后的id集合，因为id是覆盖索引，所以我们操作id的时候效率是比较高的，最后再用这个id集合到原来的表中做关联查询，效率就能得到提升了。
模板
面试官：“知道什么叫覆盖索引嘛？”
答：“覆盖索引是指select查询语句使用了索引，返回的列，必须在索引中全部能够找到，如果我们使用id查询，它会直接走聚集索引查询，一次索引扫描，直接返回数据，性能高。
如果按照二级索引查询数据的时候，返回的列中没有创建索引，有可能会触发回表查询，尽量避免使用select *，尽量使返回的列中都包含添加索引的字段。”
面试官：“MySQL超大分页怎么处理？”
答：“超大分页一般都是在数据量比较大时，我们使用了limit分页查询，并且需要对数据进行排序，这个时候效率就很低，我们可以采用覆盖索引和子查询来解决。",20
java面试八股文MySQL篇.docx,"面试官：“MySQL超大分页怎么处理？”
答：“超大分页一般都是在数据量比较大时，我们使用了limit分页查询，并且需要对数据进行排序，这个时候效率就很低，我们可以采用覆盖索引和子查询来解决。
先分页查询数据的id字段，确定了id之后，再用子查询来过滤，只查询这个id列表中的数据就可以了，因为查询id的时候，走的覆盖索引，所以效率可以提升很多。”
索引创建的原则
前言
面试官：“索引创建的原则有哪些？”
在回答的时候，首先陈述自己在实际的工作中是怎么用的，比如我们使用的索引种类有哪些：1、主键索引 2、唯一索引 3、根据业务创建的索引（复合索引）
第三个一般是我们根据业务创建的，它有一些原则，一般说创建索引的原则的时候说的就是它（复合索引）。创建索引的原则比较多，接下来说几个比较重要的。
索引创建原则有哪些？
1、针对于数据量比较大，且查询比较频繁的表建立索引（这个表比较符合创建索引）；
那么数据量要多大呢？参考值：单表超过10万数据（增加用户体验，查询数据的时候更快），数据量更大就更符合添加索引。（这是创建索引的基本条件，真正要创建索引的是字段）
2、针对于（当前表中）常作为查询条件（where）、排序（order by）、分组（group by）操作的字段建立索引；
3、尽量选择区分度高的列作为索引，尽量建立唯一索引，区分度越高，使用索引的效率越高；
![image](/files/914afe72-fa48-413b-a176-63c88f8fb231/file-preview)
什么叫做区分度高？如图所示，这个表中有一列“address”，这里面存储的都是城市，一个城市里面可能有多个商家，那么我们按照城市去查找数据的时候，这个字段的区分度就不高，因为有很多是“北京市”，所以使用索引的效率也不高，这种情况并不是不符合，而是尽量不使用。",21
java面试八股文MySQL篇.docx,"4、如果是字符串类型的字段，字段的长度较长，可以针对于字段的特点，建立前缀索引。
![image](/files/654f6b68-7d07-4ed1-b8c4-5cb1f68fc124/file-preview)
如图所示，里面有一个字段是商品的卖点描述，如果针对当前这个字段去创建索引的话，那么存储的压力就比较大了。如果有这样的字段想要创建索引，那么可以使用前缀索引：截取前面的一部分内容作为索引就可以了。
5、尽量使用联合索引，减少单列索引，查询时，联合索引很多时候可以覆盖索引，节省存储空间，避免回表，提高查询效率。
通过查询一次索引就能一次性把所有数据都拿到，效率当然就提升了。所以一般使用索引的时候，尽量使用联合索引（复合索引）。
如图所示，表中有一个索引“tb_seller_index”，里面包含了三个字段：name、status、address，这就是典型的联合索引。
![image](/files/b6a020b2-2f68-498d-8fcf-6eae89a8f00a/file-preview)
6、要控制索引的数量，索引并不是多多益善，索引越多，维护索引结构的代价就越大，会影响增删改的效率。
假如一个表中的字段都添加了索引，那么增删改的时候都要去维护这些索引，这就得不偿失了。
7、如果索引列不能存储NULL值，请在创建表时使用NOT NULL约束它。当优化器知道每列是否包含NULL值时，它可以更好地确定哪个索引最有效地用于查询。
比如创建表时用NOT NULL约束这个字段就可以了。
总结
面试官：“索引创建原则有哪些？”
有以下七个内容，不用全部都说，要说我们实际开发过程中怎么去使用索引的，然后再说一些注意事项。",22
java面试八股文MySQL篇.docx,"比如创建表时用NOT NULL约束这个字段就可以了。
总结
面试官：“索引创建原则有哪些？”
有以下七个内容，不用全部都说，要说我们实际开发过程中怎么去使用索引的，然后再说一些注意事项。
1、数据量较大，且查询比较频繁的表（重要）；
2、常作为查询条件、排序、分组的字段（重要）；
3、字段内容区分度高；
4、内容较长，使用前缀索引；
5、尽量使用联合索引（重要）；
6、要控制索引的数量（重要）；
7、如果索引不能存储NULL值，请在创建表时使用NOT NULL约束它。
关于这七条，有几条还是必须要说的，第一条是前提，数据量大，并且这个表查询比较频繁；第二条是查询条件上、排序的字段上、分组的字段上我们需要去添加索引；第五条是尽量使用联合索引，因为可以更好地使用覆盖索引，尽量避免回表；第六条是要控制索引的数量，索引数量太多，维护成本比较高，因为增删改都要去维护这些索引的内容。
模板
面试官：“索引创建原则有哪些？”
答：“这个情况有很多，不过都有一个大前提，就是表中的数据要超过10万以上，我们才会创建索引，并且添加索引的字段是查询比较频繁的字段，一般也是像作为查询条件，排序字段或分组的字段这些。
还有就是，我们通常创建索引的时候都是使用复合索引来创建，一条sql的返回值，尽量使用覆盖索引，如果字段的区分度不高的话，我们也会把它放在组合索引后面的字段。
如果某一个字段的内容较长，我们会考虑使用前缀索引来使用，当然并不是所有的字段都要添加索引，这个索引的数量也要控制，因为添加索引也会导致新增改的速度变慢。”
什么情况下索引会失效？
前言
面试官：“什么情况下索引会失效？”
索引失效的情况有很多，可以说一些自己遇到过的，不要张口就说一堆背诵好的面试题（适当的思考一下，回想一下，更真实）。",23
java面试八股文MySQL篇.docx,"什么情况下索引会失效？
前言
面试官：“什么情况下索引会失效？”
索引失效的情况有很多，可以说一些自己遇到过的，不要张口就说一堆背诵好的面试题（适当的思考一下，回想一下，更真实）。
如图所示，给tb_seller表创建了一个联合索引，里面包含了3个字段：name、status、address（字段顺序）。
![image](/files/d1e5c737-a55b-474d-8e6e-1a47492a98da/file-preview)
索引名字是“tb_seller_index”，里面包含了3个字段：name、status、address，注意这三个字段是有顺序的，第一个是name，第二个是status，第三个是address。
接下来就结合这张表说一下索引失效的情况，回想一下以我们当前的知识能不能判断索引失效的情况。
那快读判断索引是否失效了呢？之前讲过一个关键词“执行计划explain”，这个就可以很好地判断出当前使用索引的过程中，这条sql是否失效了。
什么情况下索引会失效？
1、违反最左前缀法则；
![image](/files/d1e5c737-a55b-474d-8e6e-1a47492a98da/file-preview)
如图所示，如果索引了多列（当前的tb_seller_index包含了三个字段，要遵守最左前缀法则（如果使用了联合索引（复合索引）的话）。指的是查询从索引的最左前列开始，并且不跳过索引中的列（跳过的话有可能会导致索引失效）。匹配最左前缀法则，走索引：
先来说一下正例，下面有三条sql。",24
java面试八股文MySQL篇.docx,"指的是查询从索引的最左前列开始，并且不跳过索引中的列（跳过的话有可能会导致索引失效）。匹配最左前缀法则，走索引：
先来说一下正例，下面有三条sql。
![image](/files/3c71d42f-b50e-402e-8d87-ec36f9628595/file-preview)
第一条sql的条件只用到了“name”，但是依然命中了联合索引“tb_seller_index”，长度是303；
第二条sql的条件是“name”和“status”，也命中了联合索引“tb_seller_index”，长度是309；
第三条sql的条件是“name”、“status”和“address”，同样命中了联合索引“tb_seller_index”，长度是612。
可以发现当前这个索引从前面开始查什么没问题，如果从后面开始查呢？也就是直接跳过某一列再去查询呢？这时候它会不会失效呢？这是有可能的。
下面就来说一下索引失效的情况。
违反最左前缀法则，索引失效：
![image](/files/c2fb531a-d378-468e-96da-fbdc5f2b0377/file-preview)
如图所示，有两条sql，第一条sql的条件是“status”和“address”，并没有去查询“name”，但是发现结果key和key_len是没有值的（NULL），这就说明当前索引已经失效了。
第二条sql只查询了“status”，或者只查询了“address”，都会导致索引失效，因为已经跳过了“name”。",25
java面试八股文MySQL篇.docx,"第二条sql只查询了“status”，或者只查询了“address”，都会导致索引失效，因为已经跳过了“name”。
那么如果查询“name”和“address”，只跳过“status”可以吗？如果符合最左法则，但是出现跳跃某一列，只有最左列索引生效：
![image](/files/c4e40f87-00a6-45b9-90b3-78da070858ac/file-preview)
可以发现结果已经命中索引，但是长度是303，跟只查询“name”是一样的，说明当前这条sql只命中了“name”这一个索引，很显然没有命中“address”这个索引。
2、范围查询右边的列，不能使用索引；
![image](/files/4ff6084f-6543-4735-9b45-1658e6820767/file-preview)
如图所示，还是查的tb_seller这张表，第一条sql的条件是“name”、“status”和“address”，命中了索引，长度是612，这是一个没有问题的正例。
第二条sql的条件也是“name”、“status”和“address”，但是注意“status”那里用的是范围查询，最后命中了索引，长度是309，很显然“name”和“status”是能命中索引的，“address”的索引已经失效了。
根据前面的两个字段“name”、“status”查询是走索引的，但是最后一个条件address没有用到索引。
3、不要在索引列上进行运算操作，索引将失效；
![image](/files/fe7f106e-76a4-44c4-807f-c85b19daee29/file-preview)
如图所示，给第一条sql的条件加上了substring()，给“name”这个字段做了一个截取的操作。",26
java面试八股文MySQL篇.docx,"可以发现正常查询sql的内容是没问题的，但是使用了explain就会发现key、key_len是NULL，也就是说索引失效了。
4、字符串不加单引号，造成索引失效（有可能）；
![image](/files/0336b8f9-bd8d-4132-9db2-4179d6ad53df/file-preview)
如图所示。第一条sql是正常操作，还是查的tb_seller这张表，条件是“name”和“status”，其中“status”的“0”用的是单引号连起来的，这个就能命中索引，长度也是309。
第二条sql条件也是“name”和“status”，但是“status”的“0”没有用单引号连起来，这个“status”本身是字符串，现在用数值给它赋值就会导致类型的转换，所以索引就会失效，虽然命中了索引，但是长度只有303，可以分析出来当前只有“name”的索引生效，而“status”的索引已经失效了。
由于在查询时没有对字符串加单引号，MySQL的查询优化器会自动地进行类型转换，造成索引失效（发生任何类型转换都会）。
5、以%开头的Like模糊查询，造成索引失效（有可能）。如果仅仅是尾部模糊匹配，索引不会失效。如果是头部模糊匹配，索引失效。
![image](/files/d2305576-69d1-43da-9a5b-73631ec493d0/file-preview)
如图所示。有三条sql，第一条sql的条件是“name”，用Like模糊查询“黑马程序员”，用%包起来：“%黑马程序员%”；第二条sql的条件也是“name”，用Like模糊查询“黑马程序员”，把%放在前面：“%黑马程序员”。
可以发现前面两条sql都会导致索引失效。第三条sql的条件也是“name”，用Like模糊查询“黑马程序员”，把%放在后面：“黑马程序员%”。",27
java面试八股文MySQL篇.docx,"可以发现前面两条sql都会导致索引失效。第三条sql的条件也是“name”，用Like模糊查询“黑马程序员”，把%放在后面：“黑马程序员%”。这是没有问题的，命中索引，长度也是303，说明当前“name”这个字段已经命中了索引。
简单来说，只有把%放在前面的都会导致索引失效。
总结
面试官：“说明情况下索引会失效？”
1、违反最左前缀法则（前提是使用索引的时候，用到了复合索引或者叫做联合索引，不可以跳过某一列查询，不然会导致索引失效）；
2、范围查询右边的列，不能使用索引；
3、不要在索引列上进行运算操作，索引将失效；
4、字符串不加单引号，造成索引失效；（主要原因：里面会有类型转换，才会导致索引失效）
5、以%开头的Like模糊查询，索引失效。
模板
面试官：“什么情况下索引会失效？”
答：“这个情况比较多，我说一些自己的经验，以前遇到过的。
比如，索引在使用的时候没有遵循最左匹配法则，第二个是模糊查询，如果%号在前面也会导致索引失效。如果在添加索引的字段上进行了运算操作或者类型转换也都会导致索引失效。
我们之前还遇到过一个就是，如果使用了复合索引，中间使用了范围查询，右边的条件索引也会失效。
所以，通常情况下，想要判断出这条sql是否有索引失效的情况，可以使用explain执行计划来分析。”
谈一谈你对sql优化的经验
前言
面试官：“谈一谈你对sql优化的经验。”
这里能说的东西就多了，可以总结为5个方面：
1、表的设计优化；
2、索引优化（可以参考索引创建原则和索引失效，这里不再赘述）；
3、SQL语句优化；
4、主从复制、读写分离；
5、分库分表（涉及到的内容比较多，后面会专门来讲）。
所以现在我们主要讲3个方面：表的设计优化，SQL语句优化，主从复制、读写分离。",28
java面试八股文MySQL篇.docx,"所以现在我们主要讲3个方面：表的设计优化，SQL语句优化，主从复制、读写分离。
谈一谈你对sql优化的经验
1、表的设计优化（参考阿里开发手册《嵩山版》）；
我们可以直接跟面试官说，当时开发的时候主要参考的阿里开发手册《嵩山版》，这里面有很多关于MySQL表设计的一些内容。
可以直接举例，关于类型的选择，需要根据存储的内容选择合适的类型：
1）比如设置合适的数值（tinyintintbigint），要根据实际情况选择；
假如存储的内容是一个数值，要根据内容的长度来选择不同的类型，这样就能节省存储的成本，也能够提升查询的效率。
2）比如设置合适的字符串类型（char和varchar）char定长效率高，varchar可变长度，效率稍低。
字符串类型也是一样的，也需要根据存储的内容的长短来选择。
2、SQL语句优化；
内容比较多，只选择了重要的内容来讲：
1）SELECT语句务必指明字段名称（避免直接使用select *）；
原因之前讲索引的时候说过。如果指明了字段，就有可能使用到覆盖索引；而如果使用select *，就有可能造成回表查询。使用覆盖索引的性能肯定更高。
2）SQL语句要避免造成索引失效的写法（前面讲过5种情况）；
3）尽量用union all 代替union，union会多一次过滤，效率低；
union all和union使用的区别：
![image](/files/d1797a83-d616-4aa5-a12b-eb0c85efba81/file-preview)
如图所示。两条sql用union all或者union进行连接，假如使用的是union all，这时候这两条sql查询出来的结果会合并在一起展示，注意即使有重复的数据也会重复展示；假如使用的是union，它会自动把重复的数据过滤掉，因为union会多一次过滤的操作，所以它的效率就更低。",29
java面试八股文MySQL篇.docx,"在平时的开发中，尽量使用union all 代替union。
4）避免在where子句中对字段进行表达式操作；
前面讲索引失效的时候，提到了substring()，它就有可能会导致某一个字段的索引失效，所以尽量不要在条件上进行表达式操作。
5）Join优化（连接优化）能用innerjoin就不用left join（左连接）和right join（右连接），如必须使用，一定要以小表为驱动，内连接会对两个表进行优化，优先把小表放到外边，把大表放到里边。left join或right join，不会重新调整顺序。
![image](/files/5e4b80d6-381d-4e68-a16f-080916a8e771/file-preview)
如图所示。代码有两个for循环，可以认为外面是一个小循环，相当于一个小表，里面是一个大循环，认为它是一个大表。
在我们执行查询的时候，把小循环放在外面，那么MySQL只需要有3次连接，里面分别去执行1000次操作就可以了。但是如果把大循环放在外面，MySQL会进行1000次连接，然后分别去执行3次操作。
很显然，外层用小循环（小表）更合适一些，因为性能会更好。
那么innerjoin跟left join和right join到底有什么关系？内连接会对两个表进行优化，优先把小表放到外边，把大表放到里边。left join或right join，不会重新调整顺序。
因为在去编写sql的时候，已经确定了两个表的位置了，不会再进行调整了，所以在去使用左连接和右连接的时候，就一定要以小表为驱动，这样性能也会更好。
3、主从复制、读写分离。
如果数据库的使用场景读的操作比较多的时候，为了避免写的操作所造成的性能影响，可以采用读写分离的架构。
读写分离解决的是数据库的写入，影响了查询的效率。",30
java面试八股文MySQL篇.docx,"3、主从复制、读写分离。
如果数据库的使用场景读的操作比较多的时候，为了避免写的操作所造成的性能影响，可以采用读写分离的架构。
读写分离解决的是数据库的写入，影响了查询的效率。
![image](/files/0835981b-e0f6-4f5c-97ca-5e2722abecf7/file-preview)
如图所示。这里有一个应用，它要去连接数据库的中间件，这里面包含了两个数据库：主库Master（负责写数据的）、从库Slave（负责读数据的）。
当有写操作来的时候，首先会找到Master进行写数据，同时Master要把这个数据同步给Slave；当有读操作来的时候，肯定要找Slave，因为目前读写已经分离了，主库负责写操作，从库就负责读操作，那么这样读写就隔离开了，写操作不会影响查询的效率。
通常在项目开发过程中，特别是在生产的环境下，都会设置MySQL的主从复制，然后搭建读写分离的主库和从库。这个也算一个优化的点，可以给面试官进行陈述。
总结
面试官：“谈一谈你对sql优化的经验。”
可以从5个方面去说：
1、表的设计优化，数据类型的选择；
我们优先要说参考的是阿里的开发手册，里面会有MySQL的一些规约，可以举例：数据类型的选择。
2、索引优化，索引创建原则；
参考前面讲的创建索引的原则和索引失效的注意事项。
3、sql语句优化，避免索引失效，避免使用select *；
这里面内容比较多，挑重要的讲，比如避免索引失效的情况，避免使用select *，unino和union all的区别，小表驱动大表等。
4、主从复制、读写分离，不让数据的写入，影响读操作；
主从复制、读写分离的架构，主要作用就是不让数据的写入影响读操作。在生产环境下，我们一般都会搭建主库和从库来分开读操作和写操作。
5、分库分表。",31
java面试八股文MySQL篇.docx,"4、主从复制、读写分离，不让数据的写入，影响读操作；
主从复制、读写分离的架构，主要作用就是不让数据的写入影响读操作。在生产环境下，我们一般都会搭建主库和从库来分开读操作和写操作。
5、分库分表。
分库分表一般是在一张表的数据量特别大的时候，比如超过了500w，这时候就可以考虑分库分表了。关于分库分表的内容，后面会专门来讲。
模板
面试官：“sql的优化的经验。”
答：“这个在项目中还是挺常见的，当然如果直说sql优化的话，我们会从这几方面考虑，比如建表的时候、使用索引、sql语句的编写、主从复制，读写分离，还有一个是如果量比较大的话，可以考虑分库分表。”
面试官：“创建表的时候，你们是如何优化的呢？”
答：“这个我们主要参考的阿里出的那个开发手册《嵩山版》，就比如，在定义字段的时候需要结合字段的内容来选择合适的类型，如果是数值的话，像tinyint、int、bigint这些类型，要根据实际情况选择，如果是字符串类型，也是结合存储的内容来选择char和varchar或者text类型。”
面试官：“那在使用索引的时候，是如何优化的呢？”
答：“【参考索引创建原则进行描述】”
面试官：“你平时对sql语句做了哪些优化呢？”
答：“这个也有很多，比如SELECT语句务必指明字段名称，不要直接使用select *，还有就是要注意SQL语句，避免造成索引失效的写法；如果是聚合查询，尽量用union all代替union，union会多一次过滤，效率比较低；如果是表关联的话，尽量使用innerjoin，不要使用left join right join，如必须使用一定要以小表为驱动。”
MySQL-其他面试题
事务的特性
前言
面试官：“事务的特性是什么？可以详细说一下吗？”
这个问题简单来说就是四个字母“ACID”，解释ACID之前，我们先回顾一下什么是事务。",32
java面试八股文MySQL篇.docx,"MySQL-其他面试题
事务的特性
前言
面试官：“事务的特性是什么？可以详细说一下吗？”
这个问题简单来说就是四个字母“ACID”，解释ACID之前，我们先回顾一下什么是事务。
事务是一组操作的集合，它是一个不可分割的工作单位，事务会把所有的操作作为一个整体一起向系统提交或撤销操作请求，即这些操作要么同时成功，要么同时失败。
![image](/files/b806bf94-5047-4710-bcad-3d86888c806c/file-preview)
例如，张三给李四转账1000块，表中数据显示张三有2000块，李四也有2000块。转账之后，张三要减1000块，李四要加1000块。最终数据显示：张三有1000块，李四有3000块。
其中里面的加钱和减钱的操作，它们就算是一个组合，这个组合要么同时成功，要么同时失败，这个就是事务。
接下来说一下事务的特性ACID。
ACID是什么？可以详细说一下吗？
1、原子性（Atomicity）：事务是不可分割的最小操作单元，要么全部成功，要么全部失败；
2、一致性（Consistency）：事务完成时，必须使所有的数据都保持一致状态；
3、隔离性（Isolation）：数据库系统提供的隔离机制，保证事务在不受外部并发操作影响的独立环境下运行；
4、持久性（Durability）：事务一旦提交或回滚，它对数据库中的数据的改变就是永久的。
![image](/files/7e400e61-d155-455b-8b54-4f670a6bf06a/file-preview)
在说ACID的时候，可以结合一个案例：A向B转账1000块，转账之后，A要扣除1000块，B要增加1000块。",33
java面试八股文MySQL篇.docx,"原子性就体现在要么都成功，要么都失败；在转账过程中数据要一致，A被扣除了1000块，B就必须增加1000块；在转账过程中，隔离性就体现在：A向B转账不能受其他事务的干扰；持久性体现在事务提交之后，要把数据持久化，持久化的意思主要体现在保存在磁盘之中。
总结
面试官：“事务的特性是什么？可以详细说一下吗？”
1、原子性（Atomicity）；
2、一致性（Consistency）；
3、隔离性（Isolution）；
4、持久性（Durability）。
在陈述的时候最好结合案例解释。
模板
面试官：“事务的特性是什么？可以详细说一下吗？”
答：“这个比较清楚，ACID，分别指的是：原子性、一致性、隔离性、持久性；我举个例子：A向B转账500，转账成功，A扣除500元，B增加500元，原子操作体现在要么都成功，要么都失败。
在转账的过程中，数据要一致，A扣除了500，B必须增加500.
在转账的过程中，隔离性体现在A向B转账，不能受其他事务干扰。
在转账的过程中，持久性体现在事务提交后，要把数据持久化（可以说是落盘操作）。”
并发事务问题、隔离级别
前言
面试官：“并发事务带来哪些问题？怎么解决这些问题呢？MySQL的默认隔离级别是？”
当然面试官不可能一下子问这么多问题。
并发事务问题（主要）：脏读、不可重复读、幻读。解决这些问题的方案就是MySQL的隔离级别。
隔离级别：读未提交、读已提交、可重复读、串行化。
面试官问的这些问题都是有关系的，如果我们回答事务带来了什么问题，面试官必然会问这些问题怎么解决，我们回答隔离级别的时候，就有可能会被问到MySQL的默认隔离级别。
并发事务问题
并发事务一共有3种情况：脏读、不可重复读、幻读。",34
java面试八股文MySQL篇.docx,"并发事务问题
并发事务一共有3种情况：脏读、不可重复读、幻读。
![image](/files/7eb87463-e0f9-499c-bdfb-13ed0383d766/file-preview)
脏读：一个事务读到另外一个事务还没有提交的数据；
![image](/files/4e30ff8b-ee47-4f83-be25-ffee8efc5976/file-preview)
比如现在有一个事务A，它要去操作数据库，第一步是开启了一个新的事务，然后查询id为1的数据；第二步是修改了这个id为1的数据。
这时候又来了一个事务B，就有两个事务同时在操作了。
事务B的第一步也去查询了id为1的数据，那么“脏读”就体现在这里：事务A还没有提交数据，事务B就已经可以读到最新修改后的数据。
这个就是脏读，简单来说就是一个事务读到另外一个事务还没有提交的数据。
不可重复读：一个事务先后读取同一条记录，但两次读取的数据不同，称之为不可重复读；
![image](/files/6dc7843e-17e8-4f19-9915-10bca44e347c/file-preview)
比如现在有一个事务A，它要去操作数据库，第一步先去数据库查询了id为1的数据，
这时候有一个事务B，第二步去修改了这个id为1的数据，并且提交了数据。
回到事务A，第三步又去查询了id为1的数据，但是这次查出来的数据跟第一步查询的不一样，这一次查询的是事务B提交之后的数据。
不可重复读就是指：事务A在同一个事务内先后查询两次同一条数据，它们的结果是不一样的。
幻读：一个事务按照条件查询数据时，没有对应的数据行，但是在插入数据时，又发现这行数据已经存在，好像出现了“幻影”。",35
java面试八股文MySQL篇.docx,"幻读：一个事务按照条件查询数据时，没有对应的数据行，但是在插入数据时，又发现这行数据已经存在，好像出现了“幻影”。
![image](/files/90a54ae2-0d3c-4048-8b90-97ff3314d698/file-preview)
比如现在有一个事务A，第一步先去查询数据库中id为1的数据，这时候它读到的结果是没有值。
但是当事务A还没有进行插入操作的时候，这时候来了一个事务B，第一步往数据库中插入了一条数据，正好id为1，并且提交了事务。
回到事务A，第二步进行插入操作的时候就直接报错了：里面已经有一条id为1的数据了。
事务A第三步再去查询一次，依然查询不到这条id为1的数据，这时候就相当于出现“幻影”了。
那么前面讲到不可重复读，事务A是可以读到事务B提交的数据的，现在为什么又读取不到了？
注意我们的前提是已经解决不可重复读的问题了，解决之后的效果就是：在一个事务内查询同一条数据，不管查多少次，都是相同的数据。所以事务A第二次的查询跟第一次的查询结果是一样的，都是没有数据。
知道这个前提之后，第二次查询不到，插入的时候依然会提示存在这个数据，这时候就出现“幻影”了，这就是幻读。
怎么解决并发事务的问题呢？
解决方案就是对事务进行隔离。
![image](/files/875c19ca-0113-4d39-ad58-48676de2a749/file-preview)
这也是我们常说的事务的隔离级别，MySQL一共分了4种：
1、未提交读（Read uncommitted）；
这个级别是不能解决刚才提到的所有问题的，在平时开发中也是不用的。
2、读已提交（Read committed）；
这个级别可以解决“脏读”，但是不能解决“不可重复读”和“幻读”。",36
java面试八股文MySQL篇.docx,"2、读已提交（Read committed）；
这个级别可以解决“脏读”，但是不能解决“不可重复读”和“幻读”。
3、（默认）可重复读（Repeatable Read）；
这个是MySQL的默认隔离级别，也是常见的面试题。它可以解决“脏读”和“不可重复读”，但不能解决“幻读”。
4、串行化（Serializable）；
这个级别是可以解决所有问题的，但是注意它的效率是比较低的。
串行化指的是：一个事务提交之后，其他的事务才能接着去运行，这个几乎放弃了并发事务，在实际的开发中肯定是不会用的。
注意：事务隔离级别越高，数据越安全，但是性能越低。
我们通常情况下，使用的都是默认的隔离级别：可重复读。这是考虑了性能和安全之后的平衡选择。
总结
面试官：“并发事务带来哪些问题？怎么解决这些问题呢？MySQL的默认隔离级别是？”
并发事务的问题：
1、脏读：一个事务读到另外一个事务还没有提交的数据；
2、不可重复读：一个事务先后读取同一条记录，但两次读取的数据不同；
3、幻读：一个事务按照条件查询数据时，没有对应的数据行，但是在插入数据时，又发现这行数据已经存在，好像出现了“幻影”。
隔离级别：
1、未提交读（READ UNCOMMITTED）;
不能解决脏读、不可重复读、幻读。
2、读已提交（READ COMMITTED）；
解决脏读，不能解决不可重复读、幻读。
3、可重复读（REPEATABLE READ）；
解决脏读、不可重复读，不能解决幻读。
4、串行化（SERIALIZABLE）。
解决所有问题，但是性能比较低。
MySQL的默认事务隔离级别是：可重复读。
模板
面试官：“并发事务带来哪些问题？”
答：“我们在项目开发中，多个事务并发进行是经常发生的，并发也是必然的，有可能导致一些问题。",37
java面试八股文MySQL篇.docx,"MySQL的默认事务隔离级别是：可重复读。
模板
面试官：“并发事务带来哪些问题？”
答：“我们在项目开发中，多个事务并发进行是经常发生的，并发也是必然的，有可能导致一些问题。
第一是脏读，当一个事务正在访问数据并且对数据进行了修改，而这种修改还没有提交到数据库中，这时另外一个事务也访问了这个数据，因为这个数据是还没有提交的数据，那么另外一个事务读到的这个数据是‘脏数据’，依据‘脏数据’所做的操作可能是不正确的。
第二是不可重复读：比如在一个事务内多次读同一数据。在这个事务还没有结束时，另一个事务也访问该数据。那么，在第一个事务中的两次读数据之间，由于第二个事务的修改导致第一个事务两次读取的数据可能不太一样。这就发生了在一个事务内两次读到的数据是不一样的情况，因此称为不可重复读。
第三是幻读（Phantom read）：幻读与不可重复读类似。它发生在一个事务（T1）读取了几行数据，接着另一个并发事务（T2）插入了一些数据时。在随后的查询中，第一个事务（T1）就会发现多了一些原本不存在的记录，就好像发生了幻觉一样，所以称为幻读。”
面试官：“怎么解决这些问题呢？MySQL的默认隔离级别是？”
答：“解决方案是对事务进行隔离。
MySQL支持四种隔离级别，分别有：
第一个是，未提交读（read uncommitted）它解决不了刚才提出的所有问题，一般项目中也不用这个。第二个是读已提交（read committed）它能解决脏读的问题，但是解决不了不可重复读和幻读。第三个是可重复读（repeatable read）它能解决脏读和不可重复读，但是解决不了幻读，这个也是mysql默认的隔离级别。第四个是串行化（serializable）它可以解决刚才提出来的所有问题，但是由于是让事务串行执行的，性能比较低。所以，我们一般使用的都是mysql默认的隔离级别：可重复读。",38
java面试八股文MySQL篇.docx,"第四个是串行化（serializable）它可以解决刚才提出来的所有问题，但是由于是让事务串行执行的，性能比较低。所以，我们一般使用的都是mysql默认的隔离级别：可重复读。”
undo log和redo log的区别
前言
面试官：“undo log和redo log的区别？”
这两个都属于MySQL的日志文件，但是它们的功能是不一样的。
并且面试官可能会顺着问：“好的，事务中的隔离性是如何保证的呢？”
隔离性是由两个功能共同完成的：
1、锁：排他锁（如一个事务获取了一数据行的排他锁，其他事务就不能再获取该行的其他锁（含排他锁在内））;
我们平时使用的insert、update、delete都会自动添加这个排他锁，就是为了防止其他事务去修改正在操作的某行数据。
2、mvcc：多版本控制。
在面试过程中，面试官可能还会让你解释一下MVCC。
先来说一下redo log。需要了解一下MySQL的两个概念：
缓冲池（buffer pool）：主内存中的一个区域，里面可以缓存磁盘上经常操作的真实数据，在执行增删改查操作时，先操作缓冲池中的数据（若缓冲池没有数据，则从磁盘加载并缓存），以一定频率刷新到磁盘，从而减少磁盘IO，加快处理速度。
数据页（page）：是InnoDB存储引擎磁盘管理的最小单元，每个页的大小默认为16KB（16KB肯定是存储不了一张表的数据的，表中的数据有可能由多个页组成），页中存储的是行数据。
当我们去做了一些操作如update、delete，提交事务之后，我们操作的是MySQL中的数据，为了提升性能，里面引用了两块区域：内存结构、磁盘结构。
![image](/files/0d719dac-330d-441b-8d36-e1b8acdc728b/file-preview)
其中磁盘的结构主要存储的是数据页，比如某一个表的ibd文件，里面包含了很多数据页。",39
java面试八股文MySQL篇.docx,"当我们操作数据的时候如update、delete，并不会去操作磁盘，首先会去操作内存，就是刚才说的缓冲池。
当一个操作来了之后，先去操作缓冲池，看看里面有没有需要操作的数据，如果没有就会从磁盘中把数据加载到内存中，这时候就会把某一页的数据存储到了缓冲池中。
![image](/files/94e2ccb1-bf8e-4fb7-a20b-78f7344304d1/file-preview)
所以当我们去操作的时候，首先操作的是缓冲池，因为直接操作内存，性能会更高一些。
当我们操作之后，缓冲池就会按照一定的频率，再把数据同步到磁盘中，这时候就可以减少磁盘的IO，加快处理的速度。
但是有可能会出现一些问题，当前已经操作完成的数据在内存中存储的页还没有同步到磁盘中，这个页就称为“脏页”，把这个脏页同步到磁盘中之后，这个数据才算是真正地持久化了。
![image](/files/0ed77a6b-2aaf-4bca-9185-b48818275a0c/file-preview)
但是如果服务器宕机了，同步数据失败之后，内存中的数据有可能会消失，数据就有可能丢失了。
已经操作完成的数据也丢失了，这就违背了事务的特性：持久化。
所以在MySQL中引入了一种日志文件：redo log。
redo log
redo log指的是重做日志，记录的是事务提交时数据页的物理修改，是用来实现事务的持久性。
该日志文件由两部分组成：重做日志缓冲（redo log buffer）以及重做日志文件（redo log file），前者是存储在内存中的，后者在存储在磁盘中。当事务提交之后会把所有修改信息都存到该日志文件中，用于在刷新脏页到磁盘，发生错误时，进行数据恢复使用。",40
java面试八股文MySQL篇.docx,"当事务提交之后会把所有修改信息都存到该日志文件中，用于在刷新脏页到磁盘，发生错误时，进行数据恢复使用。
![image](/files/c7257f17-90e4-4a1f-b7fe-b45d082bfd28/file-preview)
现在加入了redo log之后，数据操作的时候发生了一些变化，当有增删改的时候，缓冲池已经发生了变化，同时Redologbuffer（重做日志缓冲）就会记录这些数据页的变化。
一旦Redologbuffer发生了变化，就会同步把这些数据记录到磁盘文件中，就是Redologfile（重做日志文件）。
此时如果对脏页中的数据进行同步失败了，就会从redo log日志中恢复数据。
这样做会不会更麻烦了，不用行不行？比如当缓冲池中的数据页发生变化之后，就直接把数据进行同步，这样做也是可以的，但是会有严重的性能问题。
因为在我们进行操作的时候，可能会有多条记录，里面包含了大量的update、delete操作，如果我们同步进行刷新，在数据保存到磁盘中的时候都是随机的磁盘IO，这个性能是非常低的。
所以不采用这种同步的方式。如果使用了redo log之后，它在进行数据同步的时候是顺序的磁盘IO。
因为日志文件都是追加的，所以顺序的磁盘IO性能就提升了很多。
![image](/files/e41716a5-771a-4eef-81b1-94048999482b/file-preview)
所以最终使用这种方式进行同步，这种机制也叫WAL（Write-Ahead Logging），意思是先写日志。
当这个脏页数据能够正常同步到磁盘中的时候，这个redo log日志其实就没什么用了，每隔一段时间就会把这个redo log日志进行数据清理。
这个redo log日志文件在磁盘中其实有两份，它们是循环写的。",41
java面试八股文MySQL篇.docx,"这个redo log日志文件在磁盘中其实有两份，它们是循环写的。
简单来说就是，当刷新脏页数据到磁盘时，假如发生了错误，这时候就可以使用redo log来进行数据的恢复，最终就能实现数据的持久性。
undo log
undo log指的是回滚日志，用于记录数据被修改前的信息，作用包含两个：提供回滚和MVCC（多版本并发控制，后面会专门讲）。undo log和redo log记录物理日志不一样，它记录的是逻辑日志。
1、可以认为当delete一条记录时，undo log中会记录一条对应的insert记录，反之亦然；
2、当update一条记录时，它记录一条对应相反的update记录。当执行rollback时，就可以从undo log中的逻辑记录读取到相应的内容并进行回滚。
undo log可以实现事务的一致性和原子性。
解释一下MVCC
MVCC全称是Multi-VersionConcurrencyControl，多版本并发控制。指维护一个数据的多个版本，使得读写操作没有冲突。
![image](/files/8e459599-42fb-4fc9-8341-a6b4cc7a1096/file-preview)
如图所示，现在有4个事务同时对同一张表的同一行记录进行操作，那么事务5的两次“查询id为30的记录”查询的分别是哪个事务版本的记录？
搞清楚这个问题就需要用到MVCC，它最主要的功能就是在多个事务并发的情况下，确定到底要访问哪个版本（不同的隔离级别访问的结果也不一样，后面会讲）。
MVCC的具体实现，主要依赖于数据库记录中的隐式字段、undo log日志、readView。",42
java面试八股文MySQL篇.docx,"MVCC的具体实现，主要依赖于数据库记录中的隐式字段、undo log日志、readView。
MVCC-实现原理
1、记录中的隐藏字段：
![image](/files/c415fa8e-02c9-4c84-8bc8-bfa90eba8ece/file-preview)
现在有一种表，属性是id、age、name，这3个都是我们自定义的字段，其实在内部还隐藏了MySQL提供好的字段：DB_TRX_ID（TRX就是transaction（事务））、DB_ROLL_PTR、DB_ROW_ID。
DB_TRX_ID：最近修改事务ID，记录插入这条记录或最后一次修改该记录的事务ID；
比如新增了一条记录，这个记录默认添加一个事务ID（默认从1开始），当我们去修改这条记录之后，这个事务ID会自动+1，也就是说当前的事务ID是一个自增的数值。
DB_ROLL_PTR：回滚指针，指向这条记录的上一个版本，用于配合undo log，指向上一个版本。
简单来说，就是某一条记录被修改了两次，那么当前的事务ID就是2，这条数据第一次修改的版本指向的是1。
DB_ROW_ID：隐藏主键，如果表结构没有指定主键，将会生成该隐藏字段。
当前的表是有主键的，那么这个字段就没什么意义了。
我们主要关心前面两个字段。
2、undo log：
回滚日志，在insert、update、delete的时候产生的便于数据回滚的日志。
当insert的时候，产生的undo log日志只在回滚时需要，在事务提交后，可被立即删除。
而update、delete的时候，产生的undo log日志不仅在回滚时需要，mvcc版本访问也需要，不会立即被删除。",43
java面试八股文MySQL篇.docx,"而update、delete的时候，产生的undo log日志不仅在回滚时需要，mvcc版本访问也需要，不会立即被删除。
undo log版本链：
![image](/files/708f4ae2-25e2-4ad8-a963-f26a090612ce/file-preview)
这个是undo log比较重要的内容。例如，现在有一张表，同时有4个事务操作了表中同一行记录，它们同时开启了事务。
先来看一下事务2的操作，它开启了事务，修改id为3的记录：age改为3，这时候就在undo log日志文件中记录了一条数据：事务ID为1的旧数据。
![image](/files/bad1bd8d-6952-4c7b-9e20-319e2c3183f9/file-preview)
最新的数据更新了一下：age为3，DB_TRX_ID自增为2，DB_ROLL_PTR为0x00001（指向undo log日志中上一个版本（最近修改的版本）记录的地址）。
这个就是事务2的操作。
接下来看事务3，它开启了事务，修改id为30的记录：name改为A3，同时undo log需要重新修改记录一下之前的旧数据。
![image](/files/ebc16e3e-18c6-4d0b-a6ac-c89e90c4472f/file-preview)
最新的数据更新了一下：name为A3，DB_TRX_ID自增为3，DB_ROLL_PTR为0x00002（指向undo log日志中上一个版本（最近修改的版本）记录的地址）。
接着看事务4，它开启了事务，修改id为30的记录：age改为10，同时undo log需要重新记录一下修改之前的旧数据。",44
java面试八股文MySQL篇.docx,"接着看事务4，它开启了事务，修改id为30的记录：age改为10，同时undo log需要重新记录一下修改之前的旧数据。
![image](/files/f2731442-0d3e-41e7-aa31-6c2f55127142/file-preview)
最新的数据更新了一下：age为10，DB_TRX_ID自增为4，DB_ROLL_PTR为0x00003（指向undo log日志中上一个版本（最近修改的版本）记录的地址）。
也就是说，不同事务或相同事务对同一条记录进行修改，会导致该记录的undolog生成一条记录版本链表，链表的头部是最新的旧记录，链表的尾部是最早的旧记录。
再来看事务5，它开启了事务，不过并没有修改记录，只是有两条查询语句，那么它们该返回什么样的结果呢？这个也不是undo log版本链能够决定的，它只是做一个记录。
具体的判断依据，还需要进一步学习readview。
3、readview：
ReadView（读视图）是快照读SQL执行时MVCC提取数据的依据（提取的就是快照读返回的结果），记录并维护系统当前活跃的事务（未提交的）id。
先来解释一下快照读，其实有两个概念：
1）当前读：
读取的是记录的最新版本。读取时还要保证其他并发事务不能修改当前记录，会对读取的记录进行加锁。对于我们日常的操作，如：select ... lock in share mode（共享锁），select ... for update、update、insert、delete（排他锁）都是一种当前读。
![image](/files/ca17e0bb-7a6e-43b5-b7b2-e6ceffd3501a/file-preview)
比如现在有两个事务，事务A查询两次id为1的数据，在两次查询之间事务B也针对id为1的数据进行修改操作，并且提交了数据。",45
java面试八股文MySQL篇.docx,"如果是当前读，一般都会去加锁，读到的数据都是表中最新的，即使在这里阻塞也要拿到最新的数据。
也就是说，不管是什么隔离级别下，只要当前读加上锁了，我们都会拿到最新的数据。
事务A的第二次查询肯定是能拿到事务B提交之后的最新的数据的。
2）快照读：
简单的select（不加锁）就是快照读，读取的是记录数据的可见版本，有可能是历史数据，不加锁，是非阻塞读。
![image](/files/ca17e0bb-7a6e-43b5-b7b2-e6ceffd3501a/file-preview)
快照读就是简单的select语句，没有加锁，那么事务A第二次查询读到的是什么样的数据？不同的隔离级别，读到的结果都是不一样的。
Read Committed：每次select，都生成一个快照读。
比如RC这个级别，两次查询读到的结果是不一样的，RC是可以读到其他事务提交后的数据的。
Repeatable Read：开启事务后第一个select语句才是快照读的地方。
但是RR就不一样了，它解决了不可重复读的问题，在这个隔离级别下，在同一个事务内查同一条记录，不管查多少次都是相同的结果，目前获得的结果就是快照读。
ReadView中具体维护的事务是这样的：
ReadView中包含了四个核心字段。
1）m_ids：当前活跃的事务ID集合；
因为可能有多个事务还没有提交。
![image](/files/bc4b0710-a937-4973-abcd-c004ef62af9e/file-preview)
如图所示。在事务5第一次查询的时候，这里面一共有3个活跃的事务：事务3、事务4、事务5。因为查询这条记录的时候，事务2已经提交数据了。
2）min_trx_id：最小活跃事务ID；
目前3个事务里面最小的是事务3。",46
java面试八股文MySQL篇.docx,"因为查询这条记录的时候，事务2已经提交数据了。
2）min_trx_id：最小活跃事务ID；
目前3个事务里面最小的是事务3。
3）max_trx_id：预分配事务ID，当前最大事务ID+1（因为事务ID是自增的）；
目前最大的事务ID是5，加1就是6。
4）creator_trx_id：ReadView创建者的事务ID。
目前我们是在事务5查询的，说明是事务5创建的读视图。
那么这些事务ID有什么用呢？其实ReadView为了获取快照读中最准确的数据，它定义了一些数据访问的规则。
版本链数据访问规则：
trx_id：代表当前事务ID（有可能是历史版本的事务ID）。
1）trx_id==creator_trx_id?可以访问该版本；
2）trx_id<min_trx_id?可以访问该版本；
3）trx_id>max_trx_id?不可以访问该版本；
4）min_trx_id<=trx_id<=max_trx_id? 如果trx_id不在m_ids（当前活跃的事务ID集合）中，是可以访问该版本的。
![image](/files/f7e0c41f-dcfc-480d-a1d4-a0bfca7fa68c/file-preview)
比如还是在事务5的第一条查询语句那里创建读视图，这时候活跃的事务ID就是3、4、5，最小的是3，最大的是6（5 + 1），创建者是5。
可以发现第一条规则是成立的，说明数据是当前这个事务（自己）更改的。
接着看第二条规则，也是成立的，目前活跃的事务是3、4、5，比事务3还小的是事务2，说明当前的事务已经提交了，当然也能够被访问。
然后看第三条规则，目前活跃的事务是3、4、5，比事务5还大的是事务6，这个肯定是不能访问的，但是条件是成立的，说明该事务是在ReadView生成后才开启。",47
java面试八股文MySQL篇.docx,"然后看第三条规则，目前活跃的事务是3、4、5，比事务5还大的是事务6，这个肯定是不能访问的，但是条件是成立的，说明该事务是在ReadView生成后才开启。
再来看第四条规则，这个跟第二条一样，说明数据已经提交，已经提交之后的数据肯定是可以被访问的。
其实这些规则不用特意去记住，它们只是获取历史版本时的判断依据。
不同的隔离级别，生成ReadView的时机不同。
READ COMMITTED：在事务中每一次执行快照读（查询）时生成ReadView。
在RC隔离级别下，在事务中每一次执行快照读时生成ReadView。
![image](/files/e6ddae60-71d8-49a4-87a1-54f3110ba4b2/file-preview)
还是在事务5第一条查询语句那里生成读视图，读视图里面包含了4个字段：m_ids、min_trx_id、max_trx_id、creator_trx_id。
根据前面的分析，目前事务2已经提交了，活跃的事务ID就是3、4、5，所以m_ids: [3,4,5]。
最小的事务ID为3，所以min_trx_id:3；最大的事务ID为5，所以max_trx_id:6，因为这是预分配的事务ID（当前活跃的最大事务ID + 1）。
创建该读视图的是事务5，所以creator_trx_id:5。
以上是第一次查询的情况。
接下来看第二次查询，因为目前事务3已经提交了，活跃的事务ID就是4、5，所以m_ids: [4,5]。
最小的事务ID为4，所以min_trx_id:4；最大的事务ID为5，所以max_trx_id:6。
创建该读视图的还是事务5，所以creator_trx_id:5。
这就是RC隔离级别下读视图的生成。
那么有了这个读视图之后，这两条查询语句到底该获得什么样的数据呢？接下来结合前面讲的规则来讲，也需要用到版本链。",48
java面试八股文MySQL篇.docx,"这就是RC隔离级别下读视图的生成。
那么有了这个读视图之后，这两条查询语句到底该获得什么样的数据呢？接下来结合前面讲的规则来讲，也需要用到版本链。
![image](/files/965b3d7b-a981-4077-9156-c39d11dc878d/file-preview)
先看第一个读视图，按照规则套一下当前的条件。
第一次查询出来的记录的事务ID为4，前三条规则完全不成立，第四条规则前面虽然成立，但是注意“如果trx_id不在m_ids（当前活跃的事务ID集合）中，是可以访问该版本的。”
所以第四条也是不成立的，说明不可以访问该版本。
我们再往前翻，找到了一条事务ID为3的旧记录，也去套一下条件。
发现四条规则也是不成立的，再往前翻，找到一条事务ID为2的旧记录，也去套一下条件。
发现第二条规则成立，说明当前这个读视图能够访问的版本是事务2提交之后的数据，这条查询语句拿到的结果就是事务ID为2的旧记录。
![image](/files/4736a55c-85d9-448a-9fee-252e8787c2ac/file-preview)
接下来看第二个读视图，按照规则套一下当前的条件。
第二次查询出来的记录的事务ID还是4，发现四条规则不成立的，再往前翻，找到了一条事务ID为3的旧记录，也去套一下条件。
发现第二条规则成立，说明当前这个读视图能够访问的版本是事务3提交之后的数据，这条查询语句拿到的结果就是事务ID为3的旧记录。
这就是在RC隔离级别下，如何获取历史版本记录的情况。
REPEATABLE READ：仅在事务中第一次执行快照读（查询）时生成ReadView，后续复用该ReadView。
在RR隔离级别下，仅在事务中第一次执行快照读时生成ReadView，后续复用该ReadView。",49
java面试八股文MySQL篇.docx,"在RR隔离级别下，仅在事务中第一次执行快照读时生成ReadView，后续复用该ReadView。
![image](/files/25ded9ca-247d-4c7c-affe-e9a1fe818b09/file-preview)
还是以事务5为例，第一个读视图跟RC级别下是一样的，注意第二个读视图是复用第一个的，两个是一模一样的。
拿到读视图之后，再根据前面说的版本链和规则去套就可以了，就能拿到想要的数据，我们也能判断出这两条查询语句最终访问的是哪个版本，很显然访问的是事务2提交的版本。
这就是在RR隔离级别下，如何访问历史版本的情况。
总结
面试官：“undo log和redo log的区别？”
1、redo log：记录的是数据页的变化，服务宕机可用来同步数据；
2、undo log：记录的是逻辑日志，当事务回滚时，通过逆操作恢复原来的数据；
3、redo log保证了事务的持久性，undo log保证了事务的原子性和一致性。
面试官：“好的，事务中的隔离性是如何保证的呢？（你解释一下MVCC）”
这个问题就是MVCC和锁，重点是MVCC。
MVCC是MySQL中的多版本并发控制。指维护一个数据的多个版本，使得读写操作没有冲突。
主要实现分了三个部分：
1、隐藏字段（每一张表都有）：
1）trx_id（事务id），记录每一次操作的事务id，是自增的；
2）roll_pointer（回滚指针），指向上一个版本的事务版本记录地址。
2、undo log：
1）回滚日志，存储老版本数据；
2）版本链：多个事务并行操作某一行记录，记录不同事务修改数据的版本，通过roll_pointer指针形成一个链表（头部是最新修改的旧记录，尾部是最早修改的旧记录）。
3、readView解决的是一个事务查询选择版本的问题。",50
java面试八股文MySQL篇.docx,"3、readView解决的是一个事务查询选择版本的问题。
1）根据readView的匹配规则和当前的一些事务id判断该访问哪个版本的数据；
2）不同的隔离级别快照读是不一样的，最终的访问的结果不一样。
RC：每一次指向快照读时生成ReadView；
RR：仅在事务中第一次执行快照读时生成ReadView，后续复用。
模板
面试官：“undo log和redo log的区别？”
答：“好的。其中redo log日志记录的是数据页的物理变化，服务宕机可用来同步数据，而undo log不同，它主要记录的是逻辑日志，当事务回滚时，通过逆操作恢复原来的数据，比如我们删除一条数据的时候，就会在undo log日志文件中新增一条delete语句，如果发生回滚就执行逆操作。
redo log保证了事务的持久性，undo log保证了事务的原子性和一致性。”
面试官：“事务中的隔离性是如何保证的呢？（你解释一下MVCC）”
答：“事务的隔离性是由锁和mvcc实现的。
其中mvcc的意思是多版本并发控制。指维护一个数据的多个版本，使得读写操作没有冲突，它的底层实现主要是分了三个部分，第一个是隐藏字段，第二个是undo log日志，第三个是readView读视图。
隐藏字段是指：在mysql中给每个表都设置了隐藏字段，有一个是trx_id（事务id），记录每一次操作的事务id，是自增的；另一个字段是roll_pointer（回滚指针），指向上一个版本的事务版本记录地址。
undo log主要的作用是记录回滚日志，存储老版本数据，在内部会形成一个版本链，在多个事务并行操作某一行记录时，记录不同事务修改数据的版本，通过roll_pointer指针形成一个链表。",51
java面试八股文MySQL篇.docx,"undo log主要的作用是记录回滚日志，存储老版本数据，在内部会形成一个版本链，在多个事务并行操作某一行记录时，记录不同事务修改数据的版本，通过roll_pointer指针形成一个链表。
readView解决的是一个事务查询选择版本的问题，在内部定义了一些匹配规则，和当前的一些事务id判断该访问哪个版本的数据，不同的隔离级别快照读是不一样的，最终的访问的结果不一样。如果是rc隔离级别，每一次执行快照读时生成ReadView，如果是rr隔离级别，仅在事务中第一次执行快照读时生成ReadView，后续复用。”
主从同步原理
前言
面试官：“MySQL主从同步的原理？”
一般问这个问题的时候，要么是我们之前提过主从，要么是在简历上写了主从这件事。
在平时开发中，如果项目已经上线了，MySQL通常情况下都会去搭建主从架构。
![image](/files/18246497-cb49-49cf-930b-55aa779f4d27/file-preview)
一个java应用首先要去连接数据库的中间件，中间件这里至少连接了两个库，一个主库一个从库。主库负责写数据，从库负责读数据，当主库写数据的时候，就需要把数据同步到从库中，面试官问的主要是这个问题：它们是如何进行同步的呢？同步的原理又是什么？
主从同步原理
MySQL主从复制的核心就是二进制日志（文件）。
二进制日志（BINLOG）记录了所有的DDL（数据定义语言，如create、alter、drop）语句和DML（数据操纵语言，如insert、update、delete）语句，但不包括数据查询（SELECT、SHOW）语句。
有了binlog日志文件之后，我们做数据同步的时候就很方便了。",52
java面试八股文MySQL篇.docx,"有了binlog日志文件之后，我们做数据同步的时候就很方便了。
![image](/files/33d6093b-01a3-420f-a663-d8b35308f6ba/file-preview)
如图所示。左边是一个主库，右边是从库，主库负责写数据，从库负责读数据，具体同步流程是这样：
当主库的数据发生了变化，比如是一个写操作insert，把这些变化的数据写入到一个binlog日志文件中，这时候从库有一个IOthread线程专门去主库的binlog日志文件中读取数据，读取完成之后就把它写入到从库的中继日志（Relay log）中。
然后再由从库的一个SQLthread线程去读取这个中继日志文件，把里面的命令再重新执行一下，执行完成之后主库跟从库的数据就保持同步了。
这就是原理，复制分为三步：
1、Master 主库在事务提交时，会把数据变更记录在二进制日志文件Binlog中；
2、从库读取主库的二进制日志文件Binlog，写入到从库的中继日志Relay log；
3、slave重做中继日志中的事件，将改变反应它自己的数据（把数据同步到从库中，就完成了数据的同步）。
总结
面试官：“主从同步的原理？”
首先要强调MySQL主从复制的核心就是二进制日志binlog（记录DDL（数据定义语言）语句和DML（数据操纵语言）语句，不包含数据查询语句）。
有了这个binlog之后，在做数据同步的时候就方便了。
1、主库在事务提交时，会把数据变更记录在二进制日志文件Binlog中；
2、从库读取主库的二进制日志文件Binlog，写入到从库的中继日志Relay log；
3、从库重做中继日志中的事件，将改变反应它自己的数据（把数据写入到自己的数据库中，数据就保持同步了）。",53
java面试八股文MySQL篇.docx,"模板
面试官：“说一下主从同步的原理？”
答：“MySQL主从复制的核心就是二进制日志，二进制日志记录了所有的DDL语句和DML语句。
具体的主从同步过程大概的流程是这样的：
1、Master主库在事务提交时，会把数据变更记录在二进制日志文件Binlog中；
2、从库读取主库的二进制日志文件Binlog，写入到从库的中继日志Relay log；
3、slave重做中继日志中的事件，将改变反映它自己的数据。”
分库分表
前言
面试官：“你们项目用过分库分表吗？”
我们先来说一下什么情况下需要分库分表，再说分库分表具体的方式。
![image](/files/18246497-cb49-49cf-930b-55aa779f4d27/file-preview)
回顾一下主从复制和读写分离，上图就是一个主从的架构，读写是分离的，其中一个主节点Master负责写数据，一个从节点Slave负责读数据。
假如现在有海量的数据需要存储，这个架构就不能解决了，因为现在的主库和从库存储的数据是一样的，主要是分担了访问压力。
让读写分开进行访问是解决不了海量数据存储的问题的，现在就需要分库分表了。
当然不会一上来直接分库分表，还是有一些前提的。
分库分表的时机：
1、前提：项目业务数据逐渐增多，或业务发展比较迅速；
比如我们做了一个产品火了，用户量和数据量都会急剧上升，这时候数据库可能就承受不住了，需要分库分表。
这里有一个参考值，一般在企业中分库分表的时机：单表的数据量达1000W或20G以后，当然每个公司要求都不一样，但数值不会差太多。
2、优化已解决不了性能问题（主从读写分离，查询索引……）；
如果数据量达到了一定的量级，优化是解决不了任何性能问题的。
3、IO瓶颈（磁盘IO、网络IO）、CPU瓶颈（聚合查询、连接数太多）。",54
java面试八股文MySQL篇.docx,"2、优化已解决不了性能问题（主从读写分离，查询索引……）；
如果数据量达到了一定的量级，优化是解决不了任何性能问题的。
3、IO瓶颈（磁盘IO、网络IO）、CPU瓶颈（聚合查询、连接数太多）。
用户量和数据量上来以后，主要会遇到两个瓶颈：
1）IO瓶颈（包含了磁盘IO和网络IO）；
2）CPU瓶颈。
如果一张表的数据太多，在聚合查询的时候会耗费CPU；如果用户太多，连接数也会耗费CPU。
这时候就必须要分库分表了，分库分表包含了很多种情况。
![image](/files/6053b28c-dd1e-4a80-aa60-2f031d6506a2/file-preview)
如图所示。分库分表主要是解决存储压力，本来只有一个库，现在分为多个库进行存储，理论上就可以存储海量数据，并且现在有多个节点，每个节点都可以处理用户的请求，就可以增加用户的连接数。
接下来讲分库分表具体的四个策略。
拆分策略
首先是垂直拆分，包含垂直分库和垂直分表。
还有水平拆分，包含水平分库和水平分表。
![image](/files/6c78dbc9-29f7-488a-9225-ed8916a7e0f2/file-preview)
其中分库的意思就是本来只有一个数据库，现在把它拆分成多个进行存储，分表也是类似的，本来是一张表，现在拆分成多张表进行存储。
垂直和水平是有区别的
垂直拆分
1、垂直分库：
以表为依据。根据业务将不同表拆分到不同库中。
![image](/files/60da2363-e9d8-40bd-aef0-9558d45276f2/file-preview)
比如现在有一个电商的数据库，里面有6张表，前面两张跟用户有关系，中间两张跟订单有关系，最后两张跟商品有关系。",55
java面试八股文MySQL篇.docx,"所以我们就能根据不同的业务将不同的表存储到数据库中，过程是这样：
本来是一个库，现在分成三个库，不同的库中存储的是不同的表，这个表是跟业务有关系的，一般是按照业务进行拆分这个数据库。
这就是典型的垂直分库。
如果我们之前开发过微服务就会知道，每一个微服务都会对应自己的一个数据库。
微服务的架构是这样：
![image](/files/76133795-6c8e-4771-9c74-e6dca9e41992/file-preview)
假如目前有一个网关，里面有三个微服务：用户微服务、订单微服务、商品微服务。用户就对应用户库，订单就对应订单库，商品就对应商品库。
当前垂直分库的特点：
1）按业务对数据分级管理、维护、监控、扩展；
2）在高并发下，提高磁盘IO和数据量连接数。
因为之前只有一个库，用户、订单和商品对应的是同一个库，现在分了三个库，所以就提高了磁盘IO和数据量的连接数。
2、垂直分表：
以字段为依据，根据字段属性将不同字段拆分到不同表中。
![image](/files/734773df-2412-4d3b-84b4-ef92d7efa68d/file-preview)
比如现在有一个数据库，里面有一张表。
那么要怎么拆表呢？拆分规则：
1）把不常用的字段单独放在一张表；
2）把text（大文本）、blob（二进制）等大字段拆分出来放在附表（附件表）中。
当前的表中哪些是大字段、附件表呢？前面的字段都没问题，但是最后一个字段“description”，商品的描述一般内容是比较多的，都是大文本。
前面的字段属于商品的基本描述信息，在查询商品列表的时候是不需要展示商品的描述信息的。
一般都是感兴趣的人才会点进去查看详情。
所以这张表就可以拆分成两张表，一个是基本信息，另一个是详细信息。",56
java面试八股文MySQL篇.docx,"前面的字段属于商品的基本描述信息，在查询商品列表的时候是不需要展示商品的描述信息的。
一般都是感兴趣的人才会点进去查看详情。
所以这张表就可以拆分成两张表，一个是基本信息，另一个是详细信息。
两张表分别存储不同的数据，一个是商品的基本信息，另一个是商品的描述信息，它们是一对一的关系。
注意在实际开发中，可能是在同一个数据库下拆分成多张表，不一定要拆分成多个库进行存储。
垂直分表的特点：
1）冷热数据分离；
以当前表为例，很显然商品的基本信息是热数据，因为经常被查询；商品的描述信息是冷数据，因为只有感兴趣的时候才会点进去查看详情。
2）减少IO过度争抢，两表互不影响。
如果在查询商品列表的时候，把详情也查出来了，里面的内容是比较多的，就会耗费这个磁盘的IO。
所以拆分之后，再去检索商品列表的时候，只需要查看商品的基本信息就可以了。
水平拆分
1、水平分库：
将一个库的数据拆分到多个库中。
![image](/files/46cdbea5-88fd-4426-b635-9d2a997c3071/file-preview)
现在有一个数据库，里面有两张表，一个是订单表，另一个是订单详情表。
假如订单的业务越来越多，订单量越来越大，一个库装不下了，装完之后也可能会影响性能。
这时候就要把它拆分到各个库中进行存储，注意每一个库里面存储的数据是不一样的，所有的库加一起才是这个订单业务的所有数据。
这就有可能出现一些问题，我们现在的java应用都是连接一个库，现在有三个，要如何找到对应的数据进行查询呢？
假如现在有一个java应用，然后去进行查询，其实里面有一些路由的规则，就说两个比较常见的。",57
java面试八股文MySQL篇.docx,"这就有可能出现一些问题，我们现在的java应用都是连接一个库，现在有三个，要如何找到对应的数据进行查询呢？
假如现在有一个java应用，然后去进行查询，其实里面有一些路由的规则，就说两个比较常见的。
路由规则：
1）根据id节点取模；
![image](/files/6d7e197c-d9be-4058-b507-11dc41b654e7/file-preview)
比如现在有三个节点，id是一个自增的值，id % 3就能找到当前节点的某一个库中，然后找到对应的表进行查询。
本来我们存储数据的时候就是这么存的，那么查的时候当然能找到对应的数据库进行查询了。
2）按id也就是范围路由，节点1（1–100万），节点2（100万–200万）；
比如节点1只存储1到100万这个范围的数据，节点2只存储100万到200万这个范围的数据，节点3……
以此类推，这时候我们可以按照id的范围到指定的节点进行查询。
……
水平分库的特点：
1）解决了单库大数量，高并发的性能瓶颈问题；
因为现在有多个库共同存储当前这个业务的数据的，当然就解决了海量数据的存储问题，有多个节点也能解决高并发的问题。
2）提高了系统的稳定性和可用性。
2、水平分表：
将一个表的数据拆分到多个表中（可以在同一个库内）。
![image](/files/f79d6274-15dc-45f7-a1ed-90325a3e3dfc/file-preview)
比如现在数据库中有一张订单表，把表拆分到不同的数据库中，每个库都存储一张订单表。
这跟水平分库有什么区别？注意水平分表是可以在同一个库内分表的，不一定要三个库同时去存储。
既然是水平分表，其实跟垂直分表有类似的问题，现在这三张表共同存储的是我们的全量数据。",58
java面试八股文MySQL篇.docx,"这跟水平分库有什么区别？注意水平分表是可以在同一个库内分表的，不一定要三个库同时去存储。
既然是水平分表，其实跟垂直分表有类似的问题，现在这三张表共同存储的是我们的全量数据。
那么我们在操作数据的时候该找哪张表呢？
![image](/files/acded285-06b0-408a-bc5f-aac1e61309c1/file-preview)
比如现在有一个应用，我们可以按照之前取模的方式来进行查找、存储、删除。
水平分表的特点：
1）优化单一表数据量过大而产生的性能问题；
2）避免IO争抢并减少锁表的几率。
之前只有一张表，如果连接数过多就会造成IO的争抢，那么这时候去增删改还要去锁表，就有可能会造成等待，浪费了性能。
所以分表之后性能就得到了一定的提升，因为分担了访问的压力。
分库分表的策略有哪些
那么讲完分库分表的策略之后，接着说一下我们的技术上的一些变化。
新的问题和技术：
![image](/files/cf4beb75-574e-47f3-93c3-cbae8606d4f7/file-preview)
比如一开始是一个应用连接其中一个库。
![image](/files/f63d01a6-6ba8-424e-88a7-91cd36dd5069/file-preview)
现在是一个应用连接三个库，还要按照取模的方式找到各个数据库进行访问。
![image](/files/4da04bd1-ebd9-41ec-936e-693d263956d6/file-preview)
假如当前这个数据库又做了集群，那么操作起来就又复杂了。
这里面就会产生一系列的问题。
分库之后的问题：
1、分布式事务一致性问题；
因为现在有多个库多个表，假如业务是比较复杂的，要同时操作多个表，并且在不同的库中。",59
java面试八股文MySQL篇.docx,"这里面就会产生一系列的问题。
分库之后的问题：
1、分布式事务一致性问题；
因为现在有多个库多个表，假如业务是比较复杂的，要同时操作多个表，并且在不同的库中。
每个库都会管理自己的事务，假如有一个事务提交失败了，其他事务要正常提交，这时候就会产生事务不一致的问题。
2、跨节点关联查询；
假如我们做了分库分表，现在A库和B库分别存储不同的表，如果不同的表还要进行关联，这时候要怎么操作？
3、跨节点分页、排序函数；
跟第二个问题差不多，要怎么分页呢？就算做了取模，又怎么去分页查询这些数据呢？
4、主键避重。
假如现在做了分库，每个库中都存储的是相同的表，每个库中的表都是自增的，那么综合起来就有可能产生id重复的问题。
那么这些问题该怎么解决？这时候就有新技术出现了。
一般在项目中使用分库分表的话，都会去增加一个中间件（典型的是MyCat）。
![image](/files/cc7683bf-dc63-44ad-929b-05969fde0cae/file-preview)
中间件有很多的技术，目前比较主流的中间件有两个：sharding-sphere、mycat。它们能很好解决刚才提到的所有问题。
所以一般在项目开发过程中，如果项目有了分库分表的需求，就可以使用中间件进行关联，它可以降低我们开发的难度，能很好解决刚才提到的所有问题。
总结
面试官：“你们项目用过分库分表吗？”
要回答这个问题，首先要介绍我们的业务，根据简历上写的项目找到适用的业务，然后说当时达到了什么样的量级。
业务介绍：
1、根据自己简历上的项目，想一个数据量较大业务（请求数多或业务累积大）；
2、达到了什么样的量级（单表1000万或超过20G）
单表超过1000万或20G，这就是一个需要分库分表的信号，可以找到具体的拆分策略，然后根据自己的情况套上。",60
java面试八股文MySQL篇.docx,"具体拆分策略：
1、水平分库，将一个库的数据拆分到多个库中，解决海量数据存储和高并发的问题；
假如真的有海量数据需要存储的话，优先选择水平分库，因为它能真正解决海量数据存储问题。当然里面也会出现其他面试题：路由、有没有使用中间件、中间件使用的是哪一个（mycat还是sharding-sphere）。
2、水平分表，解决单表存储和性能的问题；
这个相对来说在实际开发中用的不多，一般使用水平分库更多一些。当然水平分库分表都需要使用到中间件，解决路由问题和其他分库分表之后出现的问题。
3、垂直分库，根据业务进行拆分，高并发下提高磁盘IO和网络连接数；
这个相对来说用的比较多，假如我们是一个微服务项目，通常情况下都会用到垂直分库，因为它根据业务进行拆分，不同的业务对应不同的微服务，这时候我们的业务就会更细一些。
4、垂直分表，冷热数据分离，多表互不影响。
这个相对来说用的也比较多，因为有一些表的字段是比较大的，把一些业务的基本信息存到表中，把大字段单独拆出来，然后让这两个表进行关联。
模板
面试官：“你们项目中用过MySQL的分库分表吗？”
答：“我们采用微服务架构，每个微服务对应用过数据库，是根据业务进行拆分的，这个其实就是垂直拆分。”
面试官：“那你之前使用过水平分库吗？”
答：“使用过。当时业务发展迅速，某个表数据量超过1000万，单库优化后性能仍然很慢，因此采用了水平分库。我们首先部署了3台服务器和3个数据库，使用mycat进行数据分片。旧数据也按照ID取模规则迁移到了各个数据库中，这样各个数据库可以分摊存储和读取压力，解决了性能问题。”",61
java面试八股文Redis篇.docx,"Redis篇
前言
redis是目前后端开发中最常见的缓存中间件，几乎每个项目都会涉及到redis的使用。面试过的同学都知道，redis在面试过程中占比是比较高的，这篇内容需要大家重点去准备。
使用场景
高频面试问题，更偏向于与实际业务进行关联。
常见的有：
缓存，分布式锁，计数器，保存token，消息队列，延迟队列。其中最常见的就是缓存和分布式锁，这些也是面试常问的。
在缓存中，也会衍生其他的面试题，像缓存的穿透、击穿、雪崩问题，以及它们的解决方案是什么；还有双写一致、（redis）持久化的问题；数据过期策略、数据淘汰策略等等。
在分布式锁中，还会涉及到setnx或者更好的redis框架、redission实现的分布式锁以及底层的实现原理。
其他的相对来说比较少见，不是面试的重点内容。其中计数器的实现可以使用redis的INCR命令，后面几个会涉及到redis中不同的数据类型来去实现。保存token就可以使用普通的String类型来存储，消息队列可以使用List类型，延迟队列可以使用ZSet类型（Sorted Set（有序集合）在Redis中也被称为ZSet（有序集合））。
其他面试题
通常情况下不会跟业务一起问，可能会单独去提问这些问题。
第一个是集群相关的内容，像主从数据的同步、哨兵模式、集群模式以及集群中出现的一些问题。
第二个是redis实现的事务。
第三个是redis为什么这么快。",1
java面试八股文Redis篇.docx,"第一个是集群相关的内容，像主从数据的同步、哨兵模式、集群模式以及集群中出现的一些问题。
第二个是redis实现的事务。
第三个是redis为什么这么快。
![image](/files/8113daed-4a4e-45ba-93d0-707a2106b5d9/file-preview)
![image](/files/94291085-f82e-4840-83db-06971a25cff7/file-preview)
Redis-使用场景
前言
面试官：“我看你做的项目中，都用到了redis，你在最近的项目中哪些场景使用了reids呢？”
在回答这个问题的时候，切记要结合简历上写的业务进行回答，不要随便就编一个。
面试官问这个问题，一是想要验证你项目场景的真实性，二是为了深入发问的切入点。比如你结合你的简历说，我们用过缓存、分布式锁、消息队列或者是延迟队列等等。
当说了这些使用场景的时候，就会有下一个问题在等你。比如你说了缓存，那就会有缓存的三兄弟问题（穿透、击穿、雪崩），双写一致、持久化，数据过期策略、数据淘汰策略等等。
如果你回答了分布式锁，肯定要顺着问分布式锁是怎么实现的，像setnx、redission你都要熟悉。
如果你回答了消息队列、延迟队列，那就是redis的数据类型的选择了，何种数据类型。
缓存
前言
现在假如你回答的是缓存的话，面试官会接着问：“如果发生了缓存穿透、击穿、雪崩，该如何解决？”
一下子就问了三个问题，我们也需要一个一个来回答。
缓存穿透
概念
首先要弄清楚什么是缓存穿透。
例：现在有一个get请求：api/news/getById/1
要根据文章的id查询文章的详情，这是它的请求路径，其中“1”是参数。",2
java面试八股文Redis篇.docx,"缓存穿透
概念
首先要弄清楚什么是缓存穿透。
例：现在有一个get请求：api/news/getById/1
要根据文章的id查询文章的详情，这是它的请求路径，其中“1”是参数。
如果文章的数据已经加入到了缓存，到了redis查询的逻辑是这样：
首先根据id查询文章，先到redis中查询文章是否有数据，如果命中了数据，就直接返回结果就行了。如果说redis查询不到，就会直接去查询数据库，再返回数据，当然在返回之前我们需要把数据库中查到的数据存储到redis，这就是一个正常使用缓存的流程。
那缓存穿透到底是什么意思呢？当查询一个不存在的数据，MySQL中查询不到这个数据也不会直接写入缓存，就会导致每次请求都去查数据库。
那什么会有这种情况呢？通常是有人恶意攻击你的系统，TA知道了你的请求路径，你的参数就是跟在路径上的，这个时候就会疯狂造一些假的id来发起请求，比如id为0或者负数，或者是比较大的值等等。
如果说有人疯狂地冲击了你的数据库，那数据库的并发是不高的，请求到了一定的量就会击垮数据库，导致宕机。
那该怎么解决这个问题呢？有两种方案。
解决方案一：缓存空数据
如果从数据库中查询返回的数据为空，我们仍把这个空结果进行缓存，直接存储到redis。
比如：{key:1,value:null}，查询文章id为1的数据，它是“null”，我们就把这个“null”也进行缓存，这时候就解决了当前缓存穿透的问题了。
大家可以发现这个方案实践起来非常方便，但是如果你有大量的id都是“null”，那缓存的压力还是很大的。还有一个问题，就是有可能发生数据不一致的问题。
比如还是id为1的数据，一开始它的确没有数据，我们也缓存为“null”了，如果后面这个数据真的添加上了，但缓存中还是“null“，就造成了缓存跟数据库不一致的问题。",3
java面试八股文Redis篇.docx,"比如还是id为1的数据，一开始它的确没有数据，我们也缓存为“null”了，如果后面这个数据真的添加上了，但缓存中还是“null“，就造成了缓存跟数据库不一致的问题。
![image](/files/d9af9c01-0f7a-4556-b7f9-39e43f66438f/file-preview)
解决方案二：布隆过滤器
与缓存空数据不同，当要查询文章数据的时候，首先要经过的是布隆过滤器。如果说布隆过滤器存在这个数据，再查询redis；如果说不存在的话，布隆过滤器就会直接拦截，直接返回了，连redis都不走。
当然这里面有关键的前提，就是在做缓存预热的时候，需要把布隆过滤器给初始化了，何意味？
比如我们现在有一批数据是热点数据，我们可以先让它批量地添加到缓存中，那么请求也会优先去走缓存，就在这个添加缓存的同时，我们也要把数据添加到布隆过滤器中。当然这里并不是添加文章所有的数据，待会再详细讲解添加数据到布隆过滤器的逻辑。
布隆过滤器的主要作用就是拦截不存在的数据。接下来介绍布隆过滤器详细的实现。
首先需要知道一个概念“bitmap（位图）“，我们可以看下面的一个数组，数组中存储的都是二进制数0或1，布隆过滤器的主要实现就是依赖于这个bitmap，它利用这个位图来检索元素是否存在一个集合中，这又是何意味？
![image](/files/4d4ba177-6061-429b-ba12-5cce7daf9cbb/file-preview)
比如我们添加一个id为1的数据到这个bitmap中，当存储数据的时候，我们会把这个id为1的数据进行多个哈希计算，拿到这个哈希值之后，就计算每次的哈希值在数组中存储的对应位置，然后就把对应位置的数据由0改为1。
当然这个数组的所有数据一开始初始化的时候都为0。",4
java面试八股文Redis篇.docx,"当然这个数组的所有数据一开始初始化的时候都为0。比如id为1的这个数据经过了三个不同的哈希函数计算之后，得到了下标1、3、7，这三个值就代表了id为1的这个数据。那当我们去查询的时候，就会使用相同的哈希函数来计算这个哈希值，判断一下对应的位置是否都为1。
如果都为1，就证明这个值是存在的；如果有一个不是1，就证明不存在。
位图的好处就是存储的压力比较小，因为只需要存储0和1就可以了。我们在预热数据的时候，就可以把缓存中的所有id经过哈希计算之后存储到这个bitmap中。
假如当有id为空的时候，就可以使用布隆过滤器来过滤那些不存在的请求，当然这里也有可能会存在误判。
那什么叫做误判呢？如下图所示。
![image](/files/367286e8-b1cc-49d8-90ca-2ddadf4c6005/file-preview)
有两个id，一个id为1，一个id为2，它们都经过三次哈希找到了数组中所对应的位置，并且把元素都改为了1。id为1对应的下标是1、3、7，id为2对应的下标是9、12、14。
然后这时候来了一个id为3的数据，但这个数据是不存在的，它也经过了三次哈希，得到的位置是3、9、12，恰巧三个值都是1，那就证明id为3这个数据是存在的，这时候就产生了误判。
那该怎么解决呢？其实误判率是跟数组的大小有关系的，数组越大，误判率就越小；数组越小，误判率就越大。当然数组越大，带来的内存消耗也会更大。
在具体的实现方案中，误判率的大小是可以控制的。布隆过滤器具体的实现方案就有redission或者是guava，它们都提供了对布隆过滤器的具体实现，在我们添加数据的时候，其实可以去设置一个误判率，比如0.05（5%）。",5
java面试八股文Redis篇.docx,"布隆过滤器具体的实现方案就有redission或者是guava，它们都提供了对布隆过滤器的具体实现，在我们添加数据的时候，其实可以去设置一个误判率，比如0.05（5%）。
![image](/files/8c278ab9-fc47-448d-8ced-321df0b4fc60/file-preview)
误判是不可能不存在的，要不然就增加数组长度，增大内存的消耗。一般我们项目中误判率都会设置在5%以内，这是可以接受的，不至于在高并发下压倒数据库。
总结一下，就是说我们在进行缓存预热的时候，需要去往布隆过滤器中添加数据，当发生请求的时候，我们先让它去请求布隆过滤器，来判断一下当前这个id是否存在。如果存在，直接放行；不存在，就直接返回。
有了布隆过滤器之后，好处是占用的内存就比较少了，没有多余的key，但实践起来就相对比较复杂，也可能会存在误判。
![image](/files/15296b74-b14b-4de4-a875-d5f86480dc45/file-preview)
总结
Redis的使用场景有哪些？回答的时候一定要注意，根据自己简历上的业务进行回答，业务要真实才行。通常情况下都是缓存或者是分布式锁，它们都有对应的下一个问题。比如缓存，那就会有穿透、击穿、雪崩，双写一致、持久化，数据过期策略、数据淘汰策略等等。分布式锁就是setnx或者是redission。
什么是缓存穿透？该怎么解决呢？首先缓存穿透是查询一个不存在的数据，MySQL中查询不到这个数据也不会直接写入缓存，每次都直接去请求数据库，有可能会导致数据库的压力增大之后而宕机。解决方案有两个：缓存空数据，比如把“null“也进行缓存，这样就能解决问题；布隆过滤器，在请求之前加一个过滤，先判断一下这个数据是否存在，不存在直接拦截，存在才会让它走redis或者是数据库。",6
java面试八股文Redis篇.docx,"解决方案有两个：缓存空数据，比如把“null“也进行缓存，这样就能解决问题；布隆过滤器，在请求之前加一个过滤，先判断一下这个数据是否存在，不存在直接拦截，存在才会让它走redis或者是数据库。
模板
面试官：“什么是缓存穿透？怎么解决？“
答：“缓存穿透是指查询一个一定不存在的数据，如果从存储层查不到数据则不写入缓存，这将导致这个不存在的数据每次请求都要到DB去查询，可能导致DB挂掉。这种情况大概率是遭到了攻击。
解决方案的话，我们通常会用布隆过滤器来解决它。“
面试官：“好的，你能介绍一下布隆过滤器吗？“
答：“布隆过滤器主要是用于检索一个元素是否在一个集合中。我们当时使用的是redission实现的布隆过滤器。
它的底层主要是先去初始化一个比较大的数组，里面存放着二进制0或1。在一开始都是0，当一个key来了之后经过3次hash计算，模于数组长度找到数据的下标然后把数组中原来的0改为1，这样的话，三个数组的位置就能标明一个key的存在。查找的过程也是一样的。
当然是有缺点的，布隆过滤器有可能会产生一定的误判，我们一般可以设置这个误判率，大概不会超过5%，其实这个误判是必然存在的，要不就得增加数组的长度，其实已经算是很划分了，5%以内的误判率一般的项目也能接受，不至于高并发下压倒数据库。“
缓存击穿
概念
首先我们要搞清楚什么是缓存击穿。缓存击穿的含义就是当某一个热点数据的key设置了过期时间，恰好在过期的这个时间点上有大量的并发请求过来了，这些请求发现redis中没有数据，就直接请求到了数据库，可能就在瞬间把数据库给压垮了。
如下图所示。我们还是根据id查询文章的数据，因为key已经过期了，redis中没有数据，直接走的是数据库。",7
java面试八股文Redis篇.docx,"如下图所示。我们还是根据id查询文章的数据，因为key已经过期了，redis中没有数据，直接走的是数据库。这里有个问题：我们在查询的时候不是把数据同步到redis中了吗，为什么还会压垮这个数据库呢？
![image](/files/cf3f60d4-0a68-42e5-a008-f3e7a5749713/file-preview)
假如在缓存重建的这个过程中，花费了过多的时间，比如50ms。如果这时候有大量的请求过来，数据库是承受不住的。那为什么会花费50ms那么慢呢？
因为有的情况下，我们存入缓存的数据可能是多个表汇总的结果，可能需要分组统计，那这些分组统计会花费更久的时间，即使不是50ms，哪怕是10、20ms，如果在此刻有大量的请求过来，数据库也还是承受不住的。
这种现象就是缓存击穿。那该怎么解决呢？解决方案有两种：添加互斥锁，也就是我们常说的分布式锁；逻辑过期。
下面我们就详细说一下这两种方案具体的实现以及区别。
解决方案一：互斥锁
具体流程大概是这样：比如线程1来了以后，它先去查询了缓存，但是缓存中并没有数据，然后就添加了一个互斥锁，其实就是分布式锁。然后接着查询数据库来进行缓存的重建，拿到数据之后，就把新的数据写入到缓存中，最后把锁释放，这个流程就结束了。
如果同时又来了一个线程2，它也去查询缓存，但是缓存中依然是没有数据的，因为当前线程1还没有重建缓存成功。然后线程2也想要获取锁，但是因为线程1目前已经获取锁正在进行缓存重建，所以线程2就获取锁失败了，然后它就休眠一会儿再重试。
在线程1把数据写入到缓存之前，线程2一直在不断地进行重试。当线程1已经把数据写入到缓存中后，线程2就可以直接从缓存中获取数据了。
由于只能有一个线程获得锁，其他线程就得等待了，性能相对来说是比较低的。这个就是互斥锁解决缓存击穿的方案，可以保证数据的强一致性。",8
java面试八股文Redis篇.docx,"当线程1已经把数据写入到缓存中后，线程2就可以直接从缓存中获取数据了。
由于只能有一个线程获得锁，其他线程就得等待了，性能相对来说是比较低的。这个就是互斥锁解决缓存击穿的方案，可以保证数据的强一致性。
![image](/files/a193cadf-601b-48cc-a8f2-7f3da6a7f796/file-preview)
解决方案二：逻辑过期
流程的逻辑是这样：像热点数据的key在redis中是不设置过期时间的，那怎么判断当前数据是否过期了呢？
我们在存储数据的时候，新增一个过期时间的字段，可以参考下图的存储结构。
![image](/files/3553ee59-72eb-4911-a7fe-180f47cd44d7/file-preview)
key是文章的id为1，后面那些则是缓存的数据。其中id和title是正常的业务数据，我们额外新增了一个字段“expire“，这个就是过期时间的字段了，用它来描述这条数据是否过期。
那这个时间什么时候添加呢？当我们新增这个数据到缓存的时候，就直接维护这个过期时间就行了。
具体的流程是这样：首先现在有线程1去查询了缓存，发现这条数据已经逻辑过期了，它会去拿到当前这个字段来去判断是否过期。
假如目前已经过期了，那线程1会去获取一个互斥锁，为什么要这么做呢？因为目前我们已经知道缓存过期了，接着就需要缓存重建了。在进行缓存重建的时候，只需要有一个线程去重建缓存就可以了，不需要其他线程来参与。
那不是跟互斥锁的逻辑一样吗？还是不太一样的。获取互斥锁后，线程1会新开一个线程2来重建缓存数据。首先还是要去数据库中查询缓存数据，然后把数据写入到缓存，重置逻辑过期时间，最后把锁释放就可以了。在释放锁之前，这个缓存才会真正进行同步。
那么线程1需要等线程2重建缓存成功吗？不需要。",9
java面试八股文Redis篇.docx,"首先还是要去数据库中查询缓存数据，然后把数据写入到缓存，重置逻辑过期时间，最后把锁释放就可以了。在释放锁之前，这个缓存才会真正进行同步。
那么线程1需要等线程2重建缓存成功吗？不需要。线程1直接把数据给返回就可以了，当然数据还是那个过期的数据，并不是缓存重建之后的数据。
假如现在又来了线程3，它也发现数据已经过期了，想去构建这个缓存，所以它也会获取锁，但是获取锁失败了，因为在这个时间段里线程1已经拿到锁了。
不过线程3获取锁失败之后，它也会直接把过期的数据给返回了，它也不需要等待锁。如果等待锁的话，那才是跟互斥锁的逻辑一样了。
假如又又来了线程4，它获取缓存的时间是重建之后的缓存，所以它就可以拿到最新的数据了，这个数据是没有过期的。
这个就是逻辑过期解决缓存击穿的方案，优先保证的是高可用，不管结果是否一致，先返回再说，性能是比较好的。
两种方案都要根据不同的业务进行选择，并不是要分一个高下。比如要保证数据强一致，就可以采用互斥锁，一般是跟钱相关的业务。如果业务更加注重用户的体验，像一些互联网行业，更多的是选择高可用性。
总结
首先我们要知道什么是缓存击穿，缓存击穿就是给某一个热点数据的key设置了过期时间，当key过期的时候，恰好在过期的这个时间点对这个key有大量的并发请求过来，这些并发请求可能会瞬间把数据库给压垮了。
解决方案有两种：互斥锁，它能保证数据的强一致，相对来说性能较差，因为多个请求之间需要相互等待；逻辑过期，它能保证高可用性，性能是比较好的，但不能保证数据的绝对一致。
模板
面试官：“什么是缓存击穿？怎么解决？“
答：“缓存击穿的意思是对于设置了过期时间的Key，缓存在某个时间点过期的时候，恰好这个时间点对这个Key有大量的并发请求过来，这些请求发现缓存过期一般都会从后端DB加载数据并回设到缓存，这个时候大并发的请求可能会瞬间把DB压垮。",10
java面试八股文Redis篇.docx,"解决方案有两种方式：
第一可用使用互斥锁：当缓存失效时，不立即去loaddb，先使用如Redis的setnx去设置一个互斥锁，当操作成功返回时再进行loaddb的操作并回设缓存，否则重试get缓存的方法。
第二种方案可以设置当前Key逻辑过期，大概是思路如下：
在设置Key的时候，设置一个过期时间字段一块存入缓存中，不给当前Key设置过期时间；
当查询的时候，从redis取出数据后判断时间是否过期；
如果过期则开通另外一个线程进行数据同步，当前线程正常返回数据，这个数据不是最新的。
当然两种方案各有利弊：
如果选择数据的强一致性，建议使用分布式锁的方案，性能上可能没那么高，锁需要等，也可能产生死锁的问题。
如果选择Key的逻辑删除，则优先考虑高可用性，性能比较高，但是数据同步这块做不到强一致。”
缓存雪崩
概念&&解决方案
缓存雪崩是指在同一个时段内，有大量的key同时失效或者是redis服务宕机，导致大量的请求到达数据库，给数据库带来了巨大的压力。
第一种情况就是大量的key过期造成的，这也是因为有大量的key设置缓存时采用了相同的过期时间才会导致这个问题。
我们只需要给不同的key设置不同的过期时间就可以了。比如可以在原有的失效时间TTL的基础上增加一个随机值，可以给1~5分钟，这样每一个缓存的过期时间的重复率就会降低，就很难引发集体失效的事件了。
第二种情况就是redis服务宕机造成的问题，服务器直接挂了，这该如何是好？
其实我们可以搭建redis的高可用的集群来预防，比如哨兵模式、集群模式都是可以的。
还有一个解决方案就是在设计这个缓存业务系统的时候，可以添加降级限流的策略，比较常见的限流设置可以在nginx，如果说你是在微服务，可以在spring cloud gateway网关中去设置限流的规则。",11
java面试八股文Redis篇.docx,"最后一个解决方案是可以给业务添加多级缓存，可以预防大量的key过期。比如，我们可以使用Guava或Caffeine，它们可以作为一级缓存，我们使用redis来去作为二级缓存，就可以预防这些雪崩的问题了
![image](/files/6deed54b-3a26-4e55-8c18-0b4e67a11f5f/file-preview)
总结
缓存雪崩是什么意思呢？它是指大量的缓存key在同一时段同时失效，或者是redis服务宕机导致的问题，最终这些请求都会到达数据库，给数据库带来了巨大的访问压力。
解决方案有四个：第一，假如有大量的key同时过期，我们可以给这些key的过期时间TTL添加随机值；第二，如果是redis服务宕机的话，我们可以利用redis集群提高服务的可用性，比如哨兵模式、集群模式；第三，我们可以给缓存业务的系统添加降级限流策略的逻辑；第四，可以给业务添加多级缓存。
其中降级限流的策略可以作为系统的保底策略，适用于缓存的穿透、击穿、雪崩，像这些问题都可以由限流来去作为保底解决。
模板
面试官：“什么是缓存雪崩？怎么解决？”
答：“缓存雪崩意思是设置缓存时采用了相同的过期时间，导致缓存在某一时刻同时失效，请求全部转发到DB，DB瞬间压力过重雪崩。与缓存击穿的区别：雪崩是很多Key，击穿是某一个Key缓存。
解决方案主要是可以将缓存失效时间分散开，比如可以在原有的失效时间基础上增加一个随机值，比如1-5分钟随机，这样每一个缓存的过期时间的重复率就会降低，就很难引发集体失效的事件。”
双写一致
前言
面试官：“redis做为缓存，mysql的数据如何与redis进行同步呢？”
这个问题其实问的就是双写一致性的问题，在回答这个问题的时候，我们一定要设置好前提。",12
java面试八股文Redis篇.docx,"双写一致
前言
面试官：“redis做为缓存，mysql的数据如何与redis进行同步呢？”
这个问题其实问的就是双写一致性的问题，在回答这个问题的时候，我们一定要设置好前提。我们要先介绍自己的业务背景，如果说我们的业务一致性要求比较高，是一种解决方案；如果说我们的业务允许延迟一致，那就是另外一种方案了。
所以在回答这个面试题的时候，要先介绍业务，千万不要上来就直接按照背诵的面试题去回答，很可能就出问题了。
我们就按照这两种不同的业务去讲，一个是一致性要求高的，一个是允许延迟一致的。先来看第一个一致性要高的。
第一种情况：强一致性的业务
前言
首先双写一致性的意思就是当修改了数据库的数据，同时也要更新缓存的数据，也就是说缓存要与数据库的数据保持一致。
我们通常的做法是：当我们去读数据的时候，先查redis，如果redis有数据就直接返回；redis没有数据，再去查询数据库，同时把查询到的结果写入到redis，再返回结果。这个就是读数据的流程。
写数据的流程是：我们采用延迟双删，什么是延迟双删？我们在写数据的时候，先删除缓存，然后修改数据库，延迟一小会儿再删除缓存。
![image](/files/02b65f0b-2365-4820-ba61-a30465197474/file-preview)
解决方案一：延迟双删
那为什么要延迟双删呢？我们一般的业务逻辑只需要删除缓存之后再去修改数据库就行了。你删除了缓存，然后再去修改数据库，这里一共有两次操作。那是先删除缓存呢，还是先去修改数据库呢？其实先操作哪一个都会出问题。
假如我们先删除缓存，再操作数据库。现在有缓存的数据和数据库的数据，我们一开始有两个数值，缓存是10，数据库也是10。",13
java面试八股文Redis篇.docx,"那是先删除缓存呢，还是先去修改数据库呢？其实先操作哪一个都会出问题。
假如我们先删除缓存，再操作数据库。现在有缓存的数据和数据库的数据，我们一开始有两个数值，缓存是10，数据库也是10。
![image](/files/e1a85cb5-7509-4db5-b639-634d5327b0f7/file-preview)
然后有两个线程，我们先来看正常的情况。比如线程1把缓存给删除了，删除之后缓存的数据就没有了，接着去操作数据库，这个时候把10改成20了。
![image](/files/d5132c10-ac8a-4cbc-bbdf-4e9e9cd6a5fd/file-preview)
当线程2来了之后，它一查缓存发现没有了，所以会去查询数据库，把这个20写入到缓存中，这是一种正常的情况，没有出现问题。
![image](/files/8505c3a6-8755-4771-a5f0-38beed470f1a/file-preview)
再看另外一种情况，我们把数据重置为一开始的10。线程1来了后先去删除缓存，但是中间来了个线程2，因为线程之间是交替执行的。当线程1删除完缓存之后，线程2来了，一看没有数据啊，它就去查询数据库了，然后把这个10给读到了，读到之后就写入到缓存中。
![image](/files/240a3e62-a824-425e-9558-330b7e6fc08d/file-preview)
![image](/files/201fb633-9d28-4f77-b335-dc67f48b198c/file-preview)
写入缓存后线程2就执行结束了，这时候回到线程1。因为线程1已经删除缓存了，所以它会直接去更新数据库，但是它把数据变成了20，也就是说更新完成之后，缓存是10，而数据库是20，那这数据就不一致了。",14
java面试八股文Redis篇.docx,"因为线程1已经删除缓存了，所以它会直接去更新数据库，但是它把数据变成了20，也就是说更新完成之后，缓存是10，而数据库是20，那这数据就不一致了。
![image](/files/1908667c-c110-4036-9c22-e16f26e07cf5/file-preview)
所以说当前这种方式有可能会出现脏数据的现象。
下面我们再来看先操作数据库，再删除缓存的情况。这边同样也有两个线程，一开始缓存和数据库的数据也都是10。
![image](/files/3ae964bc-bc7e-4330-a8fa-2916274b7fea/file-preview)
我们先说正常的情况。比如线程2来了后先去更新数据库，更新之后数据是20，然后再去删除缓存就可以了。
![image](/files/0cd7f466-92a0-412f-bb1c-048e6b8073e5/file-preview)
如果现在线程1来了，它直接去查数据，一看缓存里面没有，就会去数据库中查询数据，再把这个数据写入缓存。这是一种正常的情况，没有出现问题。
![image](/files/50b04a7b-1e81-4e3e-b604-2b0b821fc5d1/file-preview)
再来看另外一种情况。我们把缓存和数据库的数据恢复成10，比如先让线程1来操作，但是它在查询缓存的时候，缓存已经过期了，目前缓存中是没有数据的。这时候线程1在缓存中查不到数据，它就会把数据库中的数据查出来，现在数据是10。
但是在线程1还没有把数据同步到缓存之前，线程被切换成线程2了。线程2直接去把数据更新成20，然后去删除了缓存，因为目前缓存中没有数据，其实删除不删除都是一样的，到此线程2执行结束。",15
java面试八股文Redis篇.docx,"但是在线程1还没有把数据同步到缓存之前，线程被切换成线程2了。线程2直接去把数据更新成20，然后去删除了缓存，因为目前缓存中没有数据，其实删除不删除都是一样的，到此线程2执行结束。
![image](/files/ee704da5-e01e-4459-9b68-0eaab1681361/file-preview)
然后我们回到线程1，因为线程1一开始查询的时候缓存中没有数据，并且已经读到了旧的数据10，现在它的第二步操作就是去把当前这个10写入缓存。那这样数据库跟缓存的数据就不一致了。
![image](/files/cc267172-58be-400b-9143-ba166b57bbda/file-preview)
以上两种情况都有可能导致脏数据的出现。我们回到一开始延迟双删的话题上，目前已经解决了第一个问题：先删除缓存还是先修改数据库。其实这两个操作都会出现问题。
接下来看第二个问题：为什么要删除两次缓存？刚刚已经说过了，我们先删除缓存，然后修改数据库肯定是会有脏数据的。
所以我们采用了双删的策略，等数据库修改完成后再删除一次缓存，就是为了降低脏数据的出现。
第三个问题：为什么要延时删除呢？因为一般情况下数据库是主从模式，它是读写分离的，我们需要延时一会儿让主节点把数据同步给从节点。但是这个延时也有可能出现问题，因为延时多少时间不好控制，在延时的过程中，依然有可能会出现脏数据。
综上所述，延迟双删极大地控制了脏数据的风险，但也只是控制了一部分，因为延时的时间不好控制，它也有脏数据的风险，做不到绝对的强一致的。
为什么讲这个延迟双删呢？因为面试官爱问这个问题（doge），所以这个点需要熟悉。
解决方案二：互斥锁
那到底该怎么保持强一致性呢？有其他解决方案吗？我们还可以采用互斥锁的方式，就是在写数据或者读数据的时候，添加一共分布式锁。下图是一个加锁的逻辑。",16
java面试八股文Redis篇.docx,"解决方案二：互斥锁
那到底该怎么保持强一致性呢？有其他解决方案吗？我们还可以采用互斥锁的方式，就是在写数据或者读数据的时候，添加一共分布式锁。下图是一个加锁的逻辑。
![image](/files/1d13095f-5e02-4d6f-83bb-0ff81b091c28/file-preview)
目前只能有一个线程读，操作完成后解锁成功了，才能让其他线程继续读或者写，这个就能绝对保证数据的一致性，但是性能比较低。
我们可以稍微优化一下，在保证绝对一致的前提下，性能也相对比较好。需要强调一下，像这些存入缓存的数据肯定都是读多写少，如果说写多读少，那是不建议把数据写入到缓存中的，直接去操作数据库反而更省事。
![image](/files/25344173-647c-4d9d-ba55-2b847fad2bc8/file-preview)
所以我们可以利用读写锁进行控制。第一个是共享锁，它的特点是加锁之后，其他线程可以继续读数据，但是不能写；第二个锁是排他锁。加锁后会阻塞其他线程的读和写操作。
当读数据的时候，我们添加共享锁，它允许其他线程继续读，但是不允许其他线程有写操作；当写数据的时候，我们添加排他锁，它会阻塞其他线程的读和写的操作。
因为我们目前是读多写少，所以只在写的时候添加一个排他锁，在读的时候不受任何影响，对比刚才的分布式锁，读和写操作都添加了锁，性能就极大地提升了，也能保证数据的强一致性。
可以看一下具体的代码实现：
![image](/files/82b208f9-c652-4f85-acf1-b0427c1cb751/file-preview)
前面是一个读操作，redission已经帮我们提供好了读写锁，我们可以直接去获取一个读写锁，拿到一个读锁，这时候再去操作正常的业务逻辑就可以了，最终把读锁给释放。读锁添加之后，其他线程可以读，但是不能写。",17
java面试八股文Redis篇.docx,"读锁添加之后，其他线程可以读，但是不能写。
![image](/files/41fc0f47-15c9-4911-ac18-abdb6eb9a3d7/file-preview)
然后是写操作，我们也是去获取相同的读写锁，里面的值要保持一致，要不然就不能控制了。拿到一个写锁，其实就是排他锁，当我们去操作这段代码的时候，前面的读操作也是互斥的。
综上所述，使用读写锁的这种方式，它可以保证强一致的数据同步，但是性能肯定是不高的。虽然使用了读写锁，但是在写数据的时候，依然会阻塞其他线程来读数据，所以说这种读写锁的操作比较适合于必须是强一致情况下的业务
第二种情况：允许短暂的不一致的业务
前言
其实在实际开发中，这个才是主流，大部分情况下都是可以稍微延迟的，解决方案有很多，实现起来也比较简单。
解决方案三：异步通知
异步通知保证数据的最终一致性。如下图所示，当我们修改数据写入到mysql以后，就会发一条消息给mq，在我们的缓存服务这一块需要去监听这个mq，最后再去更新这个缓存就可以了。
![image](/files/c3c3f2e7-d0f3-4a01-a80c-6d7598547922/file-preview)
当然消息发出后什么时候接收到消息，什么时候同步缓存，这个肯定是有延迟的，但是它能保证最终的一致性。
它是如何保证的？这取决于mq的可靠性，关于可靠性后面也会讲清楚。
其实除了mq这种方式，我们也可以使用canal进行异步通知，这是阿里出的一个中间件，它主要是基于mysql的主从进行实现同步的。
如下图所示，当有数据修改之后写到了数据库，数据库一旦发生了变化，就会把这个变化记录到一个binlog的日志文件中，比如一些ddl（数据定义语言）语句或者是dml（数据操纵语言）语句，但不包括数据查询（SELECT、SHOW）语句。",18
java面试八股文Redis篇.docx,"![image](/files/3bd5b2ea-eed4-4519-a32e-79fb0b0cef27/file-preview)
它能通过binlog日志文件来获取数据的变化，当有我们需要的表数据发生变化之后，我们就可以在缓存服务那里获取变化后的数据，然后更新到缓存就可以了。
这种方式的好处是：对于业务代码几乎是零侵入的，像之前讲过的那些多多少少都会有代码的侵入，这种方式是没有的。如果是我们的业务是可以接受短暂的延时的话，canal实现的这种方式是一个不错的选择。
其实正常情况下是感受不到延时的，所以说是在大并发情况下，才会出现短暂的不一致的情况
总结
面试官的问题是：redis做为缓存，mysql的数据如何与redis进行同步呢？
我们注意要先去介绍自己简历上涉及到redis缓存的业务，比如我们当时是把文章的热点数据存入到缓存中，虽然是热点数据，但是实时要求性并没有那么高，所以，我们当时采用的是异步的方案同步的数据。
或者说我们当时是把抢券的库存存入到了缓存中，这个需要实时的进行数据同步，为了保证数据的强一致，我们采用的是redission提供的读写锁来保证数据的同步。
回答完上面的，面试官肯定会接着问：“那你来介绍一下异步的方案（你来介绍一下redission读写锁的这种方案）。”
我们先来说一下异步的方案：它属于允许延时一致的业务，主要采用的是异步通知，有两种方式可以完成：
可以使用mq中间件来去完成数据的同步，当mysql的数据有更新之后，我们会发一条消息通知给mq，同时缓存的服务需要去接收这个消息，把数据同步到缓存中，这边需要保证mq的可靠性。
可以使用canal中间件，不需要修改业务代码，它是伪装为mysql的一个从节点，通过读取binlog日志来去更新缓存。",19
java面试八股文Redis篇.docx,"可以使用canal中间件，不需要修改业务代码，它是伪装为mysql的一个从节点，通过读取binlog日志来去更新缓存。
如果回答的是强一致性的，我们可以使用redission提供的读写锁，第一个是共享锁，它加锁之后其他线程是可以共享读操作的；第二个是排他锁，也叫独占锁，它加锁之后阻塞其他线程的读和写操作，用它来保证数据的强一致。
模板
强一致性的业务
面试官：“redis作为缓存，mysql的数据如何与redis进行同步呢？”（双写一致性）
答：“就说我最近做的这个项目吧，里面有xxxx（根据自己简历上写的）的功能，需要让数据库与redis高度保持一致，因为要求时效性比较高，我们当时采用的读写锁保证的强一致性。
我们采用的是redission实现的读写锁，在读的时候添加共享锁，可以保证读读不互斥，读写互斥。当我们更新数据的时候，添加排他锁，它是读写，读读都互斥，这样就能保证在写数据的同时是不会让其他线程读数据的，避免了脏数据。这里面需要注意的是读方法和写方法上需要使用同一把锁才行。”
面试官：“那这个排他锁是如何保证读写、读读互斥的呢？”
答：“其实排他锁底层使用也是setnx，保证了同时只能有一个线程操作锁住的方法。”
面试官：“你听说过延时双删吗？为什么不用它？”
答：“延迟双删，如果是写操作，我们先把缓存中的数据删除，然后更新数据库，最后再延时删除缓存中的数据，其中这个延时有多久不太好确定，在延时的过程中可能会出现脏数据，并不能保证强一致性，所以没有采用它。”
允许短暂的不一致/最终一致性的业务
面试官：“redis作为缓存，mysql的数据如何与redis进行同步呢？”（双写一致性）
答：“就说我最近做的这个项目吧，里面有xxxx（根据自己简历上写的）的功能，数据同步可以有一定的延时（符合大部分业务）。",20
java面试八股文Redis篇.docx,"我们当时采用阿里的canal组件实现数据同步：不需要修改业务代码，部署一个canal服务。canal服务把自己伪装为mysql的一个从节点，当mysql数据更新以后，canal会读取binlog数据，然后在通过canal的客户端获取到数据，更新缓存即可。”
持久化
前言
这个在面试过程中问的也是比较多的。
面试官：“redis做为缓存，数据的持久化是怎么做的？”
我们在介绍redis持久化的时候，可以先说一下redis持久化的方式。Redis持久化有两种方式：1、RDB；2、AOF；
当然这么回答太过简单，我们还需要进一步进行说明。
第一种方式：RDB
先说RDB。RDB全称Redis Database Backup file（Rediss数据备份文件），也被叫做Redis数据快照。简单来说就是把内存中的所有数据都记录到磁盘中。当Redis实例故障重启后，从磁盘读取快照文件，恢复数据（把数据恢复到内存中）。
基本操作是这样：首先我们可以使用redis的客户端执行命令，有两个命令：一个是save；一个是bgsave。这两个命令都可以手动来执行RDB文件的生成。
![image](/files/09b70eb0-1f0b-4d23-8193-9deff37e8c14/file-preview)
这两个命令是不一样的。save是用主线程来执行RDB，bgsave是用子进程来执行RDB。如果说我们使用的是主进程的话，假如你的文件比较大，它会阻塞其他线程的命令。
所以一般在项目中使用的话，建议使用bgsave来执行RDB，它不会让其他命令受影响。当然这种命令方式都是人工的主动备份。
redis也提供了更方便的方式，无需人工操作，只需要触发了条件的就可以自动去执行RDB，并且是由子进程去执行的。",21
java面试八股文Redis篇.docx,"当然这种命令方式都是人工的主动备份。
redis也提供了更方便的方式，无需人工操作，只需要触发了条件的就可以自动去执行RDB，并且是由子进程去执行的。
其中在redis的配置文件中，有一个redis.config文件，这里面有三个默认的配置，格式如下：
save 900 1 #900秒内，如果至少有1个key被修改，则执行bgsave
save 300 10
save 60 10000
我们可以根据自己的需要进行适当的设置，这些都属于最简单的操作和配置本。在面试过程中可能会问其他问题，比如RDB的执行原理是什么？
![image](/files/321bc00e-4013-482e-a2bd-52034d034d1e/file-preview)
RDB的执行原理
bgsave开始时会fork主进程得到子进程，子进程共享主进程的内存数据。完成fork后读取内存数据并写入RDB文件。
刚才我们说当执行bgsave的时候，就是开了一个子进程，也就是一个新的进程来去执行这个RDB文件的操作。它是一个异步的、对主进程几乎是没有阻塞的，但是在开启新进程的时候会产生阻塞，这些阻塞是纳秒级的，可以忽略不计。
我们先来分析一下为什么不受影响，如下图所示。
![image](/files/f995e7f6-be8f-4df2-9f23-8edbd8cce81f/file-preview)
首先这里有一个物理内存，可以理解为计算机里面的内存条，这里面有一个redis的主进程，它要去实现对redis数据的读写操作，肯定是在内存中操作的。
但是在linux系统当中，所有的进程都没有办法直接操作物理内存，它是由操作系统给每一个进程分配了一个虚拟内存，主进程只能操作虚拟内存，操作系统会维护一个虚拟内存和物理内存之间的映射关系表，这个表称为“页表”。
页表主要记录的是虚拟地址与物理地址的映射关系。",22
java面试八股文Redis篇.docx,"页表主要记录的是虚拟地址与物理地址的映射关系。那么这时候主进程去操作虚拟内存，而虚拟内存基于页表的映射，关联到物理内存真正的存储数据的位置，这样就能实现对物理内存数据的读和写操作了。
知道页表的作用后，现在我们重点来看一下主进程与子进程是如何同步数据的。
首先当我们去执行bgsave的时候，它会开一个子进程去执行RDB，其实在内部它会去fork一个子进程，相当于克隆一个子进程，注意这里是“进程”不是“线程”。
当我们有了这个子进程后，它并不是针对物理内存里面的数据做拷贝，仅仅是把页表数据进行拷贝，也就是说把映射关系拷贝给了子进程，那么这时候子进程就有跟主进程相同的映射关系了。
那子进程在操作自己的虚拟内存时，由于映射关系跟主进程是一样的，最终一定能够映射到相同的物理内存区域。
这样就实现了子进程与主进程内存空间的共享了，我们就无需拷贝内存中的数据了，直接实现内存共享，这个速度是非常快的，阻塞的时间就尽可能的缩短了，因为只需要拷贝页表数据就可以了，这个过程的时间是纳秒级的，可以忽略不计。
子进程拿到页表之后，它已经可以读到物理内存中的数据了，然后它就可以把读到的数据写入到磁盘中，写了一个新的RDB文件，写完以后会替换旧的RDB文件。
到了这里，我们的异步持久化就完成了。但是要注意，子进程在写RDB文件的过程中，主进程是可以接受用户的请求，来去修改内存中的数据的。
如果说主进程同时在修改数据，而子进程同时在读和写，有可能会有冲突，甚至都有可能会出现一些脏数据。
为了避免这个问题的发生，在fork底层会采用一种copy-on-write技术。当主线程要去写的时候，就去做一次拷贝，现在的内存是没有拷贝的，是共享的，也就是说主进程和子进程都可以操作这里面的数据。",23
java面试八股文Redis篇.docx,"为了避免这个问题的发生，在fork底层会采用一种copy-on-write技术。当主线程要去写的时候，就去做一次拷贝，现在的内存是没有拷贝的，是共享的，也就是说主进程和子进程都可以操作这里面的数据。
我们在fork的时候，会把共享的这个内存标记为read-only，它是一个只读模式，任何一个进程只能来读出去，而不能写，假设用户真的接受了写的请求，那主进程必须完整地拷贝一份数据出来，然后再去完成它的写操作。
当然一旦完成拷贝之后，我们主进程再去读操作的时候，也会往这边去读了，页表的映射关系也会映射到新的数据来。
这个就是copy-on-write，它每次只要有写都可以拷贝，这样的话就避免脏写的问题了。
以上就是RDB使用bgsave命令执行的原理。
第二种方式：AOF
AOF全称是Append Only File（追加文件）。redis处理的每一个写命令都会记录在AOF文件，可以看作是命令日志文件，如下图所示。
![image](/files/bbe5c745-cced-4913-b5e5-c0680a939605/file-preview)
比如我们设置了一个set命令：set num 123，我们去操作redis，redis就会写入到一个文件中，这个文件就是AOF，它会把这个命令原封不动地记录到当前这个日志文件中，它会记住所有的redis中执行的写命令。
但是要注意，AOF默认是关闭的，我们需要通过配置把它开启。
在redis.config文件中，有一项配置叫做appendonly，默认是no，需要改成yes，证明当前已经开启了AOF功能。还有一项配置可以指定当前AOF文件的名称。
当我们开启AOF功能，同样我们也可以配置记录的频率。在redis中有三种记录的频率，也叫做“刷盘策略”：
第一个是Always，它是同步刷盘，可靠性比较高，几乎不丢数据，但是性能比较差。",24
java面试八股文Redis篇.docx,"当我们开启AOF功能，同样我们也可以配置记录的频率。在redis中有三种记录的频率，也叫做“刷盘策略”：
第一个是Always，它是同步刷盘，可靠性比较高，几乎不丢数据，但是性能比较差。这种方式会立即记录每次执行的写命令；第二个是everysec，就是每秒刷一次盘，性能适中，最多丢失1秒数据；最后一个是no，它由操作系统控制，由操作系统决定何时将缓冲区的数据写到磁盘，性能比较好，但是有可能会丢失大量的数据。
![image](/files/2a8b419b-591f-41b6-a2c6-e052251ff1cf/file-preview)
一般在项目中，我们都会采用everysec，最多丢失1秒的数据，相对来说，这种数据丢的是最少的，风险也是最低的，性能也还好。
以上就是AOF最基本的配置了。但是它也有缺点：因为它需要去记录命令，那么AOF文件要比RDB文件大得多，假如有一个key是进行了多次写操作，它也会记录多次，其实只有最后一次写操作才有意义。
比如我们设置了一个set number 123，还有set name jack，最后是set num 666。这里面同时对num进行了两次操作，正常记录的话两次都会记录，但是在redis中还有一个命令叫“bgrewriteaof”，它可以针对当前的文件进行重写，重写之后就可以使用最少的命令达到相同的效果。
上面的三条命令重写之后就是：msetname jack num 666，它只会去留下最后一次操作，这样就极大地节省了当前命令的行数。同时我们也可以通过配置这个设置来去自动触发这个阈值。
阈值也可以在redis.conf中配置：第一个可以配置当前的百分比，表示当前这个文件比上次文件增长超过百分之多少，就会触发这个重写，比如100，之前是1mb，现在是2mb，增长超过百分之百，就会触发这个重写。",25
java面试八股文Redis篇.docx,"第二个可以设置体积，比如64mb，超过64mb就会进行触发重写。
![image](/files/b791da0c-4c99-44bf-b54e-43cbab37b7ae/file-preview)
我们可以通过这两项配置去增加重写的次数。
以上就是AOF方式的特点。
总结
RDB、AOF两种方式都有自己的优缺点。其中如果说从持久化方式来说的话，RDB是定时针对整个内存做快照；AOF是记录每一次执行的命令。
从数据完整性来说，肯定是AOF相对更完整，这个也取决于刷盘策略，我们可以设置为每秒去刷盘一次；RDB相对来说就不完整，因为两次备份之间有可能丢数据，比如说设置为60秒去备份一次，60秒中间如果redis宕机了，有可能会丢掉大量的数据。
文件大小，AOF肯定比较大，因为记录的是命令，所以体积会更大；RDB是二进制文件，有经过压缩，所以体积是比较小的。
宕机的恢复速度，RDB因为文件小，所以恢复得快；AOF文件大恢复得慢。
数据恢复的优先级，RDB优先级比较低，因为它的数据不如AOF，毕竟这取决于当前数据的完整性；AOF数据的完整性更好，所以说它的优先级会更高一些。
系统资源的占用，其中RDB是比较高的，它在执行写操作的时候，会大量地占用CPU和内存的消耗；但AOF不存在这种情况，它主要占用的是磁盘的IO资源，因为它要不断地去写。但是当宕机恢复数据的时候，它也会去占用大量的CPU和内存资源的用量，毕竟它的文件是比较大的，当然这样它的速度就会慢。
使用场景，假如我们的业务可以容忍数分钟的数据丢失，我们就可以使用RDB；假如对数据安全性要求比较高，建议使用AOF。
当然面试官可能会接着问我们在项目中是怎么用的。如果说我们对数据安全性比较高的话，在实际开发过程中，通常情况下都会结合两者来去使用，也就是两个都要开启。",26
java面试八股文Redis篇.docx,"当然面试官可能会接着问我们在项目中是怎么用的。如果说我们对数据安全性比较高的话，在实际开发过程中，通常情况下都会结合两者来去使用，也就是两个都要开启。
模板
面试官：“redis作为缓存，数据的持久化是怎么做的？”
答：“在Redis中提供了两种数据持久化的方式：1、RDB 2、AOF。”
面试官：“这两种持久化的方式有什么区别呢？”
答：“RDB是一个快照文件，它是把redis内存存储的数据写到磁盘上，当redis实例宕机恢复数据的时候，方便从RDB的快照文件中恢复数据。
AOF的含义是追加文件，当redis操作写命令的时候，都会存储在这个文件中，当redis实例宕机恢复数据的时候，会从这个文件中再次执行一遍命令来恢复数据。”
面试官：“这两种方式，哪种恢复的比较快？”
答：“RDB因为是二进制文件，在保存的时候体积也是比较小的，它恢复得比较快，但是它有可能会丢数据，我们通常在项目中也会使用AOF来恢复数据，虽然AOF恢复的速度慢一些，但是它丢数据的风险要小很多，在AOF文件中可以设置刷盘策略，我们当时设置的就是每秒批量写入一次命令。”
数据过期策略
前言
面试官：“假如redis的key过期之后，它会立即删除吗？”
这个问题很明显就是在问数据的过期策略，那什么是数据过期策略呢？
首先redis对数据设置数据的有效时间（过期时间），比如我们设置了一个key是name，value是heima，过期时间是10秒：set nameheima10。那过了10秒（数据过期）以后，就需要把这个key（数据）从内存中清理删除掉，我们在删除数据的时候就可以按照不同的规则进行删除，这些删除的规则就是数据的删除策略，也称为数据的过期策略。
在redis中提供了两种数据的过期策略：第一个是惰性删除；第二个是定期删除。",27
java面试八股文Redis篇.docx,"在redis中提供了两种数据的过期策略：第一个是惰性删除；第二个是定期删除。
惰性删除
当我们设置了key的过期时间之后，我们不用去管它，当需要这个key的时候，就是访问它的时候，我们再去检查它是否过期。如果过期，我们就直接删除它，没过期就直接返回这个key（数据）。
例如：set namezhangsan10、get name //发现name过期了，直接删除key
可以看到这个name的过期时间是10秒，当我们去get name的时候会去判断当前这个name是否过期，假如过期了，直接把它删除就可以了。这就是惰性删除的特点。
惰性删除的优点是对CPU比较友好，只会在使用这个key的时候才会进行过期的检查，对于很多用不到的key变化浪费时间进行过期检查；缺点就是对内存不太友好，如果说一个key已经过期，但是一直没有使用，那么这个key会一直存在内存中，内存永远不会被释放。
假如有大量的key过期了，都没人访问，也不会删除，那么对于内存来说就比较浪费了。
![image](/files/b42ec3b3-a508-46bf-bc0a-9e9be9b9ea96/file-preview)
定期删除
每隔一段时间，我们就会对一些key进行检查，然后删除过期的key就可以了（注意每次检查都是检查一定量的key，随着时间的推移，它会遍历一遍redis中所有的key，直到都检查一遍）。
所以可以确保假如一个key过期了，就一定会被删除，不会再出现一个key过期之后不会删除的情况。
其中定期删除又分了两种模式：1、SLOW模式 2、FAST模式。一个快一个慢。
SLOW模式是一个定时任务，执行频率默认是10hz（每秒执行10次，执行周期是100ms，也就是每过100ms执行1次），其中这个hz可以通过配置文件redis.conf的hz选项去手动调整这个次数，默认是10。",28
java面试八股文Redis篇.docx,"每次清理的耗时不超过25ms，因为在清理的过程中，需要尽量少地去影响主进程的操作，所以才会规定这么短的时间。
假如一次执行不完，我们再等一下继续清理就完事了。
FAST模式的用时更短，执行频率是不固定的，但是两次清理操作的时间间隔不低于2ms，每次耗时不超过1ms。用时更短的主要原因还是为了尽量少地去占用主进程的操作。
定期删除策略的优点是：第一，可以通过限制删除操作执行的时长和频率来减少删除操作对CPU的影响；第二，定期删除也能有效释放过期的key占用的内存。
定期删除策略的缺点是：难以确定执行删除操作的时长和频率，如果执行得太频繁，那么就对CPU不太友好；如果执行得少，那就跟惰性删除一样了，过期的数据不会及时得到释放。
![image](/files/1c9caa8d-4db6-498f-b8be-c476a99b7856/file-preview)
那么到底要采用哪一种策略呢？redis的过期删除策略是两种配合使用：惰性删除+定期删除，就能更大程度地区删除过期的key了。
总结
惰性删除：当我们去访问某个key的时候，判断这个key是否过期，如果过期就直接删除。
定期删除：定期地去检查一定量的key是否过期，如果过期就删除，里面有两种模式：SLOW模式是一个定时任务，默认是10hz，也可以通过配置文件进行设置，每次清理的时间不超过25ms；FAST模式的执行频率是不固定的，两次清理时间不超过2ms，每次清理时间不超过1ms。
redis的过期删除策略是：惰性删除+定期删除两种策略进行配合使用。
模板
面试官：“Redis的数据过期策略有哪些？”
答：“在redis中提供了两种数据过期删除策略。
第一种是惰性删除，在设置该key过期时间后，我们不去管它，当需要该key时，我们在检查其是否过期，如果过期，我们该删除它，反之返回该key。",29
java面试八股文Redis篇.docx,"第一种是惰性删除，在设置该key过期时间后，我们不去管它，当需要该key时，我们在检查其是否过期，如果过期，我们该删除它，反之返回该key。
第二种是定期删除，就是说每隔一段时间，我们就对一些key进行检查，删除里面过期的key。
定期清理的两种模式：
SLOW模式是定时任务，执行频率默认为10hz，每次不超过25ms，可以通过修改配置文件redis.conf的hz选项来调整这个次数。
FAST模式执行频率不固定，每次事件循环会尝试执行，但两次间隔不低于2ms，每次耗时不超过1ms。
Redis的过期删除策略：惰性删除+定期删除两种策略进行配合使用。”
数据淘汰策略
前言
面试官：“假如缓存过多，内存是有限的，内存被占满了怎么办？”
这个问题问的就是redis的数据淘汰策略。这个跟数据过期策略不一样，后者主要指的是某些key设置了过期时间删除的问题；而前者主要指的是当redis内存不够用的时候，如果此时依然向redis中添加新的数据，那么redis就会按照某一种规则将内存中的数据进行删除，这个数据的删除规则称为内存的淘汰策略。
在redis中提供了8种不同的策略来选择要删除的key：
noeviction：当来了新的key之后，不会淘汰任何的key，但是内存满时不允许写入新的数据，这个也是默认的策略。可以在redis的配置文件看到，也可以手动设置其他的策略。
![image](/files/50a9d6a5-1907-4c0a-bc7a-964e8ae23afa/file-preview)
volatile-ttl：对设置了TTL（过期时间）的key，比较它们的剩余的TTL值，TTL越小（剩余的过期时间越短）就会优先被淘汰。
allkeys-random：它适用于全体所有的key，不管有没有设置过期时间，它都会进行随机地淘汰数据。",30
java面试八股文Redis篇.docx,"allkeys-random：它适用于全体所有的key，不管有没有设置过期时间，它都会进行随机地淘汰数据。
volatile-random：它主要针对的是设置了TTL的key进行随机地淘汰。
allkeys-lru：它适用于全体所有的key，主要是基于LRU算法（近期最少使用）进行淘汰。
![image](/files/f62d8d65-511f-4d16-bb77-677042ae83c4/file-preview)
volatile-lru：它主要针对的是设置了TTL的key，基于LRU算法进行淘汰。
allkeys-lfu：它适用于全体所有的key，主要是基于LFU算法（最少频率使用）进行淘汰。
volatile-lfu：它主要针对的是设置了TTL的key，基于LFU算法进行淘汰。
使用建议
第一，如果我们的业务没有任何要求，建议优先使用allkeys-lru策略，可以充分利用LRU算法的优势，把最近最常访问的数据留在缓存中。如果业务有明显的冷热数据区分，优先建议使用它。
那么为什么不选择allkeys-lfu策略呢？在实际应用中，访问频率并不一定能够准确反映数据的热度，比如某个数据在某个时间段内被访问了很多次，但是在其他时间段内就很少被访问。如果仅仅按照访问频率来判断数据的热度，有可能会出现误判。
第二，如果我们的业务中数据访问频率差别不大，没有明显冷热数据区分，建议使用allkeys-random策略，随机选择淘汰一些数据。
第三，如果我们的业务有置顶的需求，可以使用volatile-lru策略，同时置顶数据不设置过期时间，这些数据就一直不会被删除，会淘汰其他设置过期时间的数据。
第四，如果我们的业务中有短时高频访问的数据，可以使用allkeys-lfu策略或者volatile-lfu策略。",31
java面试八股文Redis篇.docx,"第四，如果我们的业务中有短时高频访问的数据，可以使用allkeys-lfu策略或者volatile-lfu策略。
关于数据淘汰策略其他的面试问题
1、面试官：“数据库中有1000万个数据，redis中只能缓存（存储）20万个数据，那么如何保证redis中数据都是热点数据呢？”（这个时候需要用到哪种数据淘汰策略？）
答：“使用allkeys-lru（挑选最近最少使用的数据淘汰）淘汰策略，留下来的都是经常访问的热点数据。”
2、面试官：“redis的内存用完了会发生什么？”
答：“主要看数据淘汰策略是什么？如果是默认的配置（noeviction），会直接报错，因为它不会删除任何数据。”
总结
Redis提供了8种不同的数据淘汰策略，默认是noeviction不删除任何数据，内存不足互直接报错。
8种策略不用都记住，但是要记住LRU和LFU。
LRU：最近最少使用。用当前时间减去最后一次访问时间，这个值越大则淘汰优先级越高。
LFU：最少频率使用。它会统计每个key的访问频率，值越小淘汰优先级越高。
平时开发中用的最多的是allkeys-lru策略（当然需要结合自己的业务场景）。
模板
面试官：“redis的数据淘汰策略有哪些？”
答：“这个在redis中提供了很多种，默认是noeviction，不删除任何数据，内部不足直接报错，是可以在redis的配置文件中进行设置的，里面有两个非常重要的概念，一个是LRU，另外一个是LFU。
LRU的意思是最少最近使用，用当前时间减去最后一次访问时间，这个值越大则淘汰优先级越高。
LFU的意思是最少频率使用。会统计每个key的访问频率，值越小淘汰优先级越高。
我们在项目设置的是allkeys-lru，挑选最近最少使用的数据淘汰，把一些经常访问的key留在redis中。",32
java面试八股文Redis篇.docx,"LFU的意思是最少频率使用。会统计每个key的访问频率，值越小淘汰优先级越高。
我们在项目设置的是allkeys-lru，挑选最近最少使用的数据淘汰，把一些经常访问的key留在redis中。”
面试官：“数据库有1000万数据，redis只能缓存20万数据，如何保证redis中的数据都是热点数据？”
答：“可以使用allkeys-lru（挑选最近最少使用的数据淘汰）淘汰策略，那留下来的都是经常访问的热点数据。”
面试官：“redis的内存用完了会发生什么？”
答：“这个要看redis的数据淘汰策略是什么。如果是默认的配置，redis内存用完以后则直接报错。我们当时设置的是allkeys-lru策略，把最近最常访问的数据留在缓存中。”
分布式锁
前言
面试官：“redis分布式锁，是如何实现的？”
这个问题需要结合项目中的业务进行回答，通常情况下，分布式锁使用的场景：
比如集群情况下的定时任务、抢单（抢券秒杀）、幂等性场景。这些都适合使用分布式锁解决。
Redis分布式锁-使用场景
下面来看分布式锁在项目中的真实使用场景，这是一个抢券场景的代码逻辑：
首先获取优惠券的数量，一般都是有限的，可能需要提前设置好这个值，现在要去查询优惠券还有多少，获取到优惠券的数量之后，需要先判断一下优惠券是否被抢完了。
如果抢完了就抛出一个异常：“优惠券已抢完”，这个请求就结束了。
假如还有剩余的优惠券就继续执行，先执行对优惠券数量减一的操作，证明抢到了优惠券，最后把减一之后的优惠券数量重新设置为优惠券数量，这个流程就结束了。
![image](/files/bf8952ff-5023-411d-9a02-dca8be265090/file-preview)
接下来我们分析一下这个代码会不会出现问题。",33
java面试八股文Redis篇.docx,"![image](/files/bf8952ff-5023-411d-9a02-dca8be265090/file-preview)
接下来我们分析一下这个代码会不会出现问题。这里模拟了两个线程：
首先线程1来了之后，先去查询优惠券，然后判断库存是否充足（是：扣减库存；否：抛出异常）。
线程2也是同样的操作，先去查询优惠券，再去判断库存是否充足。
![image](/files/04e3976e-ce11-422c-831b-d4fa32309d5e/file-preview)
这是正常的情况，我们来看一下不正常的情况。因为线程之间是交替进行的，所以有可能同时抢券的情况：库存恰好为1，线程1去查询优惠券，还没去判断库存是否充足的时候，线程2来了，它也去查询优惠券，它们都查到了库存为1的数据。
![image](/files/497345ab-6790-4335-b1d3-95abdb1a281e/file-preview)
线程1继续执行，寻思不是还有1嘛就去扣减库存，库存就变成0了。现在回到线程2，因为它查到的库存也是1，所以它也会去扣减库存，库存就变成-1了，这个时候出现了“超卖”。
![image](/files/19815af2-9737-4b54-b861-ec35bdb83ca9/file-preview)
那么要怎么解决呢？我们可以先尝试添加加多线程中的synchronized锁，如下图所示。
首先线程1来了后，先拿到互斥锁，然后查询优惠券，并继续往下执行。这时候线程2来了，因为线程1已经获取互斥锁了，线程2获取互斥锁失败，它就不断地尝试，当线程1把释放锁之后，线程2才能正常往下执行业务。
![image](/files/59a6b4ad-9606-4a92-824a-5fac0e6ab00a/file-preview)
这样就解决了“超卖”问题。",34
java面试八股文Redis篇.docx,"![image](/files/59a6b4ad-9606-4a92-824a-5fac0e6ab00a/file-preview)
这样就解决了“超卖”问题。如果是单体项目，并且只启用了一台服务，这个代码就没问题。但是我们的项目往往为了能够支持更多的并发请求，就会把我们的服务集群部署，同一份代码部署在多个tomcat（服务器）中。
![image](/files/7bf2fcef-c938-4643-86f2-2df0ffede995/file-preview)
比如我们部署了三台服务器，当用户请求的时候，我们可以使用nginx做反向代理，负载均衡各个请求去访问各个服务。那如果说项目做了集群的话，我们刚才抢券加锁的逻辑就会出现问题。
我们来看其中两台服务器的抢券执行流程：
第一台服务器的线程1先去拿到互斥锁，然后去查询优惠券；另一台服务器的线程1也拿到了互斥锁，然后也去查询优惠券，这个时候它们都是能够查到数据的。
![image](/files/615fde79-9bb4-4509-85a4-1660e32cc1e6/file-preview)
因为目前加的是sychronized锁，它是属于本地的锁，目前这个锁是属于JVM的，而每个服务都有各自的JVM，它只能解决同一个JVM下线程的互斥，解决不了多个JVM下线程的互斥。
所以在集群的情况下就不能使用本地的锁，我们要使用外部的锁来解决，其实就是分布式锁。
我们在服务之外新增了一个锁，比如redis就可以作为一个分布式锁，它的流程是这样：
![image](/files/d57fe244-caa9-4a4e-8b2a-28ce3f2ef7d7/file-preview)
还是刚才的两台服务器，第一台服务器的线程1先去尝试拿到分布式锁，假如它加锁成功了，在分布式锁中就会添加一条记录，证明这个线程已经持有锁。",35
java面试八股文Redis篇.docx,"那么这时候另一台服务器的线程1也想去加锁的话，它就会获取分布式锁失败，进入阻塞状态。
我们回到第一台服务器的线程1，它持有分布式锁就可以执行自己的业务了，比如查询优惠券，再去判断库存是否充足，最后释放锁。
如果分布式锁已经释放成功，那么另一台服务器的线程1才能去正常获取这个锁，它就能执行自己的业务逻辑了。假如线程1持有锁的时候，其他线程（两台服务器所有未持有锁的线程）想要去执行业务，它们都会获取锁失败，都是互斥的效果。
这样就解决了库存“超卖”的问题。如果我们的项目中有秒杀抢购的业务，并且是在集群架构的情况下，我们必须要使用分布式锁去解决服务之间线程的互斥性。
Redis分布式锁-实现原理
redis分布式锁
接下来我们要讲关于redis实现的分布式锁，并且会说明redis框架中更强大的分布式锁。
刚才我们介绍了一个抢券的代码，最后我们分析出来：如果不使用分布式锁，就有可能出现“超卖”的问题，接下来就详细说说redis实现的分布式锁。
Redis实现分布式锁主要利用redis的setnx命令。setnx是SET if not exists（如果不存在，则SET）的简写。
获取锁还是用SET这个命令，后面就是锁（key）的名称如lock，value就是这个key的值，还要有NX标识（效果跟直接使用setnx是一样的），最后再跟上一个EX（表示key的过期时间）。
![image](/files/bfbd6512-48f3-47f1-82ee-d46c0c2a70ca/file-preview)
这样会不会太长，能不能分开写？也可以先用setnx命令设置值，再设置过期时间。但是可能会出现问题，因为变成两条命令了，不能保证原子性，放到一条命令里就可以了。
那么可以不设置过期时间吗？不设置过期时间会导致“死锁”的问题。",36
java面试八股文Redis篇.docx,"但是可能会出现问题，因为变成两条命令了，不能保证原子性，放到一条命令里就可以了。
那么可以不设置过期时间吗？不设置过期时间会导致“死锁”的问题。
例如：一个线程来了之后，先要去尝试获取锁，假如返回值是ok，那就是它设置值成功了，获取锁成功了，就可以执行自己的业务代码，执行完成之后就可以释放锁（使用DEL命令把key删除）。
如果尝试获取锁之后，返回值是null，这就表示有其他线程获得锁了，它就会阻塞，获取锁失败了。
还有一种情况：没有设置过期时间。还是获取锁成功的线程，目前正在执行业务，突然服务器宕机了，但是它还没有去释放锁，那么这个锁就没人释放了，其他线程也不能去继续获取锁，这就导致了“死锁”的问题。
所以我们需要加上过期时间，假如服务宕机之后，我们还有过期时间兜底，宕机到了一定时间依然可以释放锁，其他线程也可以继续获取锁。
![image](/files/dfaae03e-2344-4069-b96d-e3e134e98248/file-preview)
面试官可能会接着问：“Redis实现分布式锁如何合理地扩展锁的有效时长？”
还是以上面的图为例，当我们加锁的时候给了失效时间，假如执行业务的时间太长，超过了这个时间，锁就会自动释放了，但是业务还没执行完成。如果这时候有其他线程来了，它们也能获取锁成功，这样就不能保证业务执行的原子性了，可能会影响我们的业务数据。
![image](/files/d2df1103-c3e3-4206-90b0-173946bf1cd6/file-preview)
有两种方案：
1、根据业务执行时间预估。不太靠谱，即使加长了锁的失效时间，万一出现卡顿、网络抖动现象，都会导致业务执行变慢，这个时间是不好控制的。
2、给锁续期。",37
java面试八股文Redis篇.docx,"不太靠谱，即使加长了锁的失效时间，万一出现卡顿、网络抖动现象，都会导致业务执行变慢，这个时间是不好控制的。
2、给锁续期。我们一开始给锁设置了过期时间，再开另外一个线程来监控业务到底执行了多久，如果业务执行时间比较长就增加这个线程持有锁的时长。这个方案相对来说就很合适，但是我们自己去实现就太麻烦。
redission实现的分布式锁-执行流程
市面上已经有现成的技术实现了第二个方案：redission实现的分布式锁。
redission实现的分布式锁也是基于redis的setnx命令来实现的，它做了很多增强和优化。
我们来看一下面试过程中问的比较多的加锁和释放锁的流程：
首先一个线程来了之后，它想要获取锁，假如加锁成功，后面就可以直接操作redis，这个跟redis实现的分布式锁是一样的。但不同的是：这里加锁成功之后，它会另开一个线程进行监控（一般称为Watch dog 看门狗）。
看门狗会不断地去监听这个持有锁的线程，给这个线程增加锁的持有时间，也就是续期，续期规则是：每隔（releaseTime/3）的时间做一次续期，releaseTime就是锁的过期时间，默认是30s，也就是说看门狗每隔10s就会给持有锁的线程做一次续期操作，每次都会重置过期时间，比如锁的失效时间是30s，那么每次续期都会把过期时间设置为30s。
这样就能根据自己业务的执行时间来控制锁的时间，后面要手动去释放锁，释放锁之后要通知对应线程的看门狗，不需要它继续做监听了，因为这个key已经被删除了。
上面就是redission实现分布式锁的基本流程。",38
java面试八股文Redis篇.docx,"上面就是redission实现分布式锁的基本流程。
![image](/files/cb7b8aae-5997-40d5-9252-c8e51ae150f1/file-preview)
但还不仅仅如此，假如现在来了一个新的线程（线程2）想要获取锁，它会尝试去加锁，看看是否加锁成功，如果加锁成功，那就跟上面的流程一样。如果没有加锁成功，之前我们是直接中断这个线程（因为有别的线程（线程1）持有锁，这个线程就不能获取锁），但是在redission实现的分布式锁中会设置一个while循环，不断尝试去加锁。
如果在很短的时间内线程1释放锁，那么线程2就可以直接获取锁了；如果线程1一直不释放锁，线程2不会一直循环下去，它设置了一个阈值，只要循环达到一定的次数就会直接结束，线程2获取锁失败。
一般情况下业务的执行时间是很快的如几十毫秒，所以通常不会让线程2等太久。所以加入这个等待机制的好处是：在高并发的情况下，可以很大程度地增加分布式锁的使用性能，这个是redission新增的特性，也叫重试机制。
具体的redission使用的代码如下图所示。
![image](/files/bc9268d6-aa3f-43db-824a-7f873a1d5e54/file-preview)
首先拿到了客户端redissionClient，调用getLock()方法获取锁的名称（创建锁），然后调用tryLock()方法尝试拿到锁（两个参数：第一个是while循环获取锁最大的等待时间如10s，第二个是时间单位；三个参数：中间增加了一个锁的失效时间，设置了失效时间就没有看门狗监听了，redission认为我们自己能够控制锁的失效时间，如果传进去负数或者空值，还是会让看门狗去监听）。
假如获取锁成功了，就可以去执行业务了，执行完成后要把锁释放。",39
java面试八股文Redis篇.docx,"假如获取锁成功了，就可以去执行业务了，执行完成后要把锁释放。所有加锁、解锁、设置过期时间、给锁续期等操作但是基于lua脚本完成，它可以保证命令执行的原子性的，这也是面试的一个关键点。
Lua脚本最大的作用就是能够调用redis命令，保证多条命令执行的原子性。
这个就是redission实现的分布式锁，有三个重点：1、Watch dog可以给锁续期 2、抢不到锁的线程会进行尝试等待 3、所有的redis命令是基于lua脚本完成，保证执行的原子性
redission实现的分布式锁-可重入
有时候面试官还会接着问：“redission实现的分布式锁是否可以重入？”
![image](/files/5fd84ac9-0bb2-40db-a6e0-bdd16daf04de/file-preview)
我们先来分析代码：有两个方法add1()、add2()，add1()方法先去创建一个锁，然后尝试去获取锁，获取锁之后又尝试调用add2()方法。
在add2()方法中也创建了一个同样的锁（名称也一样），它也尝试去获取锁，如果获取锁失败就说明这个锁是不可重入的；如果获取锁成功了，就说明这个锁是可以重入的。
我们之前讲的redis实现的分布式锁是不可重入的，但redission实现的分布式锁是可以重入的。
也就是说add2()方法会获取锁成功，具体是这样：目前add1()方法调用了add2()方法，它们是同一个线程的，每个线程执行的时候都有一个唯一的线程id来做标识，其实就是根据这个线程id来判断的。
在执行add2()方法获取锁的时候，判断一下之前获取的锁是不是同一个线程，如果是同一个线程就可以获取锁成功；如果不是一个线程就获取锁失败，这个就是重入的逻辑，跟java多线程中的ReentrantLock的重入逻辑是一样的，都是判断是否为同一个线程。",40
java面试八股文Redis篇.docx,"可重入的好处是：1、当业务比较复杂，锁又分得比较细的时候，就可以用到锁的重入 2、避免多个锁之间产生死锁的问题
在redission中是这样实现的：首先在存储锁的数据时都是采用hash结构记录线程id和重入次数，其中key可以根据当前的业务进行命名，field就是持有锁线程的唯一标识，value就是当前线程重入的次数。
当我们执行add1()方法的时候，当前的线程第一次获取锁，在redis中存储的结构如下图所示，value为1是因为这个线程目前持有锁一次。
![image](/files/3f9a14ac-f529-4646-ad15-36b5866e64e4/file-preview)
当add1()方法调用了add2()方法，又尝试获取同一把锁，逻辑是：先到缓存中查一查看看有没有当前线程获取的锁的信息，假如可以查询到，就在这个value的基础上加1，也就是变为2。
![image](/files/c3a5b584-7636-4ec1-bd6b-685f7a0724a8/file-preview)
当add2()方法执行到最后，它调用了unLock()方法去释放锁，释放锁成功之后并不会去删除这个锁，而是把这个锁重入的次数减一，也就是value减1，那么add2()方法就执行完成了。
![image](/files/3f9a14ac-f529-4646-ad15-36b5866e64e4/file-preview)
回到add1()方法，它也会调用了unLock()方法去释放锁，等它释放锁成功后，重入次数就变成0了，这时候就可以删除这个锁的信息了。",41
java面试八股文Redis篇.docx,"![image](/files/1a7c5bcb-2812-461b-ac3e-5aa9e2d61e2b/file-preview)
上面的效果就是锁的重入，也就是说redission实现的分布式锁是可以重入的，但要判断当前是否为同一个线程，同一个线程才能重入，不是同一个线程是要互斥的。
redission实现的分布式锁-主从一致性
面试官可能还会追着问：“Redission实现的分布式锁能保证主从数据的一致吗？”
我们在企业开发的时候，通常都会搭建redis的主从集群架构，比如有一个主节点和两个从节点。
其中主节点主要负责写数据，如增删改操作，从节点主要负责对外的读操作，当主节点发生了写数据之后，就要把数据同步给从节点，毕竟要保证主从数据的同步。
![image](/files/fe3ee878-3cf7-48d2-aeac-053d37da654e/file-preview)
假如现在有java应用创建了一个分布式锁，因为是写数据肯定要先找到主节点，把数据写入到主节点中，正常情况下主节点需要把数据同步到从节点。但是如果还没来得及同步数据，主节点宕机挂了，那么依据redis提供的哨兵模式会在两个从节点当中选出一个主节点。
![image](/files/a6de1eea-3d2d-424e-8579-b5e407d5dba6/file-preview)
这里我们把下面的从节点当作主节点，假如现在有新的线程来了以后，会直接请求新的主节点，它也会去尝试获取锁，因为之前那个宕机的主节点的数据没有同步过来，所以说新的线程也能够去加锁成功，这时候就出现两个线程同时持有同一把锁，这样就散失了最基本的锁的特性了：互斥性。",42
java面试八股文Redis篇.docx,"![image](/files/89ce90ae-f4a9-47c9-819e-5f0a86c4be41/file-preview)
如果在这种情况下我们的业务还在执行，就有可能出现脏数据的现象，那么该怎么解决呢？其实在redis中还提供了另外一个锁：RedLock（红锁），不能只在一个redis实例上创建锁，应该在多个redis实例上创建锁（n/2 + 1，n代表redis中节点的数量），避免在一个redis实例上加锁。
比如下图中有3台redis节点，3/2 + 1 =2.5也就是2个节点，如果有3台redis节点就要保证创建锁的节点要大于等于2，其实就是要超过redis节点的一半，就可以避免刚才的那种情况。
![image](/files/7624a0c3-987a-4267-a23b-2335aa2981c3/file-preview)
如果线程1加锁之后，主节点宕机导致线程2成功加到其他主节点上，就可以避免这个问题了。
但是红锁也是有缺陷的，在项目中很少使用，原因是加了红锁实现起来就特别复杂，特别是在高并发的情况下性能就变得很差，因为需要用到多个独立的redis节点，运维比较繁琐。
Redis官方也不建议使用红锁来解决主从数据不一致的问题，那该怎么解决呢？
首先这种情况出现的概率是极低的，哪有服务器天天挂的，也就是说这是一个低概率事件。第二，redis集群整体的思想是AP思想（优先保证高可用性），我们可以想办法做到最终的一致。但是如果有的业务非要保证强一致性的话，建议采用CP思想（zookeeper）来实现分布式锁，它可以保证数据的强一致性。
总结
最初的问题是如何实现redis分布式锁。首先要根据自己简历上的做过的业务进行描述使用分布式锁的场景，比如我们当时做的一个抢券的业务就用到了分布式锁。",43
java面试八股文Redis篇.docx,"总结
最初的问题是如何实现redis分布式锁。首先要根据自己简历上的做过的业务进行描述使用分布式锁的场景，比如我们当时做的一个抢券的业务就用到了分布式锁。然后，我们也可以说当时项目采用的就是redission实现的分布式锁，顺便把redission底层的实现说一下：底层是setnx和lua脚本，其中lua脚本是为了保证命令执行的原子性。
面试官可能接着问：“redission实现的分布式锁然后合理地控制锁的有效时长？”。在redission的分布式锁中，提供了一个WatchDog（看门狗），我们直接说明看门狗机制的核心作用：一个线程获取锁成功以后，看门狗会给持有锁的线程续期（默认是每隔10秒续期一次）。
正常的话能回答以上两个问题就过了。但刁钻的面试官可能还会问：“redission这个锁可以重入吗？”。可以重入，多个锁重入需要判断是否是当前线程，在redis中进行存储的时候使用的是hash结构，来存储线程信息（线程的唯一标识）和重入的次数。
当然面试官可能还会接着问：“redission锁能解决主从数据一致的问题吗？”。不能解决，虽然可以使用redission提供的红锁来解决，但是红锁需要多个节点同时持有锁，性能就太低了，一般项目中用的不多。如果业务非要保证数据的强一致性，可以采用zookeeper实现的分布式锁，它可以保证数据的强一致。
模板
面试官：“Redis分布式锁如何实现？”
答：“在redis中提供了一个命令setnx（SET if not exists）
由于redis是单线程的。用了命令之后，只能有一个客户端对某一个key设置值，在没有过期或删除key的时候其他客户端是不能设置这个key的。”
面试官：“好的。那你如何控制redis实分布式锁有效时长呢？”
答：“的确，redis的setnx指令不好控制这个问题。",44
java面试八股文Redis篇.docx,"面试官：“好的。那你如何控制redis实分布式锁有效时长呢？”
答：“的确，redis的setnx指令不好控制这个问题。我们当时采用的是redis的一个框架redission实现的。
在redission中需要手动加锁，并且可以控制锁的失效时间和等待时间，当锁住的一个业务还没有执行完成的时候，在redission中引入了一个看门狗机制，就是说每隔一段时间就检查当前业务是否还持有锁。如果持有锁就增加锁的持有时间，当业务执行完成之后需要使用释放锁就可以了。
还有一个好处就是，在高并发下，一个业务有可能会执行很快，先客户2持有锁的时候，客户2来了以后并不好马上拒绝，它会自旋不断尝试获取锁。如果客户1释放之后，客户2就可以马上持有锁，性能也得到了提升。”
面试官：“redission实现的分布式锁能解决主从一致性的问题吗？”
答：“这个是不能的，比如，当线程1加锁成功后，master节点数据会异步复制到slave节点，此时当前持有Redis锁的master节点宕机，slave节点被提升为新的master节点。假如现在来了一个线程2，再次加锁，会在新的master节点上加锁成功，这个时候就会出现两个节点同时持有一把锁的问题。
我们可以利用Redission提供的红锁解决这个问题，它的主要作用是，不能只在一个redis实例上创建锁，应该是在多个redis实例上创建锁，并且要求在大多数redis节点上都成功创建锁，红锁中要求是redis的节点数量要过半。这样就能避免线程1加锁成功后，master节点宕机导致线程2成功加锁到新的master节点上的问题了。
但是，如果使用了红锁，因为需要同时在多个节点上都添加锁，性能就变得非常低，并且运维维护成本也非常高，所以，我们一般在项目中也不会直接使用红锁，并且官方也暂时废弃了这个红锁。",45
java面试八股文Redis篇.docx,"但是，如果使用了红锁，因为需要同时在多个节点上都添加锁，性能就变得非常低，并且运维维护成本也非常高，所以，我们一般在项目中也不会直接使用红锁，并且官方也暂时废弃了这个红锁。”
面试官：“如果业务非要保证数据的强一致性，这个该怎么解决呢？”
答：“redis本身就是支持高可用的，要做到强一致性，就非常影响性能，所以，如果有强一致性要求高的业务，建议使用ZooKeeper实现的分布式锁，它是可以保证强一致性的。”
Redis-其他面试问题
前言
关于redis的其他面试问题可能跟业务没什么关系，但依然是高频面试问题。
比如，面试官：“redis集群有哪些方案，知道吗？”
这个问题就是想让我们介绍一下redis的几种集群方案。Redis提供了三种集群方式：主从复制、哨兵面试、分片集群，里面也包含了其他的面试题，如下图所示，这些都属于集群相关的面试题。
![image](/files/0f5a87ee-5da9-4130-af46-d710c4c8dd30/file-preview)
主从复制
前言
我们先看来看主从复制，以及主从同步的原理。如果我们使用的是redis的单节点，那么单节点redis的并发能力是有上限的，要进一步提高redis的并发能力，最常见的就是需要搭建主从集群，实现读写分离。
这时候就不只是一台redis节点了，需要有多台redis节点，其中有一个主节点master，其他的是从节点slave/replica。主节点主要负责客户端的写操作（如增删改操作），从节点负责客户端的读操作。",46
java面试八股文Redis篇.docx,"主节点主要负责客户端的写操作（如增删改操作），从节点负责客户端的读操作。
![image](/files/5e5aaf74-71ee-4559-b7ce-d611c28c38d6/file-preview)
Redis通常情况下都是读多写少，我们让多个从节点来负责读操作就增加了redis的并发能力，假如一台redis节点的并发读是10w，现在有两台，那就是20w，这样就增强了并发能力。
注意，当主节点接收到写操作的时候，需要把数据同步给从节点slave才可以，必须要保证主节点与从节点的数据同步才行，这样就真正意义上实现读写分离了，这是主从架构的特点。
但是面试官可能还会接着问：“主节点同步给从节点的具体流程是什么？”
接下来我们来看主从数据同步的流程。在主从进行同步的时候分为两种情况：1、主从全量同步2、主从增量同步
主从数据同步——全量同步
先看主从全量同步。以两个节点为例，左边是主节点master，右边是从节点slave，同步数据首先是从节点执行replicaof命令建立连接的操作，然后向主节点master发起同步数据的请求。
![image](/files/023dd8bb-d1e5-40bb-aa90-b641f10c837b/file-preview)
主节点master接收到以后，先判断这个节点是否为第一次同步，如果是第一次同步就把master的数据版本信息发送给从节点，然后从节点就把信息保存到本地，这时候主从的版本信息就保持一致了。
同时主节点master会执行bgsave，fork子进程去生成RDB文件。等RDB文件生成之后就发送给从节点。从节点接收后就清空本地的数据，执行发送过来的RDB文件。
这个时候还不能确定主从的数据同步完成。假如主节点在生成RDB文件的过程中，又去接收了客户端的其他请求，那么刚才发过去的RDB文件就不是最新的数据了。",47
java面试八股文Redis篇.docx,"这个时候还不能确定主从的数据同步完成。假如主节点在生成RDB文件的过程中，又去接收了客户端的其他请求，那么刚才发过去的RDB文件就不是最新的数据了。
其实主节点在记录RDB文件的过程中，它会把新的请求记录在一个叫做repl_baklog的日志文件中，随后再把这个日志文件发送给从节点slave，从节点执行完日志文件之后就完成了主从数据的完全同步了。
这就是主从全量同步的过程，当然还存在一些疑问，比如master如何判断从节点slave是否为第一次请求；假如后期再次同步的时候，基本上都是从这个repl_baklog日志文件中去记录命令，然后发送给从节点去执行。
那么如何确保主节点和从节点传输数据的时候，每次都不多不少就是从节点需要的那段数据呢？
![image](/files/8809dd03-4e5e-4919-895f-9a1bcd2b2ca7/file-preview)
我们要清楚两个概念：
1、Replication Id，简称replid，是数据集的标记，如果主节点master和从节点slave的id一致则说明是同一数据集（主与从必须是同一个数据集），每一个master都有唯一的replid，slave则会继承master节点的replid。
当从节点发起数据请求同步的时候，就会把自己的replid发送给主节点master，主节点拿这个replid跟自己的id进行比对，如果不一样就说明这个从节点是第一次同步，然后就把master自己的replid发送给从节点，从节点就把信息记录到本地，这时候它们的replid就一致了，下面才会执行bgsave去同步数据。
接着从节点再去发起同步请求的时候，id是一样的，说明之前同步过数据，注意这时候主节点就不会再去生成RDB文件了，而是通过repl_baklog日志文件去进行同步数据。",48
java面试八股文Redis篇.docx,"接着从节点再去发起同步请求的时候，id是一样的，说明之前同步过数据，注意这时候主节点就不会再去生成RDB文件了，而是通过repl_baklog日志文件去进行同步数据。
那么第二次、第三次再去同步数据的时候，到底该从repl_baklog日志文件中读多少数据呢？接下来看第二个概念。
2、offset 偏移量（可以理解为自增的整数值），随着记录repl_baklog中的数据增多而逐渐增大（在主从进行数据、版本信息同步的时候，会携带replid和offset）。slave完成同步时也会记录当前同步的offset。如果slave的offset小于master的offset，说明slave数据落后于master，需要更新。
假如现在slave记录的offset是50，master是80，说明还没有同步完成，主节点再次跟从节点同步数据的时候，把50~80的这部分数据同步给从节点就可以了。
![image](/files/b9e3308e-7133-467e-840e-6800f56fe0b7/file-preview)
主从全量同步简单总结为三个大步骤：
1、从节点发送请求给主节点想要同步数据，主节点判断是否为第一次请求，如果是就全量同步；
2、主节点会执行bgsave去生成一个RDB文件，发送给从节点去执行；
3、主节点在记录RDB期间接收的其他命令，会记录到repl_baklog日志文件中，然后再把日志发送给从节点去执行。
主从数据同步——增量同步
接下来看主从增量同步。增量同步触发的时机主要是slave重启或者是主从数据变化之后。",49
java面试八股文Redis篇.docx,"主从数据同步——增量同步
接下来看主从增量同步。增量同步触发的时机主要是slave重启或者是主从数据变化之后。
![image](/files/d893d959-80d9-4f8d-8844-7a4f2b162e74/file-preview)
具体流程是这样：从节点重启后会给主节点发起同步数据的请求，带来两个值：replid和offset，然后主节点判断一下replid是否一致，因为不是第一次同步了，这个id肯定是一致的。
接着主节点会从repl_baklog日志文件中获取offset之后的数据。假如现在slave记录的offset是50，master是80，说明还没有同步完成，主节点再次跟从节点同步数据的时候，把50~80的这部分数据同步给从节点就可以了。
主从增量同步简单总结为两个大步骤：
1、从节点发送请求，主节点判断是否为第一次请求，并且获取到从节点发送过来的offset；
2、主节点从repl_baklog日志文件中获取offset之后的数据，同步到从节点。
总结
面试官：“介绍一下redis的主从同步。”
单节点redis的并发能力是有上限的，要进一步提高redis的并发能力，就需要搭建主从集群，实现读写分离。
一般都是一主多从，主节点负责写数据，从节点负责读数据。",50
java面试八股文Redis篇.docx,"单节点redis的并发能力是有上限的，要进一步提高redis的并发能力，就需要搭建主从集群，实现读写分离。
一般都是一主多从，主节点负责写数据，从节点负责读数据。
面试官：“能说一下主从同步数据的流程吗？”
这里面分了两种情况：
全量同步：
1、从节点请求主节点同步数据（其中会携带两个参数：replication id、offset）；
2、主节点判断是否为第一次请求，是第一次就把数据同步到从节点中，这时候主节点与从节点的版本信息（replication id和offset）就同步了；
3、主节点执行bgsave，生成RDB文件后，发送给从节点去执行；
4、在RDB文件生成执行期间，主节点可能会接收其他的命令请求，就会以命令的方式记录到缓冲区（一个日志文件）；
5、把生成之后的命令日志文件发送给从节点去执行（进行同步），这时候就完成主节点与从节点的数据同步了。
增量同步：
1、从节点请求主节点同步数据，主节点判断是否为第一次请求，不是第一次就获取从节点的offset值；
2、主节点从命令日志文件中获取offset值之后的数据，发送给从节点进行数据同步。
模板
面试官：“redis集群有哪些方案，知道嘛？”
答：“在redis中提供的集群方案总共有三种：主从复制、哨兵模式、redis分片集群。”
面试官：“那你来介绍一下主从同步？”
答：“单节点redis的并发能力是有上限的，要进一步提高redis的并发能力，可以搭建主从集群，实现读写分离。一般都是一主多从，主节点负责写数据，从节点负责读数据，主节点写入数据之后，需要把数据同步到从节点中。”
面试官：“能说一下，主从同步数据的流程吗？”
答：“主从同步分为了两个阶段，一个是全量同步，一个是增量同步。",51
java面试八股文Redis篇.docx,"面试官：“能说一下，主从同步数据的流程吗？”
答：“主从同步分为了两个阶段，一个是全量同步，一个是增量同步。
全量同步是指从节点第一次与主节点建立连接的时候使用全量同步，流程是这样的：
第一：从节点请求主节点同步数据，其中从节点会携带自己的replication id和offset偏移量。
第二：主节点判断是否是第一次请求，主要判断的依据就是，主节点与从节点是否是同一个replication id，如果不是，就说明是第一次同步，那主节点就会把自己的replication id和offset发送给从节点，让从节点与主节点的信息保持一致。
第三：同时主节点会执行bgsave，生成RDB文件后，发送给从节点去执行，从节点先把自己的数据清空，然后执行主节点发送过来的RDB文件，这样就保持了一致。
当然，如果在RDB文件生成期间，依然有请求到了主节点，而主节点会以命令的方式记录到缓冲区，缓冲区是一个日志文件，最后把这个日志文件发送给从节点，这样就能保证主节点与从节点完全一致了，后期再同步数据的时候，都是依赖于这个日志文件，这个就是全量同步。
增量同步指的是，当从节点服务重启之后，数据就不一致了，所以这个时候，从节点会请求主节点同步数据，主节点还是判断是否是第一次请求，不是第一次就获取从节点的offset值，然后主节点从命令日志中获取offset之后的数据，发送给从节点进行数据同步。”
哨兵模式、集群脑裂
前言
刚才介绍了主从复制的集群方式，但是它有一个缺点：保证不了redis的高可用。假如现在主节点宕机之后就丧失写数据的能力了，所以为了保证redis集群的高可用性，redis提供了哨兵模式。
哨兵的作用
Redis提供了哨兵（Sentinel）机制来实现主从集群的自动故障恢复。",52
java面试八股文Redis篇.docx,"假如现在主节点宕机之后就丧失写数据的能力了，所以为了保证redis集群的高可用性，redis提供了哨兵模式。
哨兵的作用
Redis提供了哨兵（Sentinel）机制来实现主从集群的自动故障恢复。哨兵的结果和作用如下：
哨兵其实也是一个redis节点，当然是由多台redis节点组成的，它也组成了一个集群，我们一般情况下都要部署三台哨兵。
主要作用：
1、监控，Sentinel会不断检查您的master和slave（主从结构中的节点）看看它们是否按预期进行工作；
2、自动故障恢复，如果master故障（宕机），Sentinel会将一个slave提升为master继续工作。当故障实例恢复后也以新的master为主；
（这样就能够保证主从节点的高可用，当然从节点挂了就会自动去除）
3、通知，Sentinel充当Redis客户端的服务发现来源，当集群发送故障转移时，会将最新信息推送给Redis客户端。
（我们一般使用java代码怎么去连接redis的？通过Spring框架封装的redisTemplate。假如redisTemplate就是一个redis客户端，我们现在使用的是主从模式，当一个主节点挂了之后，哨兵选择一个从节点当作主节点，那么对于客户端来说，在写操作的时候就要找到新的主节点。这时候有了哨兵，客户端就不需要做任何改动，由哨兵自动通知到客户端，然后客户端就自动去连接上主节点，那么就可以继续工作了）
![image](/files/c399e25b-15c2-4288-96a6-e75879a37b99/file-preview)
以上就是哨兵模式的三个特点，它就极大地保证了redis主从的高可用性。",53
java面试八股文Redis篇.docx,"服务状态监控
那么哨兵模式到底是如何监控的？假如真的有主节点宕机了，它是如何进行选择新的主节点呢？
Sentinel基于心跳机制监测服务状态，默认每隔1秒向集群的每个实例发送ping命令（如果实例返回了一个pong，就证明这个实例是正常的）：
主观下线：如果某sentinel节点发现某实例未在规定时间内响应，则认为该实例主观下线。
客观下线：若超过指定数量（quorum）的sentinel都认为该实例主观下线，则该实例客观下线。quorum值最好超过Sentinel实例数量的一半。
主观下线就是某个哨兵因为服务超时没有响应，那么这个节点到底有没有下线呢？还需要其他哨兵来进行检测，如果超过一定数量的哨兵都认为这个节点已经下线了，那么这个节点就真的宕机，这就是客观下线。
这个数量就是quorum，我们可以通过redis配置文件去设置，通常情况下这个值都是哨兵实例的一半，比如有三台哨兵，那么这个值就是2。",54
java面试八股文Redis篇.docx,"这个数量就是quorum，我们可以通过redis配置文件去设置，通常情况下这个值都是哨兵实例的一半，比如有三台哨兵，那么这个值就是2。
![image](/files/3391b36d-62e0-4d12-a60c-9cee2f791284/file-preview)
假如现在主节点宕机了，哨兵就会选择一个从节点作为主节点，那么它的选主规则是什么？
哨兵选主规则：
1、首先判断主节点与从节点断开的时间长短，如果某一个从节点（断开的时间太长）超过指定值就排除该从节点；
（这个从节点就不会被选作主节点，因为断开的时间越长，这个从节点丢失的数据就越多，这个时长也可以在配置文件中进行设置）
2、然后判断从节点的slave-priority值（优先级），越小优先级越高；
（这个从节点就会被优先选作主节点，这个优先级也可以通过配置文件进行配置）
3、如果（每个从节点）slave-prority一样，则判断slave节点的offset值，越大优先级越高；
（说明当前这个从节点比较接近主节点的数据，那么它就会被优先选作主节点）
4、最后是判断slave节点的运行id大小，越小优先级越高。（这一条其实无所谓，如果当前的offset值都一样的话，选择哪一个都是可以的）
第三条是这四条规则里面最重要的，offest值越大越优先被选为主节点，因为它最接近主节点。
redis集群（哨兵模式）脑裂
有了哨兵模式之后redis主从的集群就有了高可用的支撑了，当然哨兵模式也有可能会出现其他的问题，如脑裂问题，这个也是面试官爱问的。
先来说一下什么是脑裂，再说它的解决方案。下图是一个正常的主从架构，然后配合了哨兵模式。",55
java面试八股文Redis篇.docx,"先来说一下什么是脑裂，再说它的解决方案。下图是一个正常的主从架构，然后配合了哨兵模式。
![image](/files/bbf5c1a0-7d72-4286-9a72-846cc5cacfbd/file-preview)
假如现在由于网络原因，这个主节点和哨兵处于不同的网络分区，那么哨兵只能去监测从节点。它监测不到主节点，那么这时候它就会按照选主的规则在从节点中选出主节点。
![image](/files/e09fc103-8476-4075-a2d3-27b501174522/file-preview)
这里我们选了最上面的作为新的主节点，但是要注意老的主节点还没挂，只是网络出现问题，客户端还能够正常地去连接，于是现在就出现了两个主节点，就像大脑分裂了一样，这个就是脑裂现象。
这样就会出现问题：因为目前的客户端连接的还是老的主节点，它会持续往这个老的主节点写入数据，那么新的主节点就不能同步数据了，毕竟现在网络还有问题。
![image](/files/49740602-7495-48a2-a235-610187740bc9/file-preview)
假如现在网络又恢复了，哨兵会将老的主节点强制降级为从节点，注意这时候这个（老的主节点）从节点就会去主节点（新的主节点）中同步数据，它就会把自己的数据清空，但是在之前脑裂的过程中客户端写入的数据就丢失了。
这个就是脑裂问题出现之后导致了数据丢失。现在客户端连接的是新的主节点了，老的主节点把数据清空之后数据就真的丢失了。",56
java面试八股文Redis篇.docx,"这个就是脑裂问题出现之后导致了数据丢失。现在客户端连接的是新的主节点了，老的主节点把数据清空之后数据就真的丢失了。
解决这个问题就要修改redis的两个配置参数：
min-replicas-to-write 1 表示最少的slave节点为1个
（比如当客户端连接主节点写入数据的时候，这个主节点必须至少要有一个从节点，才能去接收客户端的数据，否则直接拒绝请求）
min-replicas-max-log 5 表示数据复制和同步的延迟不能超过5秒
（主从数据的延迟不能超过5秒）
通过这两项配置，如果发生脑裂，达不到这两个要求的话就会拒绝客户端的请求，这样就能避免大量的数据丢失了。
总结
面试官：“怎么保证redis的高并发高可用？”
哨兵模式：实现主从集群的自动故障恢复（主要作用：监控，监控每一个实例是否健康；自动故障恢复，假如某个主节点挂了之后，就会有选主的规则来选择从节点来当主节点继续完成工作；通知，主要是负责哨兵去通知客户端去连接哪一个redis）
面试官：“你们使用的redis是单点还是集群，哪种集群？”
主从（1主1从）+哨兵就可以了。单节点不超过10g内存（注意redis是作为缓存来使用，不应该把海量数据都存进去，更应该存入一些热点数据），如果redis内存不足（数据量特别大）则可以给不同服务分配独立的redis主从节点。
（比如订单的服务就有一主一从、比如说有秒杀的服务，那也有一主一从，这时候就可以搭建多套redis的集群，这时候也能去解决数据存储的问题）
所以说一般项目的这个数据并不会太大，10g就够了，一主一从也能解决大部分项目的高并发和高可用。比如主节点负责写数据，那么redis单节点的写操作的并发是在8w左右，从节点负责读数据，单节点的读操作的并发是10w左右，一般的项目是达不到这个要求的，所以说一主一从就够了，然后加上哨兵，这时候就保证了主从的高可用了。",57
java面试八股文Redis篇.docx,"面试官：“redis集群脑裂，该怎么解决呢？”
首先介绍一下什么是脑裂。集群脑裂是由于主节点和从节点和sentinel处于不同的网络分区，使得sentinel没有能够心跳感知到主节点，所以通过选举的方式提升了一个从节点为主，这样就存在了两个master，就像大脑分裂了一样，这样会导致客户端还在老的主节点那里写入数据，新节点无法同步数据，当网络恢复后，sentinel会将老的主节点降为从节点，这时再从新master同步数据，就会导致数据丢失。
解决：我们可以修改redis的配置，可以设置最少的从节点数量以及缩短主从数据同步的延迟时间，达不到要求就拒绝请求，就可以避免大量的数据丢失。
模板
面试官：“怎么保证redis的高并发高可用？”
答：“首先可以搭建主从集群，再加上使用redis中的哨兵模式，哨兵模式可以实现主从集群的自动故障恢复，里面就包含了对主从服务的监控、自动故障恢复、通知；如果master故障，sentinel会将一个slave提升为master。当故障实例恢复后也以新的master为主；同时sentinel也充当redis客户端的服务发现来源，当集群发生故障转移时，会将最新信息推送给redis的客户端，所以一般项目都会采用哨兵的模式来保证redis的高并发高可用。”
面试官：“你们使用redis是单点还是集群，哪种集群？”
答：“我们当时使用的是主从（1主1从）加哨兵。一般单节点不超过10G内存，如果redis内存不足则可以给不同服务分配独立的redis主从节点。尽量不做分片集群。因为集群维护起来比较麻烦，并且集群之间的心跳检测和数据通信会消耗大量的网络带宽，也没有办法使用lua脚本和事务。”
面试官：“redis集群脑裂，该怎么解决呢？”
答：“这个在项目很少见，不过脑裂的问题是这样的，我们现在用的是redis的哨兵模式集群的。",58
java面试八股文Redis篇.docx,"面试官：“redis集群脑裂，该怎么解决呢？”
答：“这个在项目很少见，不过脑裂的问题是这样的，我们现在用的是redis的哨兵模式集群的。
有的时候由于网络等原因可能会出现脑裂的情况，就是说由于redismaster节点和redisslave节点和sentinel处于不同的网络分区，使得sentinel没有能够心跳感知到master，所以通过选举的方式提升了一个slave为master，这样就存在了两个master，就像大脑分裂了一样，这样会导致客户端还在old master那里写入数据，新节点无法同步数据，当网络恢复后，sentinel会将old master降为slave，这时再从新master同步数据，这会导致old master中的大量数据丢失。
关于解决的话，我记得在redis的配置中可以设置：第一可以设置最少的slave节点个数，比如设置至少要有一个从节点才能同步数据，第二个可以设置主从数据复制和同步的延迟时间，达不到要求就拒绝请求，就可以避免大量的数据丢失。”
分片集群、数据读写规则
前言
在前面我们已经学习了主从集群和哨兵机制，主从解决的是高并发（读）的问题，哨兵模式解决的是高可用的问题。
但是依然有两个问题没有解决。如果现在有海量的数据要存储怎么办（海量数据存储问题）？如果项目中有大量的写请求（高并发写的问题），那么主从模式也没有办法解决，这时候我们可以采用分片集群来解决问题，先来了解一下分片集群的结构。
分片集群结构
分片集群是如何解决海量数据存储和高并发写的问题的？比如有一个redis集群，对于分片集群来说，它有一些特征：
1、集群中有多个master节点，每个master节点保存的是不同的数据；
（不再是主从关系，每一个redis节点都是master。",59
java面试八股文Redis篇.docx,"假如每一个节点都能存储20G内存，3个合在一起就是60G，因此数据存储的上限取决于master节点的数量。理论上讲就能应对海量存储了。
如果是高并发写也能解决，因为我们有多个master节点，每个master都能写，并发写的能力也得到了提升。但是这种架构会导致并发读的能力下降，不过没关系，接下来可以看第二个特征。）
2、每个master都可以有多个slave节点；
（比如每个master本身还可以形成一个主从关系，它就同时具备了主从集群的特征，因此有多个slave就能解决高并发的读了，有多个master也能解决高并发的写。）
3、master之间通过ping监测彼此健康状态（心跳检测）；
（以前主从要用哨兵，现在就不需要了，因为每个master之间就互相起到了一个哨兵的作用，通过心跳来互相监控。如果多个master都认为某个master下线了，也会把它标记为客观下线，接下来也可以做主从的切换，这个就类似于哨兵的功能。
但是我们有这么多信息，又没有哨兵，将来redis客户端该访问谁呢？事实上，redis客户端可以访问集群中任意一个节点。往下看第四个特征。）
4、客户端请求可以访问集群任意节点，最终都会被转发到正确节点。
（因为这些节点之间做了一个自动的路由，它会把请求路由到正确的节点上去访问，所以便不再需要哨兵机制了，因为已经具有哨兵机制的所有功能了。）
![image](/files/24a120f7-eebf-4831-964c-bdcad30132b3/file-preview)
分片集群结构-数据读写
那么是如何路由的呢？Redis分片集群引入了哈希槽的概念，Redis集群有16384个哈希槽，每个key通过CRC16校验后对16384取模来决定放置在哪个槽，集群的每个节点负责一部分hash槽。
在我们创建分片集群的时候，可以给每个节点分配相对平均的哈希槽。",60
java面试八股文Redis篇.docx,"在我们创建分片集群的时候，可以给每个节点分配相对平均的哈希槽。比如有三个主节点，它们各个分配了一定量的哈希槽：0-5460、5461-10922、10923-16383，把这16384个哈希槽平均地分配到集群中的主节点中，如果主节点不止3个，可以再重新分配一下。
当我们去写数据的时候，比如现在有一条命令：set nameitheima，然后它会通过CRC16计算name（当前key）的hash值，假如得到的值是666666，它就会拿这个值去模以16384，得到的值必定是16384内的值（666666 % 16384 = 11306），其中11306的哈希槽对应的是第三个节点，所以就把数据存储在这个节点上。
如果是读数据也是类似的，它也是先去计算key的hash值，然后模以16384，最终就能找到对应的redis节点获取数据。当然在去使用分片集群的时候，我们可以设置key的有效部分，就是说我们可以按照一定的规则来选择可以存储到哪一个节点中。
假如有一条命令：set {aaa}nameitheima，在key前面有一个大括号，里面的值就是有效部分，在去计算hash值的时候，就会按照这个“aaa”用CRC16算法计算hash值，最终的值是888888（888888 % 16384 = 4152），找到第一个节点去存储数据了。
如果说有相同的业务数据，都想存储到同一个redis节点上，就可以设置相同的有效部分来进行存储数据。如果没有设置有效部分，那么这个key就是有校部分，用这个key来进行计算hash值，这个就是分片集群中数据读写的流程。",61
java面试八股文Redis篇.docx,"如果没有设置有效部分，那么这个key就是有校部分，用这个key来进行计算hash值，这个就是分片集群中数据读写的流程。
![image](/files/0d9c1af3-3d55-4553-9259-adea657270bb/file-preview)
总结
面试官：“redis分片集群有什么作用？”
1、集群中有多个master，可以让每个master保存不同数据（解决海量数据存储的问题，同时有多个master也能解决高并发写的问题）；
2、每个master都可以有多个slave节点（解决高并发读的问题）；
3、master之间可以通过ping监测彼此健康状态（类似于之前的哨兵模式）；
4、客户端请求可以访问集群任意节点，最终都会被转发到正确节点（路由规则，具体看第二个问题。）
面试官：“redis分片集群中数据是怎么存储和读取的？”
1、redis分片集群引入了哈希槽的概念，redis集群有16384个哈希槽；
2、将16384个哈希槽分配到不同的实例（实例主要指的是主节点）；
3、读写数据：先根据key的有效部分计算哈希值，对16384取余（其中有效部分有分两种情况，如果key前面有大括号，大括号的内容就是有效部分，如果没有，则以key本身作为有效部分），得到的余数就能找到对应的插槽，然后寻找插槽对应的实例就能去读写数据了。
模板
面试官：“redis的分片集群有什么作用？”
答：“分片集群主要解决的是，海量数据存储的问题，集群中有多个master，每个master保存不同数据，并且还可以给每个master设置多个slave节点，就可以继续增大集群的高并发能力。同时每个master之间通过ping监测彼此健康状态，就类似于哨兵模式了。客户端请求可以访问集群任意节点，最终都会被转发到正确决定。",62
java面试八股文Redis篇.docx,"同时每个master之间通过ping监测彼此健康状态，就类似于哨兵模式了。客户端请求可以访问集群任意节点，最终都会被转发到正确决定。”
面试官：“redis分片集群中数据是怎么存储和读取的？”
答：“redis引入了哈希槽的概念，有16384个哈希槽，集群中每个主节点绑定了一定范围的哈希槽范围，key通过CRC16校验后对16384取模来决定放置哪个槽，通过槽找到对应的节点进行存储。取值的逻辑是一样的。”
Redis是单线程的，但是为什么还那么快
前言
接下来看redis比较常见的面试题。
面试官：“redis是单线程的，但是为什么还那么快？”
1、redis是纯内存存在，执行速度非常快（这是redis快的主要原因）；
2、采用单线程，避免不必要的上下文切换可竞争条件（因为在多线程的环境下，我们CPU的核数是一定的，必然会涉及到上下文切换，这也是损耗性能的地方），多线程还要考虑线程安全问题（可能会大量使用并发锁的技术，所以使用多线程未必会友好）；
3、（redis底层）使用I/O多路复用模型，非阻塞IO（所以redis的性能就比较好）。
一般答到这个程度就可以了，就怕遇到刁钻的面试官，对于前面两个点，比如是基于内存操作的、单线程的这些解释没有什么可细问的。但是I/O多路复用可能会接着问。
面试官：“能解释一下I/O多路复用模型？”
先说结论：redis是纯内存操作，执行速度非常快，它的性能瓶颈是网络延迟而不是执行速度，I/O多路复用模型主要就是实现了高校的网络请求。那么到底是怎么实现高校的网络请求呢？
要解释这个问题，我们还要从头开始说起：
1、（我们要熟悉）用户空间和内核空间（的概念）；
2、（我们需要知道一些）常见的IO模型：
阻塞IO（Blocking IO）；
非阻塞IO（Nonblocking IO）；
IO多路复用（IO Multiplexing）。",63
java面试八股文Redis篇.docx,"3、（介绍一下）redis网络模型。
用户空间和内核空间
我们以linux系统为例，在linux系统中一个进程使用的情况可以划分为两部分：内核空间、用户空间，如下图所示。
![image](/files/0652d40b-dee1-4e96-afb6-00998a178601/file-preview)
从下往上看，下面是一些硬件，比如内存、磁盘、网卡等等，中间是内核空间，最上面是用户空间。其中用户空间的权限比较低，如果我们想要调用到系统的一些资源，就必须使用到内核空间。
内核空间的权限比较大，它可以调用一切的系统资源，比如说我们在电脑上打开微信聊天，发送给好友“张三”：“下午去钓鱼。”
我们分析一下这条消息发送的过程：首先打开了微信就相当于开了一个进程，我们编辑的聊天信息就相当于是在用户空间操作的。
那么编辑完成的消息是如何发送的呢？我们的电脑上都有个硬件“网卡”，它能够去连接互联网找到“张三”的微信进行消息发送，但是我们编辑的内容属于用户空间。
用户空间是不能直接操作网卡的，这时候就需要内核空间去操作网卡把消息给发送出去。简单说就是用户空间没有权限直接操作网卡的设备，但内核空间有权限，用户空间需要记录内核所提供的接口才能把消息给发送出去。
当然在消息发送的时候，linux为了提高IO效率，会在用户空间和内核空间都加入缓冲区。当我们去写数据的时候，需要从用户空间的缓冲区把数据拷贝到内核的缓冲区，然后再去写入到设备（包括了磁盘或者网卡等硬件）；当我们读数据的时候，先从设备读到内核缓冲区，然后再拷贝到用户缓冲区。
还是拿刚才的例子来说，我们给“张三”发微信，编辑好的内容是在用户的缓冲区，需要把这些内容拷贝到内核的缓冲区，然后再由内核的指令操作硬件，（比如网卡）消息给发送出去。
如果这时候“张三”给你回复了一条消息：“好的，收到。",64
java面试八股文Redis篇.docx,"如果这时候“张三”给你回复了一条消息：“好的，收到。”
接收到的这条消息是从网卡过来的，然后就由内核读到了内核缓冲区，再拷贝到用户缓冲区，你才能在微信上看到“张三”给你回复的消息。
![image](/files/4408ac82-21b3-4c60-b137-7b1e2401c778/file-preview)
在整个过程中涉及到各种状态的切换，影响我们IO效率的有两个原因：
1、在用户空间需要数据的时候，要从内核中获取。假如内核中没有数据，那么用户进程就只能在那里等待数据，要是一直没有数据，就白等了，这是一个效率的浪费；
2、数据的拷贝。我们读数据的时候需要从内核拷贝到用户，写数据的时候需要从用户拷贝到内核，来回的拷贝也是非常影响性能的。
所以说我们想要提升IO的效率，就得从这两点来解决。
第一个是想办法减少无效的等待，第二个是减少用户空间与内核空间的数据拷贝。我们学习的IO模型就是为了优化这些地方。
阻塞IO
如图所示，左边是用户空间，右边是内核空间。
![image](/files/1b069c85-522d-4f98-a228-5fc321231b86/file-preview)
假如现在用户想要从内核中获取数据，流程是这样：用户进程尝试读取数据的时候，这里面调用一个recvfrom函数，直接调用内核空间所提供的接口，如果说这时候内核中还没有我们想要的数据，就在内核这里进行等待，这时候用户进程就处于阻塞状态。
假如现在数据已经准备好了，我们就需要把数据从内核缓冲区拷贝到用户缓冲区，拷贝过程中用户进程也是处于阻塞状态。当拷贝完成之后，用户进程拿到了数据，这个阻塞状态才会解除。
可以得出一个结论：这个阻塞IO模型，用户进程在两个阶段都是处于阻塞状态，它需要等待数据就绪，还需要等待数据拷贝完成，这个相对来说比较耗时，性能也就不高。
非阻塞IO
如图所示。",65
java面试八股文Redis篇.docx,"可以得出一个结论：这个阻塞IO模型，用户进程在两个阶段都是处于阻塞状态，它需要等待数据就绪，还需要等待数据拷贝完成，这个相对来说比较耗时，性能也就不高。
非阻塞IO
如图所示。当用户进程尝试去读取数据的时候，它依然是去调用recvfrom函数。
![image](/files/7655d380-0601-469f-bd60-f5f8b2b5f10f/file-preview)
假如现在用户想要从内核中读取数据，现在内核中还没有数据，注意此时内核需要等待数据，但是它会直接把异常返回给用户进程，那么用户进程就不会处于阻塞状态。
但用户进程拿到异常之后，它会再次尝试去读取数据，如果还没有，又会再次尝试去读取数据，就这样不断循环，直到数据准备就绪了，这时候用户进程也需要等待数据的拷贝完成，从内核缓冲区拷贝到用户缓冲区，拷贝完成后用户进程才会解除阻塞状态。
总的来说，用户进程在第一个阶段是非阻塞的，但在第二个阶段数据拷贝的时候依然是阻塞的。虽然在第一个阶段没有阻塞，但是性能也没有得到提高，因为这个时候用户进程会不断询问内核有没有准备就绪，造成了“忙等”，导致CPU的空转，也会导致CPU使用率暴增，所以它的效率也不是很高。
IO多路复用
接下来是我们的主角：IO多路复用，它的性能是比较高的，redis底层使用的就是它。
IO多路复用是利用单个线程来同时监听多个Socket（主要指的是客户端的连接），并在某给Socket可读、可写时得到通知，从而避免无效的等待，充分利用CPU资源。
如图所示。",66
java面试八股文Redis篇.docx,"IO多路复用是利用单个线程来同时监听多个Socket（主要指的是客户端的连接），并在某给Socket可读、可写时得到通知，从而避免无效的等待，充分利用CPU资源。
如图所示。
![image](/files/ed559200-6834-41e5-8289-8d1154b59da9/file-preview)
第一个阶段：此时用户进程还是去获取数据，它不再去调用recvfrom函数，而是先去调用了一个select函数，通过这个函数就可以去监听一个Socket集合（里面包含多个Socket），这时候只要有任意一个或多个Socket数据就绪的时候，就返回一个可用的状态，在这个监听的过程中用户进程是阻塞的。
第二个阶段：用户进程已经知道了准备就绪的Socket，然后再去调用recvfrom函数去读取数据，因为这里可能存在多个Socket，所以它会在这里使用一个循环依次进行调用，等待内核中的数据拷贝到用户缓冲区，这个流程就结束了。
这两个阶段用户进程都处于阻塞的状态，看起来性能也没什么提升。但是注意，当调用select函数的时候，它可用一次性监听多个Socket，当有Socket处于可读或可写的时候，才会调用recvfrom函数去读取数据。
它不会像之前的阻塞IO和非阻塞IO一样直接去调用recvfrom函数。假如现在有很多Socket请求都来了，我们目前是一个单线程的情况，那么这么多的客户端Socket都要去排队等待，因为阻塞IO一次只能处理一个Socket。
假如正在处理的Socket没有数据，那么它就需要等待数据的就绪，整个进程都会处于阻塞的状态，此时队列中的其它Socket也要跟着继续等。即使这些Socket的数据已经准备就绪了，也没办法，只能一个一个去等，所以说性能就比较差。",67
java面试八股文Redis篇.docx,"即使这些Socket的数据已经准备就绪了，也没办法，只能一个一个去等，所以说性能就比较差。
而IO多路复用就不一样，select一次性传递多个Socket进去，只要有任意一个就绪，就会立马知道结果，然后我们就可以使用recvfrom函数去处理数据就行了。因此这种模式的效率肯定是比阻塞IO要高很多的。
这只是IO多路复用的一个基本的思路，实际上还有很多种不同的使用方式。在Linux系统中，IO多路复用实现方式有三种：
1、select；
2、poll；
3、epoll。
这三种方式的差别可以通过一个点餐案例来理解：
如图所示，这里有一个服务员，现在有很多人需要点餐，点餐流程是这样：大致有两种效果：
![image](/files/f61d4a93-c5ef-474f-81a2-80edd70d5aed/file-preview)
（1）监听模式，每个顾客都会在自己桌子面前，每个桌子上都有一个开关，开关会连接到服务员的灯泡上。那么任意有一个人想好要吃什么了，TA就可以按这个开关，这时候就会通知服务员，服务员面前的灯就亮了，那么服务员就知道有顾客就绪了，需要点餐了。
但是有个问题，因为服务员面前就只有一个灯，任何一个人按它都会亮，导致当灯亮的时候，服务员不知道到底是谁就绪了，那么接下来要做的事情就多了，TA要去一个一个询问是谁点餐了，直到找着了真正点餐的顾客。
这种模式是早期IO多路复用实现的方案，也就是select和poll的实现方案，这种通知的机制不太好。
（2）后来的Linux系统就升级了一种新的通知方案：epoll模式。
它的思路是这样：大家面前的按钮就不是控制灯泡了，可能是直接控制服务员面前的计算机，顾客按了按钮之后，就会直接在计算机上显示出是几号桌就绪了，这样服务员就可以快速找到就绪的顾客，然后去给TA点餐。",68
java面试八股文Redis篇.docx,"它的思路是这样：大家面前的按钮就不是控制灯泡了，可能是直接控制服务员面前的计算机，顾客按了按钮之后，就会直接在计算机上显示出是几号桌就绪了，这样服务员就可以快速找到就绪的顾客，然后去给TA点餐。
总结一下三种方式的差异：select和poll只会通知用户进程有Socket就绪，但不确定具体是哪个Socket，需要用户进程逐个遍历Socket来确认；epoll则会在通知用户进程Socket就绪的同时，把已就绪的Socket写入用户空间（用户就能直接看到是谁就绪了，直接去处理就可以了）。
对比之前的阻塞IO和非阻塞IO，性能提升了很多。
Redis网络模型
Redis的网络模型底层不仅仅只用了IO多路复用，还加入了自己的一些功能，如图所示。
![image](/files/b6fcb620-1d08-4522-b42d-85be6ac5a183/file-preview)
IO多路复用主要用来负责用来监听的，监听客户端（每一个Socket）的连接，但是每个连接有可能处理不同的事件，比如有的客户端需要有写请求，也有客户端需要有读请求。
这个IO多路复用只负责就绪的连接，然后把这些不同的事件进行派发。派发给谁？在redis中提供了多个事件处理器，分别是用于实现不同的网络信息请求，比如连接应答处理器，可以处理客户端请求的应答；命令回复处理器，处理客户端的响应；命令请求处理器，接收客户端的参数、转换redis的指令、输出结果（这些结果还需要用到命令回复处理器来响应客户端）。
这就是整个redis网络的模型，就是IO多路复用加上事件派发机制，当然以上说的是单线程的模型。在redis6.0之后，又引入了多线程的模型，就是想进一步提升redis的性能。
在传统的单线程模型下，真正影响性能的并不是我们命令的执行，也不是IO多路复用这种事件的监听机制，而是IO。",69
java面试八股文Redis篇.docx,"在redis6.0之后，又引入了多线程的模型，就是想进一步提升redis的性能。
在传统的单线程模型下，真正影响性能的并不是我们命令的执行，也不是IO多路复用这种事件的监听机制，而是IO。记住，影响性能的永远是IO，比如数据库操作也是一样，mysql里面最影响性能的肯定就是磁盘读写，而我们这里是网络读写。
Redis为了解决这个问题，又引入了多线程。其实只有两块内容引入了多线程：
第一个是命令的解析。
第二个是响应结果的输出。
假如现在有很多客户端都来读数据，每个客户端都会携带自己的命令，在单线程的情况下可能会忙不过来，于是在接受网络请求、指令转换的这个地方就可以开启多个线程去处理，把它解析成redis可以执行的命令，但是注意在真正执行命令的时候，还是我们的主线程去执行的，这个是串行执行的，它是线程安全的。
因为这个命令执行都是基于内存操作，它并不会影响性能，真正影响性能的就是接受网络请求、指令转换的这块内容，所以才在这里加入多线程，执行完成后就会把结果放到缓冲区就可以了。
紧接着，一旦触发了写事件，就要往外写了，在往外写数据的时候，命令回复处理器这个地方也是比较耗时的，因为这里也会涉及到网络响应的问题，所以在这里也开启多线程。
在这两个地方加入多线程之后，可以说是大大提高了redis对于这种客户端处理的速度，主要是减少了网络IO导致的性能变慢的影响。
整体来看，redis网络模型其实就是一个IO多路复用结合事件派发这种机制，也就是说客户端的请求来了以后都会交给IO多路复用，就多了一个事件的监听，不管是什么都拿过来，提前定义好各式各样的事件处理器，然后对应不同的事件，我们就派发给不同的处理器去处理。
其中在网络这一块做了优化，分别是接收参数转换指令和响应客户端这两个地方加入了多线程的操作，进一步提升了redis的性能。",70
java面试八股文Redis篇.docx,"其中在网络这一块做了优化，分别是接收参数转换指令和响应客户端这两个地方加入了多线程的操作，进一步提升了redis的性能。
总结
面试官：“能解释一下I/O多路复用模型？”
我们从两个地方去回答：
1、I/O多路复用
是指利用单个线程来同时监听多个Socket，并在某个Socket可读、可写时得到通知，从而避免无效的等待，充分利用CPU资源。目前的I/O多路复用都是采用的epoll模式实现，它会在通知用户进程Socket就绪的同时，把已就绪的Socket写入用户空间，不需要挨个遍历Socket来判断是否就绪，提升了性能。
2、Redis网络模型
就是使用I/O多路复用结合事件的处理器（自己开发的）来应对多个Socket请求，常见的有以下三种处理器：
连接应答处理器；
命令回复处理器，在redis6.0之后，为了提升更好的性能，使用了多线程来处理回复事件；
命令请求处理器，在redis6.0之后，将命令的转换（还有接收网络参数）使用了多线程，增加命令转换速度，在命令执行的时候，依然是单线程（依然是线程安全的，也就是说只有在平衡的网络IO情况下，才加入多线程，提升性能）。
模板
面试官：“redis是单线程的，但是为什么还那么快？”
答：“有以下几个原因：
1、完全基于内存的，C语言编写；
2、采用单线程，避免不必要的上下文切换可竞争条件；
3、使用多路I/O复用模型，非阻塞IO。
例如：bgsave和bgrewriteaof都是在后台执行操作，不影响主线程的正常使用，不会产生阻塞。”
面试官：“能解释一下I/O多路复用模型？”
答：“I/O多路复用模型是指利用单个线程来同时监听多个Socket，并在某个Socket可读、可写时得到通知，从而避免无效的等待，充分利用CPU资源。",71
java面试八股文Redis篇.docx,"面试官：“能解释一下I/O多路复用模型？”
答：“I/O多路复用模型是指利用单个线程来同时监听多个Socket，并在某个Socket可读、可写时得到通知，从而避免无效的等待，充分利用CPU资源。目前的I/O多路复用都是采用的epoll模式实现，它会在通知用户进程Socket就绪的同时，把已就绪的Socket写入用户空间，不需要挨个遍历Socket来判断是否就绪，提升了性能。
其中redis的网络模型就是使用I/O多路复用结合事件的处理器来应对多个Socket请求，比如提供了连接应答处理器、命令回复处理器、命令请求处理器。
在redis6.0之后，为了提升更好的性能，在命令回复处理器使用了多线程来处理回复事件，在命令请求处理器中，将命令的转换使用了多线程，增加命令转换速度，在命令执行的时候，依然是单线程。”",72
java面试八股文微服务篇.docx,"微服务篇
前言
说到微服务，特别是近几年的开发，很多的软件架构都是向微服务的开发看齐的，即使我们的业务量没有那么大，但是技术都发展到这里了，怎么能不用呢？
即使我们真的没有用过，也务必在简历上面体现一点微服务的技术，因为企业在招人筛选简历的时候，微服务的技术是一个重要的选项，所以即将找工作的同学一定要有一些微服务面试题的准备，才能在众多面试者中脱颖而出。
这一篇包含了3部分内容：Spring cloud、业务相关、消息中间件。
![image](/files/bad84cdb-8d92-41b7-b4ff-203b303dc1dd/file-preview)
Spring cloud又分了4个小章节：
1、服务注册；
这里会重点讲解nacos、eureka。
2、负载均衡；
这里会讲解Ribbon负载均衡策略、自定义负载均衡。
3、（服务之间的）熔断、降级；
4、监控。
这里我们会讲解一个skywalking，这是一个链路追踪的技术。
随着微服务的发展，就会出现一些微服务自己的问题，这些问题我们总结为业务相关的内容：
1、限流；
因为现在业务发展比较快，可能流量就比较大，那么服务就可能会支撑不住，所以我们的微服务需要去做限流。
在限流里面，我们会讲解两种算法：漏桶算法、令牌桶算法。
2、分布式事务；
我们首先会讲解分布式理论CAP、BASE，紧接着会讲解分布式事务解决方案，最后再去讲解目前比较主流的分布式事务框架seata。
3、分布式服务接口幂等；
我们会讲解一个分布式服务接口的幂等方案。
4、分布式任务调度。
我们会基于xxl-job去讲解。
最后是消息中间件的内容：
1、RabbitMQ；
2、Kalfka。
消息中间件的内容是比较多的，后面会专门开一个篇章来讲解。",1
java面试八股文微服务篇.docx,"4、分布式任务调度。
我们会基于xxl-job去讲解。
最后是消息中间件的内容：
1、RabbitMQ；
2、Kalfka。
消息中间件的内容是比较多的，后面会专门开一个篇章来讲解。
springcloud-常见组件有哪些
前言
面试官：“Spring Cloud5大组件有哪些？”
当然也有可能故意不跟我们说是“5大组件”，面试官问这个问题就是想验证一下我们对Spring Cloud的基本认识。
如果之前没用过Spring Cloud,那么还是需要好好准备一下的。
这道面试题是送分题，同时也是送命题，如果回答不出来，面试官可能就没有问下去的欲望了。
基础的内容考核。回答原则：简单的问题不能答错（一道面试题就能淘汰一个人），新手和老手都要注意。
springcloud-常见组件有哪些
如果之前也微服务的开发经验，那么这道题是非常好理解的。
如图所示。这是某一个微服务的简易架构图，其实已经能够说明问题了。
![image](/files/40f54b42-5d78-4cd2-aada-4f60872bbf44/file-preview)
这里面都是一个个微服务，比如用户微服务、文章微服务等，它们都是按照业务划分的微服务。
微服务之间可能需要远程调用，所以说每个服务的地址需要动态地管理起来。
这里面应该要给面试官说的第一个组件：注册中心。然后微服务还需要互相调用，这里就是远程调用所需要的组件：Feign。
如果服务是有集群的，这时候还需要用到组件：Ribbon进行负载均衡。
在远程调用过程中，服务可能会产生降级，甚至是熔断，所以说就需要用到组件：Hystrix。
如果我们微服务想要对外暴露接口，我们统一使用网关组件：Zuul/Gateway，网关就是服务的入口。
这些就是常见的Spring Cloud的5个组件。当然图中还有一个配置中心。",2
java面试八股文微服务篇.docx,"如果我们微服务想要对外暴露接口，我们统一使用网关组件：Zuul/Gateway，网关就是服务的入口。
这些就是常见的Spring Cloud的5个组件。当然图中还有一个配置中心。
如果我们使用的是nacos，或者是直接使用Spring Cloud Config（一个分布式配置管理系统，它提供了一个中心化的配置服务器来管理应用程序的配置信息），都可以完成配置中心的功能。
所以说Spring Cloud是不止有5个组件的，但是前面说的这5个组件这面试过程中是必须要回答出来的。
回答这个问题的时候，可以想一下之前项目的架构图，如果没有就按照上面的图片进行说明。
总结
面试官：“Spring Cloud5大组件有哪些？”
通常情况下：
1、Eureka：注册中心；
2、Ribbon：负载均衡；
3、Feign：远程调用；
4、Hystrix：服务熔断；
5、Zuul/Gateway：网关。
随着SpringCloudAlibba在国内兴起，我们项目中使用了一些阿里巴巴的组件：
1、注册中心/配置中心：Nacos；
2、负载均衡：Ribbon；
3、服务调用：Feign；
4、服务保护：sentinel；
5、服务网关：Gateway。
模板
面试官：“Spring Cloud5大组件有哪些？”
答：“在早期，Spring Cloud的五大组件通常指的是：
Eureka：服务注册中心；
Ribbon：客户端负载均衡；
Feign：声明式的服务调用；
Hystrix：服务熔断器；
Zuul/Gateway：API网关。
随着Spring Cloud Alibaba的兴起，我们项目中也融入了一些阿里巴巴的技术组件：
服务注册与配置中心：Nacos；
负载均衡：Ribbon；
服务调用：Feign；
服务保护：sentinel；
API网关：Gateway。",3
java面试八股文微服务篇.docx,"springcloud-注册中心eureka、nacos
前言
面试官：“服务注册和发现是什么意思？Spring Cloud如何实现服务注册发现？”
问这个问题主要的原因是：
1、在微服务中，注册中心是必不可少的组件，也是考察我们使用微服务的程度；
2、注册中心的核心作用是：服务注册和发现；
3、常见的注册中心：eureka、nacos（这两个是微服务中比较常见的）、zookeeper（通常与dubbocom搭配一起使用）。
我们重点讲解eureka和nacos。当然在给面试官陈述的时候，要交代我们当时做过的哪一个微服务项目里面，使用了哪一个注册中心。
本来回答到这个程度就可以结束的，面试官可能看到你的简历上还有nacos，可能还会接着问：“我看你之前也用过nacos，你能说下nacos与eureka的区别？”
面试官问这个问题也有可能TA比较熟悉nacos和eureka。
其实这两个是存在一些异同点的。
Eureka的作用
接下来我们以eureka为例，来说一下注册中心的作用。
![image](/files/5a72017d-474c-49bc-8630-d518eccdc937/file-preview)
现在有两个微服务：order-service（订单的微服务）、user-service（用户的微服务）。
假如现在有一个下单的操作，我们要去保存订单，但是在保存订单的时候我们需要去远程调度用户微服务来去获取用户的数据。
order-service需要去拿到user-service的ip和端口，因为这样子才知道哪一个是用户的微服务，这时候就要用到注册中心了。",4
java面试八股文微服务篇.docx,"order-service需要去拿到user-service的ip和端口，因为这样子才知道哪一个是用户的微服务，这时候就要用到注册中心了。
为什么要用到注册中心呢？因为如果order-service要去调用user-service，但是后者可能会有多台服务，比如它做了集群，里面有3台服务器：8081、8082、8083，那么order-service要调用哪一台呢？这就不太好找了。
目前是3台，假如后期又有8084、8085，那么order-service就更不方便了，所以说就需要用到注册中心来管理这些地址。
有一些概念需要了解一下：
user-service属于服务提供者，order-service属于服务消费者；
1、注册服务信息；
我们要如何利用注册中心去共享地址呢？首先当服务提供者去启动服务的时候，就要把它自己的信息注册到注册中心，这时候注册中心就会保存服务提供者这3台服务器的地址。
比如里面有一个服务名称是“user-service”，它对应了3台服务器：8081、8082、8083。还有一个“order-service”，为什么它也要注册？因为目前的远程调用都是相对的。
假如有其他的微服务要去调用order-service，那么当前的订单微服务也需要注册到注册中心，所以注册中心里面也要保存order-service相关的地址了。
2、拉取服务user-service的信息；
注册中心有了前面的地址之后，服务消费者就要到注册中心去拉取信息了。
那么要拉取什么信息呢？比如order-service要去调用user-service，这时候就会把用户微服务的数据拉取到了本地，现在这里面就有8081、8082、8083三个地址。
3、负载均衡；
接下来这三个地址要选哪一个去调用呢？这时候在内部会做一个负载均衡，比如选中了8081。
4、远程调用。",5
java面试八股文微服务篇.docx,"3、负载均衡；
接下来这三个地址要选哪一个去调用呢？这时候在内部会做一个负载均衡，比如选中了8081。
4、远程调用。
拿到了8081之后，order-service就可以直接去调用user-service的8081服务器进行远程调用了。
![image](/files/9fa752e0-e52a-44c2-b483-ef1b4bb57141/file-preview)
这就是eureka的一个基本的工作流程。这里的服务注册主要体现在服务提供者需要把自己的数据注册到注册中心，这个就是注册。
还有服务发现，我们的订单微服务需要去远程调用，就要从注册中心拉取数据，这个就是服务发现。
注册中心还有另外一个功能：健康监控。
![image](/files/92e42333-8a74-4679-a875-b5f4e96f69a6/file-preview)
假如现在服务提供者有1台服务器宕机了应该怎么办？实际上每一个微服务都要定期向注册中心发送心跳去证明当前是一个健康的实例。
例如某个实例一直没有发送心跳，比如是8083挂了，那么如果注册中心在90秒之后还没有收到服务的心跳，它就会认为当前这一台实例挂机了，就要从服务列表中把8083删掉。
相对的，当服务消费者去拉取信息的时候，就不会拿到8083的数据了，只剩下8081、8082。
Nacos的工作流程
接下来我们看一下，nacos作为注册中心会有什么区别？
![image](/files/3a4f5b5d-1496-4485-a41b-c33c560e1ce7/file-preview)
还是服务提供者、服务消费者和注册中心。基本的思路是一样的：
服务提供者需要把自己的信息注册到nacos中，服务消费者需要从注册中心拉取数据（pull）。",6
java面试八股文微服务篇.docx,"基本的思路是一样的：
服务提供者需要把自己的信息注册到nacos中，服务消费者需要从注册中心拉取数据（pull）。
这时候服务消费者就可以获取一些服务列表的信息，比如当前的某些IP地址，然后它才能去发起远程调用。
这跟eureka的流程是一样的。
nacos也有健康检测，比如当前的服务提供者也会定期地发送心跳给nacos，证明当前的某一个节点是存活的。
![image](/files/b2be57bf-3bb6-45e9-b6e6-8bc73db39c77/file-preview)
但不同的是这里面出现了临时实例，下面是正常情况下我们在微服务中配置nacos的一种方式：
![image](/files/18cfa116-ab1e-4a6f-8e85-da96fd3a20fd/file-preview)
这里面设置了nacos的地址，ephemeral的意思是“临时的”，它的默认值是true，我们通常不会去设置它，也就是说我们平时创建的实例都是临时实例。
假如在这里设置了ephemeral并且改为false，那么这个实例就是非临时实例。
如果是临时实例，整个流程其实是跟eureka是一样的。
如果是非临时实例，结果就不太一样了。nacos会主动进行询问，看看当前的服务提供者是否存活。
这是一个很大的不同，因为我们之前的临时实例都是主动发起心跳去请求nacos，表示实例还活着。
现在反过来是nacos主动询问非临时实例是否还存活，它有可能是没有非临时实例这种概念的，这是第一个不同。
如果当前某一个服务的地址发生变更，那么nacos会主动去推送变更的信息，也就是说nacos不仅有pull，还有push。
正常情况下是服务消费者去拉取信息，假如服务提供者的信息发生改变之后，nacos就会主动进行推送，这个服务列表的更新会更加及时。
这些就是nacos跟eureka不同的地方了。",7
java面试八股文微服务篇.docx,"正常情况下是服务消费者去拉取信息，假如服务提供者的信息发生改变之后，nacos就会主动进行推送，这个服务列表的更新会更加及时。
这些就是nacos跟eureka不同的地方了。
总结
面试官：“服务注册和发现是什么意思？Spring Cloud如何实现服务注册发现？”
我们首先要告诉面试官：
1、我们当时项目采用的是eureka作为注册中心，这个也是spring cloud体系中的一个核心组件；
下面我们再来解释一下服务注册和服务发现：
2、服务注册：服务提供者需要把主库的信息注册到eureka，由eureka来保存这些信息，比如服务名称、ip、端口等等；
3、服务发现：消费者向eureka拉取服务列表信息，如果服务提供者有集群，则消费者会利用负载均衡算法，选择一个发起调用；
4、服务监控：服务提供者会每隔30秒向eureka发送心跳，报告健康状态，如果eureka服务90秒没接收到心跳，就从eureka中剔除。
面试官：“我看你之前也用过nacos，你能说下nacos与eureka的区别？”
1、Nacos与eureka的共同点（注册中心）：
1）都支持服务注册和服务拉取；
2）都支持服务提供者以心跳方式做健康检测。
2、Nacos与eureka的区别（注册中心）：
1）Nacos支持服务端主动检测提供者的状态：临时实例采用心跳模式，非临时实例采用主动检测模式；
2）临时实例心跳不正常会被剔除，但非临时实例不会被剔除；
3）Nacos支持服务列表变更的消息推送模式，服务列表更新更及时；
4）Nacos集群默认采用AP方式（高可用模式），当集群中存在非临时实例时，采用CP模式（强一致模式）；Eureka采用AP方式。
3、Nacos还支持了配置中心，eureka只有注册中心，这也是选择使用nacos的一个重要原因。",8
java面试八股文微服务篇.docx,"3、Nacos还支持了配置中心，eureka只有注册中心，这也是选择使用nacos的一个重要原因。
模板
面试官：“服务注册和发现是什么意思？Spring Cloud如何实现服务注册发现？”
答：“服务注册与发现主要包含三个核心功能：服务注册、服务发现和服务状态监控。
我们项目中采用了Eureka作为服务注册中心，它是Spring Cloud体系中的一个关键组件。
服务注册：服务提供者将自己的信息（如服务名称、IP、端口等）注册到Eureka；
服务发现：消费者从Eureka获取服务列表信息，并利用负载均衡算法选择一个服务进行调用；
服务监控：服务提供者定期向Eureka发送心跳以报告健康状态；如果Eureka在一定时间内未接收到心跳，将服务实例从注册中心剔除。”
面试官：“我看你之前也用过nacos，你能说下nacos与eureka的区别？”
答：“在使用Nacos作为注册中心的项目中，我注意到Nacos与Eureka的共同点和区别：
共同点：两者都支持服务注册和服务发现，以及心跳监测作为健康检查机制。
区别：
1、Nacos支持服务端主动检查服务提供者状态，而Eureka依赖客户端心跳；
2、Nacos区分临时实例和非临时实例，采用不同的健康检查策略；
3、Nacos支持服务列表变更的消息推送，使服务更新更及时；
4、Nacos集群默认采用AP模式，但在存在非临时实例时，会采用CP模式；而Eureka始终采用AP模式。”
springcloud-ribbon负载均衡、负载均衡策略和自定义负载均衡
前言
面试官：“你们项目负载均衡如何实现？”
在Spring Cloud体系中，负载均衡组件是Ribbon，当我们发起远程调用的时候，在Feign组件的底层就是使用Ribbon去做负载均衡的。",9
java面试八股文微服务篇.docx,"那么还有两个问题：Ribbon负载均衡策略有哪些？如果想自定义负载均衡策略如何实现？
这些问题都跟负载均衡有关系，面试官一般会先问简单的，再问具体的。
Ribbon负载均衡流程
我们先来熟悉一下Ribbon实现负载均衡的流程。
![image](/files/786847ff-0db2-4926-83f2-41241b3210da/file-preview)
这里有两种服务，一台订单微服务，两台用户微服务：8081、8082。现在要发起远程调用，这两台应该如何选择呢？这就需要使用到Ribbon了。
1、发起请求[http://userservice/user/1](http://userservice/user/1)：我们发起远程调用的时候需要指定某一个服务名称；
然后调用Ribbon组件，那么它是怎么知道这两台服务器的地址的？这里就要用到注册中心了。
2、拉取userservice：Ribbon会从注册中心去拉取userservice相关的信息；
因为userservice这两台服务器已经注册到注册中心了，所以就能从注册中心获取到这两台服务器的地址。
3、返回服务列表：localhost:8081、localhost:8082；
这时候orderservice就能拿到两台服务器的地址了，但是这两个地址不可能同时去调用。这里就由Ribbon来决定到底选择哪一台服务器进行调用。
4、轮询到8081：比如Ribbon采用的策略是轮询，先找到了8081，那么orderservice调用的就是userservice的8081这台服务器。
当然轮询只是其中一个Ribbon负载均衡策略，还有很多其他的策略。",10
java面试八股文微服务篇.docx,"当然轮询只是其中一个Ribbon负载均衡策略，还有很多其他的策略。
我们总结一下上面流程的重点，当orderservice去发起远程调用的时候，首先找的是Ribbon，由它去注册中心找到对应服务的IP地址列表，拿到地址之后再根据一定的策略（这里是轮询）选择其中一个进行远程调用。
这些操作都是在客户端完成的，就是远程调用的发起方。
负载均衡策略
面试官：“Ribbon负载均衡策略有哪些？”
其实Ribbon给我们提供了很多种负载均衡策略，比较常见的有7种：
1、RoundRobinRule：简单轮询服务列表来选择服务器；
这是简单的轮询策略。按照一定的顺序依次去调用服务的实例。比如有两台实例：8081、8082，第一次调用8081，第二次就会调用8082，依此类推。
2、WeightedResponseTimeRule：按照权重来选择服务器，响应时间越长，权重越小；
这个名字比较长，也可以给面试官陈述它的含义。按照什么权重呢？就是这个ResponseTime（响应时间），响应时间越长的服务器，权重就越小，选择的概率就越低。
3、RandomRule：随机选择一个可用的服务器；
4、BestAvailableRule：忽略拿下短路的服务器，并选择并发数较低的服务器；
这是最小连接数的策略。比如有两台服务器，第一台的连接数是100，第二台是50，这时候就会选择第二台进行连接，可以理解为是选择一个空闲比较多的服务器进行连接。
5、RetryRule：重试机制的选择逻辑；
首先还是会按照轮询的方式进行选择服务，进行远程调用。但是假如某些服务的实例为null或者已经宕机/失效了，这时候它就会按照指定的时间进行不断地重试来获取这个服务。",11
java面试八股文微服务篇.docx,"但是假如某些服务的实例为null或者已经宕机/失效了，这时候它就会按照指定的时间进行不断地重试来获取这个服务。
6、AvailabilityFilteringRule：可用性敏感策略，先过滤非健康的，再选择连接数较小的实例；
比如有3台服务器1、2、3，第一台服务器宕机了，那么就不会选择1，然后再去选择连接数比较小的实例，比如2的连接数是100，3的是50，很显然选择的会是3。
7、ZoneAvoidanceRule：以区域可用的服务器为基础进行服务器的选择，使用Zone对服务器进行分类，这个Zone可以理解为一个机房，一个机架等，而后再对Zone内的多个服务做轮询。
这是区域敏感策略，也是Ribbon默认的一个策略。比如当前有很多种服务，那么机房也会有很多，可能一个在上海，一个在北京。
假如调用方在北京，这时候就会优先选择北京的机房的服务器进行连接，是一个就近原则。
一般情况下，如果没有区域的概念（在一个Zone内），那么还是会使用轮询的方式进行远程调用。
上面这么多的策略，给面试官陈述的时候能说上两三四种就可以了，特别是字体加粗的策略。
自定义负载均衡
面试官：“如果想自定义负载均衡策略如何实现？”
我们可以自己创建类实现IRule接口，然后再通过配置类或者配置文件配置即可，通过定义IRule实现可以修改负载均衡规则，有两种方式：
![image](/files/325a9482-d631-4b5a-b203-7be2bcfd715d/file-preview)
比如现在有order-service、user-service：8081、8082，我们通过Ribbon去发起远程调用。
我们想实现自定义的负载均衡策略，都是在服务的发起方进行配置的。",12
java面试八股文微服务篇.docx,"我们想实现自定义的负载均衡策略，都是在服务的发起方进行配置的。
第一种方式：
我们可以加一个配置类，在它里面可以设置一个返回值，返回值类型是一个IRule接口，RandomRule是IRule的一个实现类。
这个实现类就是前面7种不同的负载均衡策略，都是可以在IRule接口找到对应的实现类的，它们对应的就是不同的策略。
只要让它们被Spring管理就可以了，所以在上面要加上@Bean。
第二种方式：
我们可以在yml配置文件中去指定，比如在调用user-service的时候，用的是哪一种负载均衡策略。
注意这两种方式是不同的，第一种是全局生效的，order-service所有的远程调用使用到的Ribbon负载均衡策略都是统一的；第二种是局部生效的，因为已经在配置文件指定了是哪一种服务，我们在调用哪一种服务的时候使用到什么负载均衡策略。
总结
面试官：“你们项目负载均衡如何实现？”
现在我们使用的微服务都是Spring Cloud，微服务中负载均衡主要使用了一个组件Ribbon，比如我们在使用feign远程调用的过程中，底层的负载均衡就是使用了ribbon。
面试官：“Ribbon负载均衡策略有哪些？”
前面我们讲了7种，可以只给面试官讲其中几个：
1、RoundRobinRule：简单轮询服务列表来选择服务器；
2、WeightedResponseTimeRule：按照权重来选择服务器，响应时间越长，权重越小；
3、RandomRule：随机选择一个可用的服务器；
4、ZoneAvoidanceRule：区域敏感策略（服务器的就近原则），以区域可用的服务器为基础进行服务器的选择，使用Zone对服务器进行分类，这个Zone可用理解为一个机房、一个机架等，而后（如果没有区域的概念了）再对Zone内的多个服务器做轮询（默认）。",13
java面试八股文微服务篇.docx,"面试官：“如果想自定义负载均衡策略如何实现？”
提供了两种方式：
1、创建类实现IRule接口，可以指定负载均衡策略（全局，需要让Spring进行管理才行，才会对所有的负载均衡生效）；
2、在客户端的配置文件中，可以配置某一个服务调用的负载均衡策略（局部，比如要调用user-service，就可以给它专门指定一个负载均衡策略）。
模板
面试官：“你们项目负载均衡如何实现？”
答：“在服务调用过程中，我们使用Spring Cloud的Ribbon组件来实现客户端负载均衡，Feign客户端在底层已经集成了Ribbon，使用非常方便。
当发起远程调用时，Ribbon首先从注册中心获取服务地址列表，然后根据预设的路由策略选择一个服务实例进行调用，常用的策略是轮询。”
面试官：“Ribbon负载均衡策略有哪些？”
答：“Ribbon提供了多种负载均衡策略，包括：
RoundRobinRule：简单的轮询策略；
WeightedResponseTimeRule：根据响应时间加权选择服务器；
RandomRule：随机选择服务器；
ZoneAvoidanceRule：区域感知的负载均衡，优先选择同一区域中可用的服务器。”
面试官：“如果想自定义负载均衡策略如何实现？”
答：“自定义Ribbon负载均衡策略有两种方式：
1、创建一个类实现IRule接口，这将定义全局的负载均衡策略；
2、在客户端配置文件中指定特定范围调用的负载均衡策略，这将仅对该服务生效。”
springcloud-服务雪崩、熔断降级
面试官：“什么是服务雪崩，怎么解决这个问题？”
这个问题主要是考察我们在使用微服务的过程中，有没有解决过一些比较复杂的问题，比如服务雪崩就相当于比较复杂的问题了。",14
java面试八股文微服务篇.docx,"我们先来明确一下什么叫做“服务雪崩”？
![image](/files/be8fa065-2a26-41b1-8dc6-0fc0c22068c1/file-preview)
一个微服务项目中可能会存在众多的微服务，微服务之间的通信有可能会发生Feign的远程调用，如果某一个服务挂了就有可能导致雪崩。
比如这里面的服务D首先挂了，那么服务A去调用服务D的时候肯定是失败的，如果这时候服务A还是不断地向服务D发送请求，注意一个服务的连接数是一定的，调用失败的那些连接并没有释放。
服务A的连接数被占满之后，它就不能对外提供服务了，也就是说服务A也宕机了，这可能是一种连锁反应，其他服务调用服务A的时候也是同样的情况。
这就有可能因为服务D的宕机，导致整个微服务都不可用，这个就是服务雪崩。
简单来说，服务雪崩就是：一个服务失败，导致整条链路的服务都失败的情形。
那么怎么解决这个问题呢？可以使用熔断降级来解决，在这里我们就可以用到Spring Cloud中的一个组件：Hystix，它提供了对服务熔断降级的功能。
说完了解决方案，接下来就是预防方案：限流，即限制访问，比如请求数过多，现在控制一部分流量来预防服务雪崩，它并不能真正解决这个问题。
所以我们重点要讲的还是熔断降级。
服务降级
我们先来说一下服务降级是什么情况。服务降级是服务自我保护的一种方式，或者保护下游服务的一种方式，用于确保服务不会受请求突增影响变得不可用，确保服务不会崩溃。
![image](/files/fea41785-bfcf-43d5-8edf-1dcbfbcf0314/file-preview)
现在有4个微服务，其中服务D里面有两个接口，一个是修改接口：/api/v1/article/update，一个是保存接口：/api/v1/article/save。",15
java面试八股文微服务篇.docx,"其中修改的接口是正常可以访问的，但是保存这个接口有问题，比如抛出异常了。
现在服务A要去调用服务D，比如它要调用的是修改接口，就可以正常访问；假如调用的是保存接口的话，因为这个接口是失败的，所以这时候就可以加入降级的逻辑了。
![image](/files/adb4d0ec-a4b1-414f-ae67-33fa12c33a0d/file-preview)
降级很简单，比如我们可以提示一句话：“您的网络有问题，请稍后再试”，这就是一个降级的逻辑。
现在走了降级之后，这个接口就不通了，也就是说目前这个保存的功能没有了。
具体的代码设置是这样：
![image](/files/69fcf313-aff7-4fad-abb3-a953a2674e81/file-preview)
![image](/files/a8e9e3cb-fac8-4938-b881-c7c9117b0328/file-preview)
我们一般情况下，都是使用Feign接口发起请求来去降级的，比如现在有一个FeignClient，它要调用的是“leadnews-article”，这是一个文章的微服务，在这里面设置了一个“fallback”指定当前降级的逻辑。
哪一个降级？当前Feign接口中有什么内容，就可以在IArticleClientFallback这里定义这个降级的逻辑。这两个是有关联的，它们都有saveArticle()方法。
也就是说，当这个服务可以正常访问的时候，我们走的就是Feign的远程调用，比如访问了服务D，这个服务就要给我们返回数据了。
假如这时候这个接口失败了，抛出异常了，我们就会走降级的逻辑，直接提示：“获取数据失败”。
![image](/files/48181530-aa03-4b4f-8aad-51ff8ebe644b/file-preview)
以上就是降级具体的处理了。",16
java面试八股文微服务篇.docx,"![image](/files/48181530-aa03-4b4f-8aad-51ff8ebe644b/file-preview)
以上就是降级具体的处理了。再假如说当前这个保存接口已经降级了，现在还是有大量的请求过来，如果降级太多，这时候就有可能会触发熔断机制。
服务熔断
什么是熔断？
Hystix熔断机制（Hystix组件提供的功能），用于监控微服务调用情况，默认是关闭的，如果需要开启需要在引导类上添加注解：@EnableCircuitBreaker，如果检测到10秒内请求的失败率超过50%，就会触发熔断机制，之后每隔5秒重新尝试请求微服务，如果微服务不能响应，继续走熔断机制。如果微服务可达，则关闭熔断机制，恢复正常请求。
![image](/files/40b37e96-2c5f-44f0-8c15-f99f8abcfd94/file-preview)
它的工作方式是这样的：里面有3个状态：关闭、打开、半开，它们有什么用？
正常情况下这个熔断机制一直是Closed。假如还是之前的降级逻辑，保存的接口一直走的是降级逻辑，如果请求太多达到了一定的阈值，它就会触发熔断。
![image](/files/e17be0d9-3223-4f43-bfd7-7ec040962e0b/file-preview)
假如10秒内请求的失败率超过50%，这时候当前的断路器就从Closed变成Open，打开之后就会拒绝掉所有的请求。
还是前面说到的两个接口，保存的接口有问题，修改的接口没问题，断路器打开之后，这个服务器整体就不能用了，修改的接口也没办法调用。
这就是断路器打开之后的情况，当然它不会一直打开，经过一段时间之后，它会从Open变成Half-Open，半开状态会尝试放行一次请求。",17
java面试八股文微服务篇.docx,"这就是断路器打开之后的情况，当然它不会一直打开，经过一段时间之后，它会从Open变成Half-Open，半开状态会尝试放行一次请求。
如果当前请求的接口是失败的，它就会继续去打开断路器，经过一段时间再来试一次，默认是每隔5秒重试一次。
现在过了5秒之后，又尝试请求了一次，假如这一次成功了，成功之后就会关闭断路器，这时候所有的请求都可以再次访问服务D了。
![image](/files/7a9c4814-b447-4b57-a705-a95d47a964e6/file-preview)
简单来说，当这个降级的逻辑达到了一定的阈值，默认是10秒内请求的失败率超过50%，断路器就会从Closed变成Open，然后每隔5秒会尝试请求一次数据，如果请求失败就继续打开，再来5秒重试一次。
假如这一次的接口访问是正常的，我们就从Open变成Closed，这时候服务就可以正常进行使用了。
总结
面试官：“什么是服务雪崩，怎么解决这个问题？”
服务雪崩：一个服务失败，导致整条链路的服务都失败的情形。
解决方案有两个。
服务降级：服务自我保护的一种方式，或者保护下游服务的一种方式，用于确保服务不会受请求突增影响变得不可用，确保服务不会崩溃，一般在实际开发中与feign接口整合，编写降级逻辑。
服务熔断：默认关闭，需要手动打开，如果检查到10秒内请求的失败率超过50%，就触发熔断机制。之后每隔5秒重新尝试请求微服务，如果微服务不能响应，继续走熔断机制，如果微服务可达，则关闭熔断机制，恢复正常请求。
这两个也是有区别的，服务降级针对的是某一个接口，并不是针对某一个服务；服务熔断针对的是整个服务，而降级只是部分服务。
模板
面试官：“什么是服务雪崩，怎么解决这个问题？”
答：“服务雪崩是指一个服务的失败导致整个链路的服务相继失败。",18
java面试八股文微服务篇.docx,"模板
面试官：“什么是服务雪崩，怎么解决这个问题？”
答：“服务雪崩是指一个服务的失败导致整个链路的服务相继失败。我们通常通过服务降级和服务熔断来解决这个问题：
服务降级：在请求量突增时，主动降低服务的级别，确保核心服务可用；
服务熔断：当服务调用失败率达到一定阈值时，熔断机制会启动，防止系统过载。”
springcloud-微服务的监控-skywalking
前言
面试官：“你们的微服务是怎么监控的？”
我们先来聊一个话题：微服务为什么需要监控？
![image](/files/61d5963b-6fca-42cd-8f41-838253c8b786/file-preview)
这是一个普通的微服务项目的架构图，里面有可能会出现一些问题：
1、问题定位：当服务链路中某一个微服务挂了之后，我们能不能迅速去定位这个问题；
目前最上面是客户端，比如PC、APP、小程序、其他（安卓、IOS）等等。
这些客户端想去请求后台的服务都需要经过网关，然后再由网关路由到各个微服务，微服务有可能会调用Redis、Mongodb、MySQL、ES等。
问题定位主要指的是：当前我们调用某一个微服务接口的时候，它有可能是多链路的。
什么是多链路？比如当前PC端想要查询一些数据，它首先经过了网关，然后找到了服务A，服务A又去调用了服务G和H，假如找的就是服务H，服务H又去调用了服务K，服务K又去调用了MySQL。
![image](/files/1a4c52d3-4877-4cea-aded-2d7afb9a81a0/file-preview)
仔细一看，当前这条链路里面经过了好几个微服务。假如现在服务K挂了，我们能够迅速找到是哪一个微服务出错了吗？其实是不太好定位的，如果我们的服务调用链路更长的话，只会更加难找。
这是我们第一个需求。
2、性能分析：
还是以前面的微服务项目架构图为例。",19
java面试八股文微服务篇.docx,"假如现在服务K挂了，我们能够迅速找到是哪一个微服务出错了吗？其实是不太好定位的，如果我们的服务调用链路更长的话，只会更加难找。
这是我们第一个需求。
2、性能分析：
还是以前面的微服务项目架构图为例。比如先找到了服务A，然后是服务H、K，最后是MySQL。
![image](/files/c32c7aec-b9b3-4046-9a48-5d59cb92c7f8/file-preview)
如果这个接口的响应时间比较长，超过了2秒，这就说明当前的服务链路里面有一个接口比较慢的话，都会导致整个接口的响应时间比较长，假如就是整个服务K比较慢，我们能不能迅速定位是它的问题呢？这也是不太好定位的。
3、服务关系：
什么是服务关系？我们来重点看一下架构图里面微服务的关系：微服务与微服务之间都有可能会远程调用。
如果发生了远程调用，那么我们就需要清楚微服务之间的关系，比如服务A调用了服务G，然后调用了服务H；服务H又调用了服务K；服务D也调用了服务K；服务C也调用服务K。
![image](/files/4b5f0b0c-a2e1-4684-816c-6fea6cc77cbc/file-preview)
我们需要清楚这个关系，那么这个关系好维护吗？
![image](/files/fd471d88-90a3-46b2-b6d1-3f26bcab9224/file-preview)
假如我们的项目足够大，有可能里面的微服务有上百个、上千个，这时候再靠人工去维护一个服务之间的关系，很显然是不现实的。",20
java面试八股文微服务篇.docx,"4、服务告警：
还是以前面的调用链为例，当前还是服务K出问题了，我们能不能迅速知道是它出问题的呢？
![image](/files/4f16fbb2-2f34-4f6b-b1ea-29b0f7ff9b5a/file-preview)
也就是说当这个服务链路出现问题之后，我们要能够迅速定位是哪一个服务出问题了。
以上都属于我们的需求，这就说明了我们为什么要做监控，它就能帮我们解决上面的问题。
接下来我们说一下常见的服务监控工具：
1、Springboot-admin：可用监控普通的微服务的一些状态和信息，比较简单，功能单一，一般不采用；
2、prometheus+Grafana：这是比较全面的监控工具，功能比较强大，在企业中用的比较多，但是搭建起来比较复杂；
3、zipkin：这是Spring Cloud推荐的一个链路追踪工具，但是跟代码是有耦合的，所以不再用了；
4、skywalking：这也是一个链路追踪工具，相对来说比较优秀。
最后两个都是链路追踪工具，链路追踪也是可以做监控的，提供了一些监控的功能。
所以说有的项目中搭建这个skywalking去做监控就可以了，它就能很好解决前面提到的问题。
skywalking
接下来以skywalking为例来说明一下。
skywalking是一个分布式系统的应用程序性能监控工具（ApplicationPerformanceManagment），提供了完善的链路追踪能力，目前是apache的顶级项目（前华为产品简历吴晟主导开源）。",21
java面试八股文微服务篇.docx,"我们来说一下skywalking是怎么监控项目的，先来熟悉3个概念：
![image](/files/ee6918ab-7140-4f78-87d0-10a754b5b336/file-preview)
1、服务（service）：业务资源应用系统（微服务）；
比如当前有两个做了集群的user-service、order-service微服务，这里的每一个微服务都是一个服务，包括网关也是一个服务。
2、端点（endpoint）：应用系统对外暴露的功能接口（接口）；
比如当我们去发送请求的时候，就会走/api/user/login接口。这个接口主要指的就是端点，当前服务对外暴露的功能接口，我们就认为这是一个端点。
3、实例（instance）：物理机。
比如当前user-service部署到了192.168.200.100、192.168.200.101这两台服务器上，order-service也是两台不同IP的服务器，这就说明当前是不同的服务器实例，包括最后的MySQL部署的服务器192.168.200.150也算是一个实例。
接着在浏览器里面演示一下skywalking具体的功能：
![image](/files/d5893461-068b-4deb-9c36-9394e9a04ec0/file-preview)
这里有许多选项卡，比如仪表盘、拓扑图、追踪、性能分析、日志、告警等。
仪表盘：
在这里面展示了许多的报表信息，比如Services-load，它展示的是目前已经集成skywalking的微服务，已经对接完了3个微服务：heima-leadnews-app-gateway（网关）、heima-leadnews-article（文章微服务）、heima-leadnews-user（用户微服务）。",22
java面试八股文微服务篇.docx,"还有Slow-Services，展示的是比较慢的微服务，排第一的是heima-leadnews-article，第二是heima-leadnews-app-gateway，第三是heima-leadnews-user。在这里排第一的相对来说性能是最差的。
然后是Un-Health-Services，展示的是不健康的服务，排第一的还是heima-leadnews-article，第二是heima-leadnews-app-gateway，第三是heima-leadnews-user。
最后是Slow-Endpoints，展示的是比较慢的接口。排第一的是heima-leadnews-article的一个接口，第二是heima-leadnews-app-gateway的一个接口，第三……
我们有了这些信息就能快速去定位出来：当前到底是哪一个微服务比较慢，哪一个微服务不健康，哪一个接口比较慢。我们就可以针对性地优化了。
这就解决了前面的第一个问题：问题定位。
比如目前最慢的是heima-leadnews-article的某一个接口：heima-leadnews-article-[POST]/api/v1/article/load。
追踪：
![image](/files/28f21052-142a-4c91-b153-306a592fe4d0/file-preview)
我们切换到追踪选项，目前展示的排第一的接口就是heima-leadnews-article-[POST]/api/v1/article/load这个比较慢的接口。
这里面有这个接口加载耗时的情况。它首先经过了两个微服务：heima-leadnews-app-gateway（紫色）、heima-leadnews-article（蓝色），后面就是对应颜色的加载时间。",23
java面试八股文微服务篇.docx,"它首先经过了两个微服务：heima-leadnews-app-gateway（紫色）、heima-leadnews-article（蓝色），后面就是对应颜色的加载时间。
从下往上看，在最底层的是两个连接数据库的接口，耗时比较短，微不可见，说明数据库连接这里没有问题。
然后就发现[POST]/api/v1/article/load加载比较慢，这个接口是SpringMVC里面的内容，这样就大概能定位出来：当前是SpringMVC的问题。
因为[POST]/api/v1/article/load比较慢，所以从它开始往上的加载时间都比较慢。
我们可以看一下SpringMVC的方法中的一段代码：
![image](/files/6c8af831-a083-47b7-adc3-8c24733a1047/file-preview)
这里调用了Thread对象的sleep()方法睡了4ms，所以说当前的接口就比较慢。这时候就可以知道当前大概是哪一块出现了问题，目前已经缩小了范围，我们就能更快地去定位这个问题。
这就是问题定位之后，再去做了一个性能分析，找到具体的问题。
当然这里还能展示更多的数据，比如点击一个数据库连接的接口。
![image](/files/96d67bb6-92a5-4a91-b81b-1c0f8c0a4458/file-preview)
发现里面展示了当前这个接口的查询SQL语句，假如就是SQL的问题，耗时肯定会更长一些。然后我们就可以执行MySQL的EXPLAIN执行计划来去分析当前的SQL到底是哪块出问题了。
这也算是一个问题的定位，到这里skywalking已经帮我们解决了两个问题：问题定位、性能分析。
接下来要解决的就是服务关系。",24
java面试八股文微服务篇.docx,"这也算是一个问题的定位，到这里skywalking已经帮我们解决了两个问题：问题定位、性能分析。
接下来要解决的就是服务关系。我们可以打开拓扑图的界面：
![image](/files/e4c493fb-a794-464e-9851-d6b90fd93576/file-preview)
这里面就可以清晰描述出来当前服务与服务之间的关系，比如这个user就是我们请求的对象，旁边还有网关、文章等服务。
![image](/files/b0e9c3ef-44b3-48ed-9336-47bf24689b55/file-preview)
标红的表示当前这个服务是不健康的，这时候就能够知道当前服务与服务之间调用的关系，并且还能知道服务调用的MySQL和Redis。
如果服务比较多的话，也能够清晰地看出来服务与服务之间的关系。
最后要解决的是服务告警，我们找到告警的界面，这里面有很多告警的规则，比如现在有5条规则，只要符合这里面5条中的一个都会进行告警。
![image](/files/a6dc7e4a-6c19-4a72-a83b-d02f435751af/file-preview)
![image](/files/5e2b5eb6-ee07-42c5-8299-efc623b19b27/file-preview)
当然在skywalking中还可以自定义告警规则，上面是默认自带的5条。符合告警规则的话，在这里会告诉我们一些详细信息。
假如当前有一个响应接口的响应时间比较慢，所以在这里就能够快速定位到底是哪一块出了问题，比如是某一个网关、微服务、接口等。
![image](/files/7e68ae0e-f610-41d9-9f98-b27827fe601c/file-preview)
这时候就能快速知道当前是哪里出现问题之后，就可以快速去定位问题，并且快速去解决问题。",25
java面试八股文微服务篇.docx,"告警不仅仅是在这里展示信息，还可以针对性地发送邮件或者短信，包括对接企业微信、钉钉等，可以快速通知到开发负责人，让TA快速去修复这个问题。
以上就是skywalking具体的功能了。
总结
面试官：“你们的微服务是怎么监控的？”
首先要说的是当时我们项目中采用的是skywalking进行监控的，它虽然是一个链路追踪工具，但是也能来做监控。
紧接着就可以介绍skywalking的一些功能：
1、skywalking主要可以监控接口、服务、物理实例的一些状态。例如：特别是在压测的时候可以看到众多服务中哪些服务和接口比较慢（定位），我们可以针对性的分析和优化；
2、我们还在skywalking设置了告警规则，例如：特别是在项目上线（已经对接了skywalking）以后，如果报错（出bug了），我们分别设置了可以给相关负责人发短信和邮件，第一时间知道项目的bug情况，第一时间修复这个bug，保证线上服务的正常运行。
模板
面试官：“你们的微服务是怎么监控的？”
答：“我们项目中采用了SkyWalking进行微服务监控：
1、SkyWalking能够监控接口、服务和物理实例的状态，帮助我们识别和优化慢服务；
2、我们还设置了告警规则，一旦检测到异常，系统会通过短信或邮件通知相关负责人。”
业务问题-微服务限流（漏桶算法、令牌桶算法）
前言
前面已经讲完Spring Cloud相关的面试题了，接下来讲关于微服务业务相关的面试题，这里面包含了很多内容：
1、限流：漏桶算法、令牌桶算法；
2、分布式事务：分布式理论CAP、BASE，分布式事务解决方案、seata；
3、分布式访问接口幂等（解决方案）；
4、分布式任务调度：xxl-job。
首先我们来看一下限流的面试题。",26
java面试八股文微服务篇.docx,"首先我们来看一下限流的面试题。
面试官：“你们项目中有没有做过限流？怎么做的？”
我们要先思考一个问题：为什么要限流？
1、并发的确大（突发流量）；
![image](/files/a778111f-7216-4428-b283-bb5d07552cb4/file-preview)
这是一个普通的项目架构图：一个用户要去请求后台，首先要经过的是nginx，来去做一个反向代理，然后找到网关，再由网关路由到各个微服务去访问具体的数据。
如果项目的业务量的确比较大，比如说是有时段性的大流量，我们都需要进行限流。
假设我们项目做了一个抢券的业务，只有在某一刻才会有大的流量。
2、防止用户恶意刷接口。
如果并发量比较大，我们的后台是承受不住的，即使做了集群，也不能保证全部数据完成。
![image](/files/bf75d7f1-c112-42ae-a5be-c22e996a752e/file-preview)
如果真的是有人恶意攻击，我们必须要做限流才能保证系统的正常运行。
所以说一般的互联网项目中，限流的操作是必然的。
这里介绍一下在项目中比较常见的限流方式、限流算法。
限流的实现方式：
1、Tomcat：可以设置最大连接数；
Tomcat可以设置最大连接数完成限流的操作。
![image](/files/f34aec99-1826-41d1-904f-10a405fecf69/file-preview)
这是截取Tomcat里面的一个配置，有一项“maxThreads”，它的值是“150”，我们就可以通过当前的参数去控制最大连接数，其实就是去限制当前Tomcat的访问的连接，就可以达到限流的效果。
但如果现在是分布式微服务项目，那么每一个微服务都是一个Tomcat，这种限流的实现方式就没用了，如果只是单体项目的话，这种方式还是可以的。",27
java面试八股文微服务篇.docx,"但如果现在是分布式微服务项目，那么每一个微服务都是一个Tomcat，这种限流的实现方式就没用了，如果只是单体项目的话，这种方式还是可以的。
2、Nginx，漏桶算法；
这里会用到漏桶算法去做限流，当前的Nginx在最外层，在这做限流相对来说比较合适。
3、网关，令牌桶算法；
网关里面可以使用令牌桶算法来做限流，它相对来说也是在外层，也是所有微服务的入口，所以说在这做限流也是可以的。
4、自定义拦截器。
如果我们没有Nginx，也没有网关，那么可以自定义拦截器来做限流。当然一般的微服务项目不可能没有Nginx或者网关。
在面试的时候，我们重点要说的还是Nginx或者网关，看看它们是如何进行限流的。
Nginx限流
首先是Nginx，漏桶算法的限流。
其实在Nginx中提供了两种限流方式：
1、控制速率（突发流量）；
我们先来看一下漏桶算法的工作方式：
![image](/files/5b04a9c4-6df4-48c6-81ec-c8bb17007991/file-preview)
这里有一个桶，可以看出来这是一个漏水的桶，水滴代表请求的数量，在桶中存储的就是请求。
这个漏桶以固定的速率漏出请求，假设来了一百多个请求，首先我们会把它们存储到漏桶中，然后固定地往外流出，比如每秒只流出2个，这时候处理请求的速率是比较稳定的。
另外，这个漏桶是有固定大小的，假设最多只能存储100个，现在来了101个或者102个，那么这些超过100的多余的请求，统一都会让它们等待或者直接抛弃，也就是说只有进入桶中的流量才能得到处理，并且是以固定的速率处理这些请求的。
这就是漏桶算法的基本思路。",28
java面试八股文微服务篇.docx,"这就是漏桶算法的基本思路。
![image](/files/fcfc904e-f4ab-475d-be1e-697f4f82edb3/file-preview)
这是一段参考漏桶算法的配置代码，首先在上面有一条很长的指令，语法：limit_req_zonekey zone rate。
主要包含了几个部分：
1）limit_req_zone，设置一个请求的区域；
2）key的主要作用：定义限流对象。可以固定某一种方式进行限流，比如按照用户的ip或者用户的路径；
比如binary_remote_addr就是一种key，基于客户端ip限流。按照ip进行限流，其实也可以看成是按照用户进行限流的，因为每一个用户的ip都是不一样的。
3）Zone：定义共享存储区来存储访问信息，10m可以存储16wip地址访问信息；
注意冒号前面的“service1RateLimit”是我们自定义的标识，在代码里面使用的时候，要去指定当前的某一个标识。然后是冒号后面的“10m”，意思是申请了多大的存储空间，这里10m可以存储16万ip地址进行保存（1m = 1.6w）。
4）Rate：最大访问速率，rate = 10r/s表示每秒最多处理10个请求；
相当于前面漏出去的水滴，每秒往外漏出10个请求进行处理。
5）burst = 20：相当于桶的大小；
目前在代码配置的桶可以存储20个请求，假如超过20个，那么多余的请求就要被抛弃了。
6）Nodelay：快速处理。
在代码里面的nodelay有两层含义：来了请求之后就要快速处理这些数据，不会让它们等待；如果桶满了以后，再有请求过来就要快速进行抛弃，快速丢弃这些超过限量的请求。
这个配置代码不用强行记忆，只需要给面试官陈述漏桶算法的工作方式就可以了。
Nginx能够控制速率，用到的就是漏桶算法。",29
java面试八股文微服务篇.docx,"这个配置代码不用强行记忆，只需要给面试官陈述漏桶算法的工作方式就可以了。
Nginx能够控制速率，用到的就是漏桶算法。
2、控制并发连接数；
![image](/files/c8a76785-14aa-4cf1-8e71-df42bd151f32/file-preview)
代码上面有两项配置，它们前面都是limit_conn，conn就是连接的意思。
第一项的binary_remote_addr是按照ip进行限流的，冒号前面是自定义的引用，冒号后面是内存大小：10m。
第二项的server_name，这个标识主要的含义是：虚拟主机同时处理的并发连接数的总数，可以认为是当前这个服务最多能承受的并发连接数，也有一个自定义的引用，内存大小也是10m。
光有这两项还不行，必须在具体的主机或者反向代理中进行配置才能使用，并且还能在里面配置具体的数值，比如：
1）limit_connperip20：对应的key是$binary_remote_addr，表示限制单个IP同时最多能持有20个连接；
2）limit_connpreserver100：对应的key是$server_name，表示虚拟主机（server）同时能处理并发连接的总数，最大的并发连接数是100。
前面的第一种方式：控制速率在项目中是很常见的，当然这两种方式也可以在项目中结合使用。
网关限流
接下来看一下在微服务中网关限流的方式。
yml配置文件中，微服务路由设置添加局部过滤器Request Rate Limiter。
在微服务中，我们可以使用一个局部过滤器RequestRateLimiter，在网关的配置文件：yml配置文件进行设置就可以了。
![image](/files/ddfa6680-3ceb-4322-9fb6-f7454988802f/file-preview)
我们来看一下yml配置文件中的代码。",30
java面试八股文微服务篇.docx,"![image](/files/ddfa6680-3ceb-4322-9fb6-f7454988802f/file-preview)
我们来看一下yml配置文件中的代码。ip是某一个微服务的微标识；uri就是当前某一个服务的名称；predicates是当前路径的一个映射；
filters中，有一个“- name: RequestRateLimiter”，这就是Spring Cloud内部提供的一个局部过滤器，里面也有几项配置，主要思想就是令牌桶算法。
1、key-resolver：定义限流对象（ip、路径、参数），需要代码单独实现，并且需要被Spring进行管理，使用spel表达式获取这个对象，最终都是获取限流的对象；
2、replenishRate：设置令牌桶每秒填充平均速率；
简单说就是当前令牌桶生成令牌的速度，比如可以配置为，每秒1个、2个等。
3、urstCapacity：令牌桶总容量。
令牌桶总不可能一直生成，它是需要有一个总容量的，同时这个令牌需要存储到redis，默认使用的就是redis存储这个令牌。
所以说要在网关的配置文件中配置redis的连接，我们才能够正常使用这个局部过滤器。
![image](/files/6c02ad85-7c0a-43ab-b9db-8bc40a32147a/file-preview)
令牌桶跟前面说的漏桶有些相似之处，不同的是令牌桶中存储的是令牌，漏桶存储的是请求。
目前这些水滴代表的是令牌，并且是以固定的速率生成这些令牌，存储到令牌桶中，桶满了以后才暂停生成。
如果这时候请求来了之后，需要到桶中申请令牌才行，当这个请求申请到了令牌才会被服务进行处理，那么这就是一个正常的请求。
但是假如这个请求没有申请到令牌，这个请求就会被阻塞或者丢弃。",31
java面试八股文微服务篇.docx,"如果这时候请求来了之后，需要到桶中申请令牌才行，当这个请求申请到了令牌才会被服务进行处理，那么这就是一个正常的请求。
但是假如这个请求没有申请到令牌，这个请求就会被阻塞或者丢弃。
这个令牌桶跟漏桶到底有什么区别？
首先令牌桶存储的是令牌，漏桶存储的是请求，它们两个都能去应对突发的流量。因为流量来了之后，漏桶会暂时存储到桶中，令牌桶也是一样的，所以说它们都可以处理这些突发的请求。
不同之处在于处理请求的速率，漏桶不管前面的请求有多大，都是以固定的速率往外漏出请求来去处理请求，它是绝对地以恒定的速度进行放行，保证平滑。
令牌桶就不太一样，比如当前令牌桶每秒生成3个，这时候来了4个请求，令牌桶也能够每秒处理3个，这里跟漏桶的效果一样，没问题。
但是如果前一秒没有请求过来，令牌桶还是生成了3个令牌，那么这些令牌就没有人去申请。下一秒又来了6个请求，注意有请求过来之后，令牌桶会优先拿走之前生成的令牌，所以之前的3个令牌被拿走了，然后还是正常去处理剩下的请求。
在这一秒内又生成了3个令牌，之前的3个令牌是上一秒生成的，现在这3个是这一秒生成的，所以说在这一秒就能够处理6个请求。
这就是令牌桶和漏桶的区别，漏桶都是以固定速率去处理请求的，但令牌桶处理的请求有可能会超出令牌生成的速度，它有可能会有波动。
这样我们就讲完了常见的两种限流方式。
总结
面试官：“你们项目中有没有做过限流？怎么做的？”
1、先来介绍业务，什么情况下去做限流，需要什么QPS具体多少；
1）我们当时有一个活动，到了假期就会抢购优惠券，QPS最高可以达到2000，平时10-50之间，为了应对突发流量，需要做限流，限流的方式就是前面介绍的Nginx或者网关。
2）常规限流，为了防止恶意攻击，保护系统正常运行，我们当时系统能够承受最大的QPS是多少，比如100（压测结果）。",32
java面试八股文微服务篇.docx,"2）常规限流，为了防止恶意攻击，保护系统正常运行，我们当时系统能够承受最大的QPS是多少，比如100（压测结果）。
假如超过1000，这个系统就有可能会崩掉，所以我们要控制当前每秒访问的次数要在1000以内，这样才能去正常保护我们的系统。
2、nginx限流；
1）控制速率（突发流量），主要实现漏桶算法来实现管理，人请求以固定的速率处理请求，可以对应突发流量。
2）控制并发数，限制单个ip的链接数和（整个服务）并发链接的总数。
3、网关限流。
在spring cloud gateway中支持局部过滤器RequestRateLimiter来做限流，使用的是令牌桶算法。
可以根据ip或路径进行限流，可以设置每秒填充平均速率，和令牌桶总容量。
面试官也可能会这么问：“限流常见的算法有哪些？”
其实主要介绍令牌桶和漏桶算法就可以了，也可以说一下它们的区别。
模板
面试官：“你们项目中有没有做过限流？怎么做的？”
答：“版本1：使用Nginx进行限流，通过漏桶算法控制请求处理速率，按照IP进行限流；
版本2：使用Spring Cloud Gateway的RequestRateLimiter过滤器进行限流，采用令牌桶算法，可以基于IP或路径进行限流。”
面试官：“限流常见的算法有哪些？”
答：“常见的限流算法包括：
漏桶算法：以固定速率处理请求，平滑突发流量；
令牌桶算法：按照一定速率生成令牌，请求在获得令牌后才被处理，适用于请求量有波动的场景。”
分布式系统理论-CAP和BASE
前言
面试官：“解释一下CAP和BASE。”
首先我们要清楚CAP和BASE这两个都是分布式理论的内容，它可以在我们搭建分布式系统的时候具有指导的作用。
1、分布式事务方案的指导；
2、分布式系统设计方向；
3、根据业务指导使用正确的技术选择。",33
java面试八股文微服务篇.docx,"1、分布式事务方案的指导；
2、分布式系统设计方向；
3、根据业务指导使用正确的技术选择。
在我们平时开发业务系统的时候，可以先确定业务的类型来选择不同的技术实现，比如某个业务选择的是AP还是CP，这个分布式系统的倾向性是不一样的，AP和CP不能同时去选择，只能根据业务的类型选择其中一个。
这个也是我们学习CAP和BASE的最终目的，接下来详细说一下CAP定理和BASE理论到底是什么意思。
CAP定理
1998年，加州大学的计算机科学家Eric Brewer提出，分布式系统有三个指标：
1、Consistency（一致性）；
2、Availability（可用性）；
3、Partition tolerance（分区容错性）。
![image](/files/70091edf-7b8b-4b69-b0d5-67c880ee321c/file-preview)
Eric Brewer说，分布式系统无法同时满足这三个指标。如图所示，没有三个重合的地方，只有两两重叠：CA、CP、AP，并没有CAP，也就是说在同时只能满足两个，不能满足三个。
这个结论就叫做CAP定理。
那为什么会出现这种情况呢？我们先要弄清楚一致性、可用性和分区容错性代表的含义是什么。
CAP定理-Consistency
Consistency（一致性）：用户访问分布式系统中的任意节点，得到的数据必须一致。
![image](/files/d5a7f86a-4f4b-4f3f-a871-70b053f00fdc/file-preview)
现在有两个节点：node01、node02，它们的数据data都是v0，假如现在有客户端想要访问这两个节点，不管访问的是哪一个，得到的结果是一样的。",34
java面试八股文微服务篇.docx,"![image](/files/51feed7f-00ce-4060-af66-57f2a90b5d8f/file-preview)
如果node01的数据data变成v1，那么现在要去访问node02的时候数据data就不一样了。
![image](/files/eab0dc58-2e7a-42db-8016-f4f7e82be7c1/file-preview)
这时候为了保证数据的一致性，node01要跟node02进行数据同步，这个一致性跟前面MySQL的主从复制一样：要保证主从节点数据保持一致才行。
CAP定理-Availability
Availability（可用性）：用户访问集群中的任意健康节点，必须能得到响应，而不是超时或拒绝。
![image](/files/5e2bdfde-e588-4f52-b554-468fd86c94de/file-preview)
目前有三个节点node01、node02、node03，当客户端访问的时候，这三个节点必须都能响应给客户。
![image](/files/25241798-b8d1-4bf1-b8f8-cfee144c2be5/file-preview)
假如node03这个节点出现阻塞或拒绝，那么所有的请求根本不能访问了，这时候node03就不可用了。
所以可用性是指这个节点能不能正常访问。
CAP定理-Partition tolerance
Partition（分区）：因为网络故障或其他原因导致分布式系统中的部分节点与其他节点失去连接，形成独立分区。",35
java面试八股文微服务篇.docx,"CAP定理-Partition tolerance
Partition（分区）：因为网络故障或其他原因导致分布式系统中的部分节点与其他节点失去连接，形成独立分区。
![image](/files/ba4bb84f-242c-4e87-92b1-e7fe76756a35/file-preview)
目前有三个节点node01、node02、node03，假如现在网络突然出现故障了，这时候node03跟其他两个节点断开连接，这就形成了两个分区：node01跟node02一个分区，node03在另外一个分区。
![image](/files/8ee34108-a013-40f6-94d3-fe3f94a2324d/file-preview)
假如现在客户端给node02进行了写数据操作，把它的data改成v1，这时候node02就能找到node01进行数据同步，但很显然它是不能找到node03的，这就出现了数据不一致的问题。
那么分区容错是什么意思？
Tolerance（容错）：在集群出现分区时，整个系统也要持续对外提供服务。
也就是说尽管这里分区了，用户该访问的还是要继续访问的，但是现在要访问的是node01，从它拿到的结果跟访问node03拿到的不一样，这时候就出现数据不一致的情况，没有满足前面说的一致性。
如果一定要满足一致性该怎么办？我们可以这么做：当访问node03的时候，让它先等一等，等网络恢复以后让node02把数据同步到node03。
等数据同步过来之后，再把数据给返回，这时候就满足了数据的一致性。
但是又出现了一个问题：在访问node03的时候需要等待，那么我们不就卡在这里了吗，不让我们访问了？
所以说这里node03就变成不可用了，这就满足不了前面说的可用性了。
整体来说就是：我们要满足可用性，就没办法去保证一致性；要保证一致性就没办法保证可用性。",36
java面试八股文微服务篇.docx,"整体来说就是：我们要满足可用性，就没办法去保证一致性；要保证一致性就没办法保证可用性。
结论：
1、分布式系统节点之间肯定是需要网络连接的，分区（P）是必然存在的；
2、如果要保证访问的高可用性（A），可以持续对外提供服务，但不能保证数据的强一致性-->AP；
3、如果要保证访问的数据强一致性（C），就要放弃高可用性-->CP。
可见CA是没办法同时满足的，要么AP，要么CP。
BASE理论
BASE理论是对CAP的一种解决思路，包含了三个思想：
1、BasicallyAvailable（基本可用）：分布式系统在出现故障时，允许损失部分可用性，即保证核心可用；
2、Soft State（软状态）：在一定时间内，允许出现中间状态，比如临时的不一致状态；
3、Eventually Consistent（最终一致性）：虽然无法保证强一致性，但是在软状态结束后，最终达到数据一致。
![image](/files/99abc28b-6203-4cfe-9a16-fb018e4fc00a/file-preview)
这是一个下单的业务，这个业务需要经过几个微服务才能完成，里面就涉及到分布式事务的问题。
当用户下单之后，首先要在订单微服务完成保存，然后订单微服务需要远程调用账户微服务来去扣款，再然后又去远程调用库存微服务来扣减库存。
这一个业务就经过了三个微服务，假如现在库存不足了，那么扣减库存就失败了，前面的操作就全部无效了。
我们需要把数据进行回滚，简单来说就是：这些操作虽然不在同一个微服务下，但是也要保证要么同时成功，要么同时失败，这个就是分布式事务要完成的事情。
那么这跟刚才说的CP、BASE有什么关系呢？因为目前这三个服务都是通过网络连接的，它们是一个分布式的项目。
既然是分布式项目，如果要完成通信，那就要做出选择了，要么是AP，要么是CP。",37
java面试八股文微服务篇.docx,"那么这跟刚才说的CP、BASE有什么关系呢？因为目前这三个服务都是通过网络连接的，它们是一个分布式的项目。
既然是分布式项目，如果要完成通信，那就要做出选择了，要么是AP，要么是CP。也就是说可以使用CAP和BASE指导我们解决这些分布式事务的问题。
假如现在选择的是AP，满足了可用性，牺牲了一定的一致性。比如说前面的各个微服务都是一个子事务，将来要执行的时候，我们分别去执行和提交。
注意这里就把各自的事务都提交了，这些微服务有的成功了，有的失败了，这时候它们的状态就不一致了，处于一种软状态：临时的不一致的状态。
各个事务执行完成之后，会互相看一看，同步一下自己的状态，这时候就需要用到事务的协调器（事务协调者）了，由它来统一管理这些事务的状态。
如果发现有些事务失败了，那么事务协调器会通知已经提交的这些事务：需要把数据再恢复过来。当然这里的恢复数据并不是回滚事务，因为已经把事务给提交了，所以这时候需要逆向操作。
比如之前新增了一个订单，这时候只需要把这个订单给删除了就行了，这样数据就恢复到了原来的状态，这就实现了最终一致性。
所以这种模式其实就是一种AP的思想。
反过来也一样，我们可以达到强一致，也就是CP的思想。
比如各个子事务分别去执行自己的业务，但是要注意跟AP不一样的点在于：各个子事务并不会直接提交事务，因为提交完成之后事务就没办法回滚了。
现在各个子事务只需要执行完成，没有提交，需要互相等待，然后把各自的执行情况上报给事务协调器，假如现在全部都已经执行完成了。
事务协调器一看这三个子事务都成功了，然后才会通知这三个服务去提交事务。假如有一个失败了，这时候事务协调器会通知各个微服务进行回滚事务，这样事务就能达成强一致性了。
因为这里面没有中间状态，只不过在这个过程中，各个子事务需要等待彼此的执行的，所以在等待的过程的各个服务都处于一个不可用的状态。",38
java面试八股文微服务篇.docx,"因为这里面没有中间状态，只不过在这个过程中，各个子事务需要等待彼此的执行的，所以在等待的过程的各个服务都处于一个不可用的状态。
因为在等待的时候会锁定资源，导致其他的线程无法访问。
所以我们就基于BASE理论实现了分布式事务的一种解决的思想。
总结
面试官：“解释一下CAP和BASE。”
首先CAP代表三个意思，即CAP定理（一致性，高可用，分区容错性）：
1、分布式系统节点通过网络连接，一定会出现分区问题（P）；
2、当分区出现时，系统的一致性（C）和可用性（A）就无法同时满足。
要么是CP，要么是AP。
接着是BASE理论，有三个思想：
1、基本可用；
2、软状态；
3、最终一致。
然后是解决分布式事务的思想和模型：
1、最终一致思想：各分支事务分别执行并提交，如果有不一致的情况，再想办法恢复数据（AP）；
2、强一致思想：各分支事务执行完业务不要提交，等待彼此结果，而后统一提交或回滚（CP）。
在等待的过程中，这个系统就处于软可用的状态，这时候优先保证的是CP，达到数据的强一致。
模板
面试官：“什么是CAP理论？”
答：“CAP理论是分布式系统设计的基础理论，包含一致性（Consistency）、可用性（Availability）和分区容错性（Partition tolerance）。在网络分区发生时，系统只能在一致性和可用性直接选择其一。”
面试官：“为什么分布式系统中无法同时保证一致性和可用性？”
答：“在分布式系统中，网络保证分区容错性，我们通常需要在一致性和可用性之间做出选择。如果系统优先保证一致性，可能需要牺牲可用性，反之亦然。”
面试官：“什么是BASE理论？”
答：“BASE理论是分布式系统设计中对CAP理论中AP方案的延伸，强调通过基本可用、软状态和最终一致性来实现系统设计。",39
java面试八股文微服务篇.docx,"面试官：“什么是BASE理论？”
答：“BASE理论是分布式系统设计中对CAP理论中AP方案的延伸，强调通过基本可用、软状态和最终一致性来实现系统设计。”
业务问题-分布式事务解决方案
前言
面试官：“你们采用哪种分布式事务解决方案？”
如果问了这个问题，就说明我们在简历上写了微服务相关的项目，只要是微服务项目都有可能会发起远程调用，而发起远程调用就有可能会存在分布式事务，这时候我们要如何去解决？
解决方案：
1、目前比较主流的分布式事务的解决框架，阿里出的Seata框架（提供了XA、AT、TCC模式，这三种是目前项目中用的比较多的）；
2、MQ也能帮助我们解决分布式事务。
Seata架构
首先我们要熟悉一下Seata事务管理中有三个重要的角色：
1、TC（Transaction Coordinator）-事务协调者：维护全局和分支事务的状态，协调全局事务提交或回滚。需要单独去部署；
2、TM（Transaction Manager）-事务管理器：定义全局事务的范围、开始全局事务、提交或回滚全局事务。这些都由它来决定；
3、RM（Resource Manager）-资源过滤器：管理分支事务处理的资源，与TC交谈以注册分支事务和报告分支事务的状态，并驱动分支事务提交或回滚。可以认为是某一个微服务，在分布式事务中，每一个微服务都是一个RM，也叫做分支事务。
![image](/files/6367712d-6720-4982-b5fd-32ca1fa76b35/file-preview)
所以说这里的TC就是负责全局事务的状态的，TM是负责全局事务的范围的，有两个RM说明是由两个微服务组成的。
首先是由TM开启全局事务，最后也由它来提交或回滚事务。但是中间的RM属于分支事务，而分支事务要想去协调管理，就必须注册到TC上，然后报告各个分支事务的状态才行。
这就是大体的思路。",40
java面试八股文微服务篇.docx,"首先是由TM开启全局事务，最后也由它来提交或回滚事务。但是中间的RM属于分支事务，而分支事务要想去协调管理，就必须注册到TC上，然后报告各个分支事务的状态才行。
这就是大体的思路。在Seata中还提供了很多模式：XA、AT、TCC。
seata的XA模式
RM一阶段的工作：
1、注册分支事务到TC；
2、执行分支业务sql但不提交；
3、报告执行状态到TC。
TC二阶段的工作：
1、TC检测各分支事务执行状态；
2、如果都成功，通知所有RM提交事务；
3、如果有失败，通知所有RM回滚事务。
RM二阶段的工作：
接收TC指令，提交或回滚事务。
![image](/files/02473e15-970e-460f-863e-08c3c3cfff80/file-preview)
这里就包含了前面介绍的三个角色TC、TM、RM。
现在XA模式要去解决分布式事务，它的流程是这样的：
首先由TM开启全局事务，然后调用分支事务，让每一个分支事务注册到TC上，也就是说每个RM都要把自己的分支事务注册到TC上。
接着就是各个微服务需要去执行业务sql，注意这里并没有去提交事务。再就是到TC报告自己的业务状态，TC就能知道各个事务的状态了。
这时候TM来提交或回滚这个事务，但在这之前还得检查各个分支事务的状态，假如这两个业务都没问题，都已经正常执行sql，那么就由TC通知各个RM去提交事务就可以了。
假如这两个业务有一个执行sql的时候报错了，这时候就不是提交事务了，而是回滚。
这就是XA模式整体的流程了，主要倾向的是前面讲的CAP中的CP模式，因为这里保证的是数据的强一致性，但是性能相对来说比较差，因为各个分支事务需要互相等待。",41
java面试八股文微服务篇.docx,"这就是XA模式整体的流程了，主要倾向的是前面讲的CAP中的CP模式，因为这里保证的是数据的强一致性，但是性能相对来说比较差，因为各个分支事务需要互相等待。
在我们分支事务去执行业务sql的时候，并没有去提交事务，它要等待各个分支事务都执行完成之后，才会统一提交或回滚，也就是说各个分支事务需要互相等待，它们的状态统一收集过来之后，才会再次去提交或者回滚。
AT模式原理
AT模式同样是分阶段提交的事务模型，不过弥补了XA模型值资源锁定周期过长的缺陷。
阶段一RM的工作：
1、注册分支事务；
2、记录undo-log（数据快照）；
3、执行业务sql并提交；
4、报告事务状态。
阶段二提交时RM的工作：
删除undo-log即可。
阶段二回滚时RM的工作：
根据undo-log恢复数据到更新前。
![image](/files/6a83a659-b4d5-4883-aa7f-98d2d17101d8/file-preview)
因为XA模式里面需要互相等待，所以在这个过程中数据是被锁死的，其他的线程是没办法访问的。
还是TC、TM、RM这三个角色。首先是由TM开启了全局事务，然后TM又调用了分支事务，让分支事务注册自己的事务到TC上。
然后各个分支事务要去执行自己的业务sql并提交，注意这里是直接把事务提交了，并且每一个分支事务都提交自己的事务。
那么要是出错了怎么办？这里面的逻辑就是：记录更新前后的快照到一个undo-log表中。
接着各个分支事务需要报告自己的事务状态到TC上，然后再由TM来提交或回滚事务。
TC还需要去检查各个分支事务的状态，如果都成功，再通知给各个分支事务把之前的undo-log删除就可以了，因为都成功了，之前的备份数据就不需要了。
但是假如有一个RM提交失败，这时候就要统一回滚了，怎么回滚？根据这个undo-log去读取数据，然后逆向把数据恢复过来。",42
java面试八股文微服务篇.docx,"但是假如有一个RM提交失败，这时候就要统一回滚了，怎么回滚？根据这个undo-log去读取数据，然后逆向把数据恢复过来。比如之前新增了一条数据，那么现在就要删除一条数据了，因为之前已经把事务给提交了。
这个模式相对来说性能就比较好，主要采用的是高可用的AP模式，因为现在的分支事务不需要互相等待，每一个分支事务只要提交自己的事务就可以了，这时候就不会长时间去锁定这个资源了。
AT模式也是seata官方推荐的一种方式，也是在平时开发中用的最多的一种模式。
TCC模式原理
1、Try：资源的检测和预留；
2、Confirm：完成资源操作业务；要求Try成功Confirm一定要能成功；
3、Cancel：预留资源释放，可以理解为try的反向操作；
![image](/files/8d9c3860-209e-4631-a72e-c54910d57bb1/file-preview)
还是TC、TM、RM这三个角色。TCC模式的流程是这样：
首先还是TM开启一个全局事务，然后再去调用分支事务，让分支事务注册到TC上。
再往下就是在各个RM分支事务中执行资源预留的操作（Try）。比如现在A要向B转账，那么就先要在A这一方检查一下余额够不够，假如足够转账1000，我们就在Try这个阶段把这1000先冻结起来。
接着就是各个分支事务需要去报告自己的事务状态，假如现在资源预留已经成功了，比如我们现在已经成功冻结了这1000。然后就是TM来去提交或回滚这些事务了。
同样的，TC需要去检查各个分支事务，如果都没问题，那么我们就通知各个RM去提交这个事务就可以了，当然这个提交执行的是Confirm，即真正把钱给转过去了。
因为资源预留只是冻结了这1000，而Confirm就是真正的转账操作。",43
java面试八股文微服务篇.docx,"因为资源预留只是冻结了这1000，而Confirm就是真正的转账操作。
假如我们前面的预留操作（Try），在冻结之前就不足1000了，没有冻结成功，那么当前的这个Try阶段已经失败了，现在就不能直接提交了。
我们需要调用这里面的回滚，即Cancel，把之前冻结的金额给释放就行了。
这样整个流程就结束了，当前的TCC模式也是AP模式，性能相对来说也是比较高的。
但是也有缺点：当前这三个操作（Try，Confirm，Cancel）都需要使用代码的方式来完成。而之前讲的XA、AT模式是框架自动帮我们完成的，也就是说代码的耦合度非常低。
所以这个TCC模式的代码耦合度就比较高了，里面的三个操作都需要用代码去手动维护。
这样就讲完了seata提供的三种比较常见的解决事务的模式了。
MQ分布式事务
接下来看一下MQ是如何解决分布式事务的。
例如：我们要向借呗申请去借钱，那么借呗审核通过之后，我们支付宝的余额才会增加，但是借呗跟支付宝有可能不是同一个系统，这时候就可以使用MQ来解决这种分布式事务的问题。
具体的流程是这样：
![image](/files/bd8468e5-4817-4d49-84d9-ab95d01833b5/file-preview)
现在有一个人要向借呗借钱，那么借呗首先要去审核这个人的资质，假如审核通过了，这时候我们要去同步去生成借款单。
借款单生成之后，就向MQ发个消息，然后通知支付宝进行转账，那么支付宝读取到消息之后，直接去增加账户余额就可以了。
这就说明我们用MQ这种方式也能解决分布式事务的问题。
但是这里面也有一些问题：
![image](/files/48593777-d77d-4272-a9f6-428b702a22ed/file-preview)
当前的MQ、MySQL这两步操作，我们要在同一个事务内去运行。",44
java面试八股文微服务篇.docx,"假如前面的审核没有通过，那么我们的消息就没有必要去发送；还有审核的时候代码抛异常了，我们也没有必要去发送消息了。所以一定要保证这两个操作是在同一个事务内进行的。
还有一个问题：
支付宝读取到消息之后，这个余额才会去增加，这样才算是完成了整个操作。但是如果中途操作发生了异常，比如支付宝余额增加的时候出问题了怎么办？
这个时候就需要人工来解决了，并没有特别好的办法，但是这种事故的概率是比较低的。
这就是使用MQ来去解决分布式事务的解决方案了。这种方案的好处就是：它是异步的，性能相对来说是比较高的。但是它的实时性也是最差的。
如果数据的强一致性要求没那么高，就可以使用这种方案，使用MQ的方式来去解决分布式事务的这种问题。
总结
面试官：“你们采用哪种分布式事务解决方案？”
首先我们的简历上写的微服务，只要是发生了多个服务之间的写操作，发起了远程调用，都需要进行分布式事务控制来保证数据的一致。
前面就介绍了项目中几种常见的分布式事务解决方案（seata| MQ）：
1、seata的XA模式，CP，需要互相等待各个分支事务提交，可以保证强一致性，性能差；
2、seata的AT模式，AP，底层使用undo_log实现，性能好；
各个分支事务都会提交自己的事务，假如出错了就使用undo_log逆向去恢复数据。
3、seata的TCC模式（Try，Confirm，Cancel），AP，性能较好，不过需要人工编码实现；
4、MQ模式实现分布式事务，在A服务写数据的时候，需要在同一个事务内发送消息到另外一个事务，异步，性能最好。它能保证的是数据的最终一致性，并不是特别好的数据强一致性的效果。
当然在我们实际开发过程中，要根据不同的业务来选择不同的解决方案。",45
java面试八股文微服务篇.docx,"它能保证的是数据的最终一致性，并不是特别好的数据强一致性的效果。
当然在我们实际开发过程中，要根据不同的业务来选择不同的解决方案。其中XA、TCC模式，银行的业务居多，因为这些更多要求的是数据的强一致性；AT、MQ模式一般都是互联网业务，因为它们更看重的是系统的高可用性，只要能够保证数据的最终一致性就可以了。
在给面试官陈述的时候，要根据自己的业务来选择其中一个。
模板
面试官：“你们采用哪种分布式事务解决方案？”
答：“我们项目中使用了Seata的AT模式来解决分布式事务问题。AT模式通过记录业务数据的变更日志来保证事务的最终一致性。”
业务问题-分布式服务的接口幂等性如何设计
前言
面试官：“分布式服务的接口幂等性如何设计？”
这也是一道业务解决方案的面试题。
首先我们要搞清楚一个概念：幂等是什么？
幂等：多次调用方法或者接口不会改变业务状态，可以保证重复调用的结果和单次调用的结果是一致的。
![image](/files/dbc59b04-001b-4104-bb8b-47057e027a3f/file-preview)
比如我们在京东买了一部手机，这是一个下单的页面，最下面有一个按钮：提交订单。我们在这个页面中点击一次或者多次这个“提交订单”，最终只能有一个成功就行了。
如果点击多次就出现了多个订单，那么就不是幂等了。
其实在平时的开发中，需要幂等的场景有很多：
1、用户重复点击，比如上面的订单（或者是因为网络波动导致的多次请求，我们都需要去保证幂等）；
2、MQ消息重复（一个消息消费多次，就有可能会出现数据的问题）；
3、应用使用（代码中）失败或超时重试机制，比如第一次支付失败之后又重试了几次，不管试了多少次，最后只能成功一次，这个就是幂等。
不过要注意面试官问的是“分布式服务的接口幂等性”。",46
java面试八股文微服务篇.docx,"不过要注意面试官问的是“分布式服务的接口幂等性”。
接口幂等
在我们平时开发中，通常都是基于RESTful API的风格（角度）来定义接口的，对部分常见类型请求的幂等性特点进行分析。
![image](/files/f887901a-5725-4d07-b219-d3af1a153f3d/file-preview)
这里分别定义了4种请求：GET、POST、PUT、DELETE。每一个请求的操作都是不一样的。
GET请求是查询操作，是天然幂等的，因为查询多次结果都是一样的。正常情况下也是这样的，所以GET请求不需要考虑幂等性的情况；
POST请求是新增操作，请求一次与请求多次造成的结果是不同的，相当于之前讲的下单，它不是幂等的，需要去考虑幂等性的解决方案；
PUT请求是更新操作，有两种情况：如果是以绝对值更新，则是幂等的。如果是通过增量的方式更新，则不是幂等的；
![image](/files/d3e40778-5b1d-4fb1-ba0b-d0ce8838b0e2/file-preview)
可以先看一下第一条sql，不管执行多少次，money都是500，所以这是一个绝对值更新，它是幂等的，不用考虑幂等性的情况。
第二条sql每次执行都要追加500，这就不是幂等了，一直在累加就会产生不是幂等的情况，就需要考虑幂等性了。
DELETE请求是删除操作，一般情况下都是根据唯一值删除，比如根据id、批量的id，这个本身就是幂等的，假如第一次已经删除了，那么第二次就已经没了，所以就不存在幂等和不幂等了。
很显然这4种请求里面，新增和更新操作是需要考虑幂等性的，特别是新增操作，因为更新大部分情况都是绝对值更新。",47
java面试八股文微服务篇.docx,"很显然这4种请求里面，新增和更新操作是需要考虑幂等性的，特别是新增操作，因为更新大部分情况都是绝对值更新。
那么我们如何去解决这种幂等性的问题呢？一共有3种方案：
1、数据库唯一索引；
能够解决新增，但是要求使用到唯一索引，假如我们的表中有唯一索引，那么使用这种方式是不错的选择；如果表中没有唯一索引，就不能使用这种方式了。
2、token +redis；
能够解决新增和修改。
3、分布式锁。
能够解决新增和修改。
关于数据库唯一索引这个方案，需要保存的数据有唯一索引，如果有的话可以在字段上添加唯一索引，保证幂等。这种方案不会细讲，我们重点看一下第二、三种方案。
token +redis
这种方案相对来说比较通用，能够解决各种业务场景幂等的需要的，比如创建商品、提交订单、转账、支付等操作，我们都可以使用这种方案来去解决接口的幂等。
![image](/files/2fdba9be-6765-481d-bff3-a92463a665ce/file-preview)
这里有一个客户端，相当于一个页面，还有一个服务端。这里面就需要用到一个Redis，它分了两个阶段，上面的是第一次请求，下面的是第二次请求。
比如还是一个下单的操作，第一个页面是商品的详情，当我们点击“立即购买”之后才会跳转到第二个下单的页面。
![image](/files/2eaf3fa8-ab8d-41e7-ac8c-2c78af212ad1/file-preview)
这两张图就对应了两次请求。第一次请求，即查看详情的这个请求，首先要去获取token，也就是说打开第一个页面的时候就会自动往后台发一个请求，然后在后台生成一个唯一的token。
为了保证token的唯一性，我们可以生成一个UUID来作为token，然后存储到redis中。",48
java面试八股文微服务篇.docx,"为了保证token的唯一性，我们可以生成一个UUID来作为token，然后存储到redis中。在存储到redis的时候，当前登录的用户是key，这个token就是value。
同时要注意，我们把这个token返回给了前端，也就是说当前的页面已经拿到这个用户的token了。
接着看第二个请求，这时候用户点击了“立即购买”，就跳转到了第二个页面，有可能要提交订单，当提交了订单之后，它就要把之前的token带过来（到第二个页面）。
然后访问了服务端，服务端需要到redis中去查一查这个token是否存在。假如存在，这时候就直接处理业务就可以了。同时在redis中把这个token给删掉就行；不存在就直接返回。
如果现在用户点击了多次请求，因为我们第一次请求的时候，已经验证token是存在的，我们直接在redis中已经把token删除了，这个时候后面的第二、三次请求就没办法再去查到redis中的token了。
所以说这些请求就会操作失败了，即我们只能保证一个请求拿到token去正常处理业务，也就是说不会出现多个请求同时都去处理这个业务，这样就保证了接口的幂等性了。
总之，这就是token+redis方案去解决幂等性的问题。简单来说，就是在第一个页面里面要去生成一个token，这是一个唯一的标识。然后在真正发起业务请求的时候，我们去带着token到后台去验证，验证存在之后就需要在redis中把它给删了。
分布式锁
关于分布式锁，在前面的篇章也有讲过。
![image](/files/260c8643-7a2e-443f-8906-d41457f7f2c0/file-preview)
其实分布式锁用起来非常简单，其实就是去加锁处理就可以了，这里面用到的就是redission提供的一个分布式锁。",49
java面试八股文微服务篇.docx,"首先去拿到一个锁，然后判断一下是否获取锁成功，如果获取锁失败，这时候我们就直接快速给用户响应就可以了，比如提示“下单操作获取锁失败”。
假如拿到了个锁，那么就继续正常处理这个下单的操作就可以了，最终一定要手动去把锁给释放了，把这个锁的粒度尽量保持在最小的范围内。
（锁的粒度（Lock Granularity）是指在多线程编程中，选择合适的锁的范围，以保证线程安全和性能的平衡。在Java中，锁的粒度可以通过合理使用synchronized关键字、Lock接口以及Concurrent包中的各种锁机制来进行控制。）
这里面有两个关键点：
1、快速失败（抢不到锁的线程）；
我们要先判断一下当前这个请求是否拿到了锁，如果拿到了锁我们才让它请求，如果没拿到锁就快速失败。
2、控制锁的粒度。
锁的粒度越小越好，因为加上分布式锁之后，其他线程有可能处于等待或阻塞，这个性能肯定是不太好的。
总结
面试官：“分布式服务的接口幂等性如何设计？”
首先我们要知道幂等：多次调用方法或者接口不会改变业务状态，可以保证重复调用的结果和单次调用的结果一致。
只有在新增或修改数据的时候，就有可能会导致接口幂等的问题。如果是新增数据，我们可以使用数据库的唯一索引；如果没有唯一索引，就可以使用分布式锁（性能较低）或者token+redis（性能较好）来实现。
而token+redis的流程是这样的：
第一次请求，生成一个唯一token存入redis，返回给前端（让前端去保存）。
第二次请求，业务处理，就需要携带之前的token，然后到redis中进行验证，如果存在就可以正常处理业务，同时去删除token；如果不存在则直接返回，不处理然后业务。
模板
面试官：“分布式服务的接口幂等性如何设计？”
答：“我们通过Token和Redis来实现接口幂等性。",50
java面试八股文微服务篇.docx,"模板
面试官：“分布式服务的接口幂等性如何设计？”
答：“我们通过Token和Redis来实现接口幂等性。用户操作时，系统生成一个Token并存储在Redis中，当用户提交操作时，系统会验证Token的存在性，并在验证通过后删除Token，确保每个Token只被处理一次。”
业务问题-你们项目中使用了什么分布式任务调度-xxl-job
前言
面试官：“你们项目中使用了什么分布式任务调度？”
首先我们要知道分布式任务调用的技术有很多，但是目前比较主流的就是xxl-job，我们会基于xxl-job来讲解分布式任务调度。
然后还要给面试官描述当时是什么业务场景使用了任务调度，这样的场景有很多，基本上只要是Java的后台项目，多多少少都需要用到这个任务调度的技术。
xxl-job解决了4个问题：
1、解决了集群任务的重复执行问题；
假如我们使用的是Spring Task，在集群之后有可能多个实例都去执行同一个任务，就有可能会产生冲突。而xxl-job可以很好地区解决任务重复执行的问题。
2、cron表达式定义灵活；
假如我们使用的是Spring Task，它是把cron表达式定义在代码中的，而xxl-job可以定义在页面上，管理起来更灵活，修改起来更方便一些。
3、定时任务失败了，重试和统计；
xxl-job提供了一个统一的管理页面，在这里我们可以收集一些错误的信息，也能够做到故障转移或者是邮件的告警。
4、任务量大，分片执行。
例如支付宝的花呗，花呗的用户有很多，每个月都会按照固定的时间去通知用户还款，这个用户量很大，在这么大的数据量情况下，我们怎么能够快速地去执行这些任务呢？这时候就需要用到分片执行了。",51
java面试八股文微服务篇.docx,"例如支付宝的花呗，花呗的用户有很多，每个月都会按照固定的时间去通知用户还款，这个用户量很大，在这么大的数据量情况下，我们怎么能够快速地去执行这些任务呢？这时候就需要用到分片执行了。
这就是xxl-job解决的问题，所对应的面试题有3个：
1、xxl-job路由策略有哪些？
2、xxl-job任务执行失败怎么解决？
3、如果有大数据量的任务同时都需要执行，怎么解决？
xxl-job路由策略有哪些？
在xxl-job中提供了很多的路由策略，首先要知道什么是路由策略。
比如现在有很多任务需要去执行，目前我们有两台机器，它们是集群的关系，它们都可以去执行这些任务，但是每一个任务只需要找一台机器去执行就可以了。
![image](/files/cfa0d32e-8c95-47f0-9276-e552a9d4261d/file-preview)
那么这个找机器的方式就是路由的策略，在我们创建任务的时候，就可以去指定当前路由的策略，如图所示，有很多种路由策略。
![image](/files/311eea3d-74f6-40ed-bed7-4424d8c72d6e/file-preview)
这里面一共有10种，我们分别来说一下它们都有什么含义：
FIRST（第一个）：固定选择第一个机器；
2、LAST（最后一个）：固定选择最后一个机器；
3、ROUND（轮询）；
当前这些任务执行的时候，以轮询的方式找这些实例去执行。比如任务1找到实例1，任务2找到实例2，以此类推，任务3找到实例1，任务4找到实例2……这就是轮询。",52
java面试八股文微服务篇.docx,"比如任务1找到实例1，任务2找到实例2，以此类推，任务3找到实例1，任务4找到实例2……这就是轮询。
![image](/files/2ebb3ad9-25f8-48ad-bc01-33236e7e67d3/file-preview)
4、RANDOM（随机）：随机选择在线的机器；
5、CONSISTENT_HASH（一致性HASH）：每一个任务按照Hash算法固定选择某一台机器去执行，且所有人认为均匀散列在不同机器上，跟轮询差不多。
6、LEAST_FREQUENTLY_USED（最不经常使用）：使用频率比较低的机器优先被选举；
7、LEAST_RECENTLY_USED（最近最久未使用）：最久未使用的机器优先被选举；
8、FAILOVER（故障转移）：按照顺序依次进行心跳检测，第一个心跳检测成功的机器选定为目标执行器并发起调度；
这个在平时的开发中用的是比较多的。比如当前每一个任务找的实例1去执行，但是实例1可能会出现故障，这时候就可以把它转移到一个健康的实例去执行，例如实例2。
9、BUSYOVER（忙碌转移）：按照顺序依次进行空闲检测，第一个空闲检测成功的机器选定为目标执行器并发起调度；
比如当前每一个任务找的实例1去执行，但是实例1太忙了顾不上当前的任务，这时候就可以把它转移到其他空闲的实例去执行任务。
10、SHARDING_BROADCAST（分片广播）：广播触发对应机器中所有机器执行一次任务，同时系统自动传递分片参数；可根据分片参数开发分片任务。
这个比较适合前面说的例子：一次性去通知所有的用户进行还款。用户量很大就比较适合使用分片广播的方式，去执行这种类型：任务量比较大的任务。
以上就是比较常见的路由策略，我们只需要记住3个：轮询，这个相对来说用的是比较多的；故障转移；分片广播。",53
java面试八股文微服务篇.docx,"用户量很大就比较适合使用分片广播的方式，去执行这种类型：任务量比较大的任务。
以上就是比较常见的路由策略，我们只需要记住3个：轮询，这个相对来说用的是比较多的；故障转移；分片广播。
xxl-job任务执行失败怎么解决？
故障转移+失败重试，查看日志分析---->邮件告警：
故障转移就是前面说的路由策略，那么失败重试是什么？
我们可以进入一个页面：任务调度中心，在创建任务的适合可以点击“编辑”进行设置。
![image](/files/58ede5c6-ab84-4890-8cb7-e356238fb70f/file-preview)
在设置路由策略这里选择“故障转移”，然后可以设置失败重试次数，假如当前任务执行失败了，我们就可以设置一个次数让它再试几次，看看能不能成功。
![image](/files/e9b64d2a-f61d-46f8-92c1-a89ab7c0aa9a/file-preview)
如果这两步都设置完成了，现在任务1有可能会失败，这时候就可以通过查看日志，也可以设置邮件的告警。
![image](/files/f418b247-814e-4366-91d3-27559522e478/file-preview)
这里有一个调度日志，我们可以查看任务失败的情况，点击“查看”就可以展示任务失败的详细情况。
![image](/files/a64a0bc5-a220-4f56-bb2e-43f8bbd6401a/file-preview)
当然也可以设置邮件的告警，去通知对应的负责人，让人工去解决这个问题。
关于邮件告警，我们需要单独设置，比如在创建任务的时候就可以设置告警的邮件，指定对应的邮箱去接收对应的信息。",54
java面试八股文微服务篇.docx,"关于邮件告警，我们需要单独设置，比如在创建任务的时候就可以设置告警的邮件，指定对应的邮箱去接收对应的信息。
![image](/files/e9b64d2a-f61d-46f8-92c1-a89ab7c0aa9a/file-preview)
在我们部署这个调度中心的时候，代码里面有“spring.mail”，就需要在这里把邮箱的信息配置一下，这时候才能正常发送邮件。
![image](/files/fe7afc37-3f10-4cec-b23e-5fa94c78abe2/file-preview)
所以我们解决任务失败的思路就是：
首先把路由策略改为故障转移，然后设置一个失败重试次数，如果当前任务还是失败了，我们就去查看日志进行分析，也可以设置邮件的告警去通知对应的负责人，让TA去解决对应的问题。
如果有大数据量的任务同时都需要执行，怎么解决？
执行器集群部署时，任务路由策略选择分片广播情况下，一次任务调度将会广播触发对应集群中所有执行器执行一次任务。
现在有很多的任务，我们部署了多台机器同时去执行这些任务，那么是怎么执行的呢？
关键的点就是：一次任务去执行多个任务项。这时候是找集群下的所有机器共同去执行，比如现在有3台机器，那么现在的路由策略必须要选择分片广播才行。
在任务执行的时候是这样的：
首先按照取模的方式，任务项模上总分片数，目前的分片数是3，这时候任务项模于3就可以找到对应的机器去执行。1、4、7找的是分片1，2、5、8找的是分片2，3、6找的是分片0。
![image](/files/41e3f271-8c8c-4730-a9d4-a1d4f222670a/file-preview)
这就是分片广播执行的情况。",55
java面试八股文微服务篇.docx,"![image](/files/41e3f271-8c8c-4730-a9d4-a1d4f222670a/file-preview)
这就是分片广播执行的情况。当然在具体代码中，我们还可以拿到两个分片参数：
1、index（具体的分片号）：当前分片序号（从0开始），执行器集群列表中当前执行器的序号；
2、total：总分片数，执行器集群的总机器数量；
我们有了这两个值之后，在任务代码执行过程中就可以利用这两个参数，按照取模的方式去执行自己的任务代码。
![image](/files/e6f442d1-0a65-4b66-9be1-8b17c17779eb/file-preview)
这是一个案例，首先拿到两个分片的参数，然后就是我们的业务逻辑：按照主键的值进行分片，我们拿主键的值模于总分片数，最终找到当前分片就可以执行对应的任务了。
这里关键的点就是：
1、路由策略要设置为分片广播；
2、需要在代码中拿到两个参数：index（当前分片号）、total（总分片数）；
这个时候才能按照自己的业务逻辑找到对应的分片，把多任务分摊到各个机器同时去执行。
总结
面试官：“xxl-job路由策略有哪些？”
在xxl-job中提供了很多路由策略，我们平时用的比较多的就是轮询、故障转移、分片广播……
面试官：“xxl-job任务执行失败怎么解决？”
1、路由策略选择故障转移，使用健康的实例来执行任务；
2、设置重试次数，在新建任务时就可以设置；
3、如果上面两个都不能解决任务执行失败，那就只能通过查看日志+邮件告警来通知相关负责人解决。
面试官：“如果有大数据量的任务同时都需要执行，怎么解决？”
1、路由策略选择分片广播，并且部署多个实例一块去执行某一个任务（部署集群）；
2、在任务执行代码中可以获取分片总数和当前分片，按照取模的方式分摊到各个实例执行。",56
java面试八股文微服务篇.docx,"模板
面试官：“xxl-job路由策略有哪些？”
答：“xxl-job支持多种路由策略，包括轮询、故障转移和分片广播等。”
面试官：“xxl-job任务执行失败怎么解决？”
答：“面对任务执行失败，我们可以：
1、选择故障转移路由策略，优先使用健康的实例执行任务；
2、设置任务重试次数；
3、通过日志记录和邮件告警通知相关负责人。”
面试官：“如果有大数据量的任务同时都需要执行，怎么解决？”
答：“我们可以通过部署多个实例并使用分片广播路由策略来分散任务负载。在任务执行代码中，根据分片信息和总数对任务进行分配。”",57
java面试八股文框架篇.docx,"框架篇
前言
现在的企业开发都是使用框架开发的，框架相关的面试题也是比较重要的内容。
我们主要讲Spring相关的框架，包含了3个：Spring、SpringMVC、Springboot。
还有目前比较主流的持久层框架：Mybatis。
在Spring框架中，我们会讲：Bean线程安全问题、AOP相关的问题（事务原理、事务失效（的场景））、Bean的生命周期、循环依赖（及解决方案）。
在SpringMVC中，我们会讲它的执行流程。
在Springboot中，我们会讲自动配置原理。
为了加深印象，还会梳理这些框架常见的注解，这些也是面试题。
接下来是Mybatis，我们会讲3个面试题：执行流程、延迟加载（及实现原理）、一二级缓存。
![image](/files/5854eec9-8e07-47f4-b6bf-6bbef3c01e09/file-preview)
Spring
单例bean是线程安全的吗
前言
面试官：“Spring框架中的单例bean是线程安全的吗？”
首先要清楚：Spring框架中的bean是单例的吗？的确是单例的，我们可以通过一个注解@Scope来设置当前的bean为单例，一般不设置的话默认是“singleton（单例）”。
![image](/files/3b9aedbd-9b31-4a52-9e56-43485e1b089f/file-preview)
singleton：bean在每个Spring IOC容器中只有一个实例；
prototype：一个bean的定义可以有多个实例（多例）。
所以Spring框架中的bean的确是单例的，但是Spring框架中的单例bean不是线程安全的。",1
java面试八股文框架篇.docx,"所以Spring框架中的bean的确是单例的，但是Spring框架中的单例bean不是线程安全的。
Spring框架中的单例bean是线程安全的吗？
既然Spring框架中的单例bean不是线程安全的，那么我们在开发过程中会遇到什么问题呢？
![image](/files/66b8f4af-05f2-49d1-b524-c2e62b07b60d/file-preview)
接下来我们看一个服务器中的代码片段。这是一个Controller层的代码，有一个GET方法，根据参数id查询用户的信息，里面调用了Service层的方法来获取用户的信息。
还有一个成员变量count，同时每调用一次GET方法就count++，然后把它打印在控制台上。
![image](/files/6ed5dbf1-866a-4409-a94f-e4e39c353884/file-preview)
如果这时候有请求过来之后，那么当前这段代码有没有线程安全问题呢？方法里面的执行是有问题的。
唯一要注意的是成员变量count，成员方法（变量）需要考虑线程安全，如果现在有多个请求过来，每个请求都能去修改count，这时候它就不是线程安全的。
我们平时使用这个方法接收参数，比如id，它是一个形参，形参就是一个局部变量，局部变量一般情况下是没有线程安全问题的。
这里面还有一个成员变量UserService，它没有线程安全问题，因为它是一个无状态的类。
什么是无状态？简单来说就是判断当前的这个成员变量能不能被修改。这个UserService显然是不能修改的，不能修改的类就是无状态的，无状态的类是没有线程安全问题的。
Spring bean并没有可变的状态（比如Service类和DAO类），所以在某种程度上说Spring的单例bean是线程安全的。",2
java面试八股文框架篇.docx,"Spring bean并没有可变的状态（比如Service类和DAO类），所以在某种程度上说Spring的单例bean是线程安全的。
大家在平时的开发过程中尽量不要定义那些可修改的成员变量，并不是所有的成员变量都是有问题的。
总结
面试官：“Spring框架中的单例bean是线程安全的吗？”
它不是线程安全的。
Spring框架中有一个@Scope注解，默认的值就是singleton，单例的。
因为一般在spring的bean中都是注入无状态的对象，没有线程安全问题，如果在bean中定义了可修改的成员变量，是要考虑线程安全问题的，解决方案是可以使用多例或者加锁来解决。
模板
面试官：“Spring框架中的单例bean是线程安全的吗？”
答：“不是线程安全的，是这样的：
当多用户同时请求一个服务时，容器会给每一个请求分配一个线程，这时候多个线程会并发执行该请求对应的业务逻辑（成员方法），如果该处理逻辑中有对该单例状态的修改（体现为该单例的成员属性），则必须考虑线程同步问题。
Spring框架并没有对单例bean进行任何多线程的封装处理。关于单例bean的线程安全和并发问题需要开发者自行去搞定。
比如：我们通常在项目中使用的Spring bean都是不可变的状态，（比如Service类和DAO类），所以在某种程度上说Spring的单例bean是线程安全的。
如果你的bean有多种状态的话（比如View Model对象），就需要自行保证线程安全，最浅显的解决方法就是将多态bean的作用由‘singleton’变更为‘prototype’。”
AOP相关面试题
前言
面试官：“什么是AOP，你们项目中有没有使用到AOP？”
这个面试官主要考察的是我们对AOP的理解，有没有真的用过AOP。
因为AOP在Spring中相对来说是比较难的一块内容。
我们要先解释什么是AOP。",3
java面试八股文框架篇.docx,"因为AOP在Spring中相对来说是比较难的一块内容。
我们要先解释什么是AOP。
AOP称为面向切面编程，用于将那些于业务无关，但却对多个对象产生影响的公共行为和逻辑，抽取并封装为一个可重用的模块，这个模块被命名为“切面”（Aspect），减少系统中的重复代码，降低了模块间的耦合度，同时提升了系统的可维护性。
在我们平时开发中，用的最多的是事务，Spring管理的事务，其实底层用的就是AOP，AOP的底层用的是动态代理。
接下来列出常见的AOP使用场景：
1、记录操作日志；
因为日志属于公共的行为，比如每一个Service可能都需要记录这个日志，我们不可能在每一个Service里面都去编写这个操作日志的逻辑，所以使用AOP就非常方便了。
2、缓存处理；
比如我们有某些业务想去加缓存，如果直接写在Service，也会有耦合的情况，可以使用AOP的切面来拦截我们所需要添加缓存的业务方法。
3、Spring中内置的事务处理。
什么是AOP，你们项目中有没有使用到AOP？
1、记录操作日志思路：
![image](/files/3f150d24-6281-4987-8bcd-88d823a49f4a/file-preview)
在我们平时的后台开发中，都有记录操作日志的需求，当用户操作系统中某一个请求的时候，需要记录当前请求的用户是谁，请求方式是什么、访问地址是什么，模块名称、登录IP、操作时间等都需要记录到日志表中。
需求：获取请求的用户名、请求方式、访问地址、模块名称、登录ip、操作时间，记录到数据库的日志表中。
需求明确以后，怎么去完成这个需求呢？就是我们刚才说的AOP，接下来详细分析一下具体实现方式。",4
java面试八股文框架篇.docx,"需求：获取请求的用户名、请求方式、访问地址、模块名称、登录ip、操作时间，记录到数据库的日志表中。
需求明确以后，怎么去完成这个需求呢？就是我们刚才说的AOP，接下来详细分析一下具体实现方式。
![image](/files/34d60028-873a-4657-8e9d-a63c10546d22/file-preview)
比如我们的用户请求来了以后，后台有4个请求的接口：登录、新增用户、更新用户、删除用户。
当有这些操作的时候，我们就需要记录日志了，以新增用户为例：
![image](/files/4f940da7-734b-409d-a291-417d566f69d0/file-preview)
我们可以使用AOP提供的环绕通知，在里面做一个切面，前面说了切面就相当于一个通用的代码，在保存用户、修改用户或者其他请求来了的时候都会执行这个代码。
![image](/files/0e39e66d-43b5-46fb-a73a-86b83b942361/file-preview)
比如现在有一个Springboot项目，我们到它的引导类（启动类）中，里面只有一个main()方法，我们在类上面加了一个@SpringBootApplication。
![image](/files/8bd64366-c39f-4637-bdd6-55223b666091/file-preview)
这里面会有一些请求，我们找到项目中的UserController，其中有4个请求：getById()、save()、update()、delete()。
现在需要记录当前这些操作的日志，所以需要提供一个切面类，我们定义了一个切面类SysAspect。",5
java面试八股文框架篇.docx,"现在需要记录当前这些操作的日志，所以需要提供一个切面类，我们定义了一个切面类SysAspect。
![image](/files/28cae7bc-a534-480a-a3c4-5a5464b7990a/file-preview)
当前这个类必须被Spring进行管理，所以要加上@Component，然后加上@Aspect标明它是一个切面类。
![image](/files/a0a8f6f8-260a-4829-8d48-5eeb9e1e44dd/file-preview)
然后在里面定义一个环绕的通知around()，首先里面有一个形参joinPoint，从里面可以获取当前被增强的类和方法的信息。
那么哪个是被增强的类和方法的信息？最上面其实有一个切点表达式pointcut()，这个切点表达式最终找的一个@annotation，比如如果当前某一个方法上面加了一个@Log，这个方法就会进入到当前的环绕通知进行增强。
![image](/files/5fd422c4-43ef-4b24-810f-be797d49c35a/file-preview)
哪一个方法被加上这个注解了？我们回到UserController，发现在getById()上加上了@Log。
![image](/files/5dbfd686-99ea-4b58-89d3-464a9a497ff7/file-preview)
这个注解其实是我们自定义的，在当前工程的annotation包下就有一个Log，它就是我们自定义的注解，里面有一个属性name()，就是我们模块的名称，需要去说明一下，比如当前的getById()就是“根据用户id获取用户”。
接着回到切面类，现在来看，我们主要找的是方法上面有@Log的，都会记录到around()进行执行。",6
java面试八股文框架篇.docx,"接着回到切面类，现在来看，我们主要找的是方法上面有@Log的，都会记录到around()进行执行。
通过joinPoint找到被增强的类和方法的信息之后，目前就是UserCoontroller里面的getById()，然后获取被增强的方法对象，其实就是这个getById()，我们就可以从这个方法对象里面获取注解了。
比如调用getAnotation()，把Log.class传进去，看看这个方法是否有@Log，如果有的话就取出里面的信息，也就是属性name()，最终拿到这个“根据用户id获取用户”。
再往下就是调用getName()获取方法名字。
![image](/files/53893138-df52-4f77-9345-5837fbf69353/file-preview)
![image](/files/93090a0a-56f3-4ad7-937f-f72c6cdf1340/file-preview)
然后通过工具类找到Request对象，有它就可以方便去获取访问的url、请求方式、登录IP了。
最后就是操作的时间，创建一个Date对象就可以了。
有了这些信息之后，就可以保存在数据库中，这样就算是记录日志完成了。
其实还少了一个当前登录用户的信息，这个需要通过解析session或者token去获取，目前就不展开细讲了。
如果是一个正常的系统肯定有登录功能的，有登录的话肯定就能获得当前的session或者token的信息，再从里面拿到用户信息就可以了。
到此就完成当前的需求了，接下来进行测试，看一下控制台有没有打印相关信息。",7
java面试八股文框架篇.docx,"到此就完成当前的需求了，接下来进行测试，看一下控制台有没有打印相关信息。
![image](/files/f0753d4a-8e9e-48ba-849f-8b645fec842c/file-preview)
![image](/files/245fd04a-2408-4276-bcef-6033cac78146/file-preview)
现在就能大致理解AOP的功能了，就是把一些公共的代码给抽取出来，比如在新增用户或者其他功能的时候需要去记录日志，就可以创建一个切面类，让这个切面类在里面做增强：记录这个操作的日志。
AOP最核心的思想就是把这些通用的代码抽取出来，上面说到的记录日志的代码其实就是通用代码，不要让我们的业务代码耦合就可以了。
Spring中的事务是如何实现的
面试官可能还会接着问：“Spring中的事务是如何实现的？”
这个问题很显然也是使用AOP去完成的，当然Spring中提供了两种事务实现的方式。
Spring支持编程式事务管理和声明式事务管理两种方式。很显然我们用到的是声明式事务。
1、编程式事务控制：需使用Transaction Template来进行实现，对业务代码有侵入性（需要在代码中开启事务、提交事务、回滚事务），项目中很少使用；
2、声明式事务管理：声明式事务管理建立在AOP之上的。其本质是通过AOP功能，对方法前后进行拦截，将事务处理的功能编织到拦截的方法中，也就是在目标方法开始之前加入一个事务，在执行完目标方法之后根据执行情况提交事务或者回滚事务。
声明式事务管理本质就是通过AOP进行拦截。",8
java面试八股文框架篇.docx,"声明式事务管理本质就是通过AOP进行拦截。
![image](/files/ef5e561b-f5b8-4a62-8d51-32e969a82f62/file-preview)
比如现在要去保存用户，我们使用AOP的切面，里面的那一行执行业务代码其实就是真正去执行目标方法：执行保存用户的操作，我们在这个方法执行之前开启事务，然后在执行之后提交事务。
如果这一行代码出错了，需要回滚的话，在后面会有回滚事务，其实就是使用AOP切面来完成的。
当然在我们的具体操作中，需要在这个保存用户的方法或者类的上面加@Transactional，标明当前的方法开启了事务。
总结
面试官：“什么是AOP？”
AOP：面向切面编程，用于将那些与业务无关，但却对多个对象产生影响的公共行为和逻辑，抽取成公共模块复用，降低（代码）耦合。
在回答AOP的时候也可以举例说明，比如我们记录了操作日志，或者说Spring事务的底层实现。
面试官：“你们项目中有没有使用到AOP？”
我们可以举例：记录操作日志、缓存、spring实现的事务。
前面就有记录操作日志的例子，它的核心就是：使用aop中的环绕通知+切点表达式（找到要记录日志的方法，一般是业务层的方法），通过环绕通知的参数获取请求方法的参数（类、方法、注解、请求方式等），获取到这些参数以后，保存到数据库。
面试官：“Spring中的事务是如何实现的？”
我们直接说声明式事务就可以了，它的本质就是：通过AOP功能，对方法前后进行拦截，在执行（目标）方法之前开启事务，在执行完方法之后根据执行情况提交或者回滚事务。
模板
面试官：“什么是AOP？”
答：“AOP，即面向切面编程，在Spring中用于将那些与业务无关但对多个对象产生影响的公共行为和逻辑抽取出来，实现公共模块复用，降低耦合。
常见的应用场景包括公共日志保存和事务处理。",9
java面试八股文框架篇.docx,"常见的应用场景包括公共日志保存和事务处理。”
面试官：“你们项目中有没有使用到AOP？”
答：“我们之前在后台管理系统中使用AOP来记录系统操作日志。主要思路是使用AOP的环绕通知和切点表达式，找到需要记录日志的方法，然后通过环绕通知的参数获取请求方法的参数，例如类信息、方法信息、注解、请求方式等，并将这些参数保存到数据库。”
面试官：“Spring中的事务是如何实现的？”
答：“Spring实现事务的本质是利用AOP完成的。它对方法前后进行拦截，在执行方法前开启事务，在执行完目标方法后根据执行情况提交或回滚事务。”
事务失效的场景
前言
面试官：“Spring中事务失效的场景有哪些？”
这个问题主要考察的是我们对spring框架的深入理解，复杂业务的编码经验，因为如果我们的业务层调用关系比较复杂，那么事务失效是需要注意的事情。
Spring中事务失效的场景有很多，我们讲3种比较常见的事务失效的场景：异常捕获处理、抛出检查异常、非public方法。
Spring中事务失效的场景？
情况一：异常捕获处理
现在有一个转账代码，方法里面有3个参数：要转钱的账户“from”、被转钱的账户“to”、转账金额“moneny”。
![image](/files/7ac8883b-c349-44c2-8ded-6db54155eaaa/file-preview)
首先去查询当前from这个账户，然后检查账户里面的金额是否足够转账，如果足够转账就从from账户扣减转账的金额，最后把账户的金额更新到数据库。
这里先跳过异常分析，接着查询当前to这个账户，然后在to账户加上转账的金额，最后把账户的金额更新到数据库。
在这里面就有可能出现事务失效的场景，我们在里面做（模拟）了一个异常。",10
java面试八股文框架篇.docx,"这里先跳过异常分析，接着查询当前to这个账户，然后在to账户加上转账的金额，最后把账户的金额更新到数据库。
在这里面就有可能出现事务失效的场景，我们在里面做（模拟）了一个异常。
因为我们在方法上面加上了@Transactional，说明当前的方法被事务管理了，当异常抛出之后，前面的有关两个账户的操作都会进行回滚。
注意是异常捕获处理有可能会导致事务失效，我们在方法里面加上了try-catch，把这个异常在这个方法中已经处理掉了，这就有可能导致事务失效。
我们先测试一下没有异常的正常代码，可以看一下目前数据库中account表的数据。
![image](/files/15eb11cb-21a1-42e5-8b8f-eee891ccbfb5/file-preview)
![image](/files/4c5ef624-39b0-4c27-8fb6-73e20a3cd3bf/file-preview)
接下来进行测试：从账户1转账给账户2，500块。执行完成之后再次查询数据库，发现转账成功，没有问题。
![image](/files/cd69f7f2-9be9-4ad0-9626-9931ff452a57/file-preview)
![image](/files/608e7733-e91a-4baa-94e2-669c37f57d5f/file-preview)
这是正常情况下的，我们可以模拟一个异常“int a = 1/0”，肯定是会抛出这个异常的，我们再次进行测试，发现已经抛出异常，再去查询数据库，数据没有变化，说明事务已经正常回滚了，数据并没有更改。",11
java面试八股文框架篇.docx,"![image](/files/b831b34f-43a7-46a2-9358-4491cccf729f/file-preview)
![image](/files/608e7733-e91a-4baa-94e2-669c37f57d5f/file-preview)
在这里我们做一个异常的捕获（try-catch），把异常给处理掉。
![image](/files/af979747-d06f-4820-b15a-cdfa988808c6/file-preview)
然后我们再次进行测试，异常处理没有问题，接着查询一下数据库，发现数据居然发生了变化，账户1扣减了500块，但是账户2并没有加上这500块。
![image](/files/4a85bcad-4930-4238-96f4-028c561137d7/file-preview)
这种情况就是导致事务失效了，原因：
事务通知只有捉到了目标抛出的异常，才能进行后续的回滚处理，如果目标自己处理掉异常，事务通知无法知悉。
解决：
在catch块中添加throw newRuntimeException(e)抛出。
我们根据解决方案再次进行测试，记得先把账户1的数据恢复正常，或者重新拟定两个账户的数据。结果异常抛出，再次查询数据库，发现两个账户的数据并没有发生改变，说明这时候事务已经被控制住了。
![image](/files/ae9314cc-17de-4ea5-86a4-bf991c36b16f/file-preview)
![image](/files/437677db-efee-454b-b3a7-e7bcf069f59e/file-preview)
总的来说，我们自己处理的异常并没有把异常抛出去，那么AOP实现的事务并不能处理当前自己处理之后的异常，所以就会导致事务失效。",12
java面试八股文框架篇.docx,"情况二：抛出检查异常
还是前面转账的代码，但是里面异常抛出的情况不一样。我们在里面读取了一个文件，同时在方法签名上加了throwsFileNotFoundException（文件找不到的异常）。
![image](/files/a0609b76-0190-4e56-9e58-ee1046ee1271/file-preview)
接下来进行测试，先查询一下数据库中的数据。执行之后异常正常抛出，再次查询数据库，发现数据居然发生了变化，账户1扣减了500块，但是账户2并没有加上这500块。
![image](/files/7a14a6ba-289d-4801-a99a-8f08a6b47336/file-preview)
![image](/files/bdef7838-716d-4b9f-b7d7-5f89487b73fe/file-preview)
![image](/files/32fab5a1-f2c2-45ef-a89f-0a18947a981f/file-preview)
![image](/files/f82d004a-ce26-4d64-bc50-8a430ad79286/file-preview)
这就说明事务已经失效了，原因：
Spring默认只会回滚非检查异常（RuntimeException），如果是一个检查异常（如FileNotFoundException），它并不能捕获。
解决：
配置rollbackFor属性。在@Transactional里面有一个属性rollbackFor，我们把它设置为Exception.class，这时候只要有异常都会进行回滚。",13
java面试八股文框架篇.docx,"解决：
配置rollbackFor属性。在@Transactional里面有一个属性rollbackFor，我们把它设置为Exception.class，这时候只要有异常都会进行回滚。
![image](/files/3b8345c7-7dfc-4dfb-9b15-87013760fac5/file-preview)
我们根据解决方案再次进行测试，结果异常正常抛出，再次查询数据库，发现两个账户的数据并没有发生改变，说明这时候事务已经被控制住了![image](/files/c91df29f-fb0e-484e-909b-c01304af7c15/file-preview)
情况三：非public方法导致的事务失效
还是前面的代码，只不过我们去掉了方法前面修饰的“public”。
![image](/files/00c130d9-4d14-46eb-9b25-2b22b0d8554b/file-preview)
我们直接进行测试，先查询数据库。执行之后，虽然异常正常抛出了，我们也把@Transactional里面的属性rollbackFor它设置为Exception.class，它会正常控制事务，但是我们去掉public之后，发现数据居然发生了变化，账户1扣减了500块，而且账户2并没有加上这500块。",14
java面试八股文框架篇.docx,"![image](/files/dbe907d5-e03f-42cf-9fdb-daeee39e2aaa/file-preview)
![image](/files/4fb42429-b394-4633-a188-5f436b2bd137/file-preview)
![image](/files/63ca6b9d-3cde-4eb8-9b23-bf7573ca4f9f/file-preview)
所以说这次又导致事务失效了，原因：
Spring为方法创建代理、添加事务通知，前提条件都是该方法是public的。如果不是public就没有办法进行代理。
解决：
改为public方法。
总结
面试官：“Spring中事务失效的场景有哪些？”
关于事务失效的场景有很多，在面试过程中说两三个就可以了，也可以具体说一说当时业务是什么情况，是如何产生的，最后是如何解决的，把过程给描述一下。
我们讲了3种事务失效的场景：
1、异常捕获处理，自己处理了异常，没有抛出，导致事务失效，解决：手动抛出，不能仅仅只是try-catch；
2、抛出检查异常，spring中的只会对RuntimeException（非检查异常）进行回滚，解决：（@Transactional）配置rollbackFor属性为Exception（Exception.class）；
3、非public方法导致的事务失效，解决：改为public。
模板
面试官：“Spring中事务失效的场景有哪些？”
答：“在项目中，我遇到过几种导致事务失效的场景：
1、如果方法内部捕获并处理了异常，没有将异常抛出，会导致事务失效。",15
java面试八股文框架篇.docx,"模板
面试官：“Spring中事务失效的场景有哪些？”
答：“在项目中，我遇到过几种导致事务失效的场景：
1、如果方法内部捕获并处理了异常，没有将异常抛出，会导致事务失效。因此，处理异常后应该确保异常能够被抛出；
2、如果方法抛出检查型异常（checked exception），并且没有在@Transactional注解上配置rollbackFor属性为Exception，那么异常发生时事务可能不会回滚；
3、如果事务注解的方法不是公开（public）修饰的，也可能导致事务失效。”
bean的生命周期
前言
面试官：“Spring的bean的生命周期？”
这道题相对来说是比较难的，因为bean在加载的过程中步骤很多，不太好记忆。
虽然不了解这个bean的生命周期也不影响开发，但是如果了解了就可以帮助我们更好地掌握Spring的框架，并且能够更好地去理解Spring容器是如何管理和创建bean实例。
如果以后遇到bean的相关问题，比如Spring的循环依赖问题，就可以让我们很方便调试和解决问题。
同时也能让我们编写出更健壮、灵活、易维护的应用程序，所以说理解这个bean的生命周期对于掌握框架是至关重要的。
接下来介绍Spring的生命周期，先从整体上介绍bean创建的整个流程，然后再用代码的方式演示一遍。
![image](/files/0226f0e5-1d58-4d58-92bc-a5a7e331d823/file-preview)
BeanDefinition（bean的定义信息）
主要作用：Spring容器在进行实例化时，会将xml配置的<bean>的信息封装成一个BeanDefinition对象（注解也是类似的，也会去封装一个BeanDefinition对象），Spring根据BeanDefinition来创建Bean对象，里面有很多的属性用来描述Bean。",16
java面试八股文框架篇.docx,"![image](/files/f88d400b-9ccf-4c18-b685-445cdaf489cc/file-preview)
如图所示。这些标签中有很多的属性，比如id、class、lazy-init、scope，还有子标签的property。
这些都是bean的定义信息，它会把这些信息存储到BeanDefinition。有了这个对象之后，Spring就是根据这个BeanDefinition里面的信息来去创建Bean对象，里面有很多的属性用来描述Bean信息。
![image](/files/dee6241f-73c9-4115-91f4-e72c10ddaaf7/file-preview)
如图所示。这是一个BeanDefinition对象，我们重点看一下标红的信息：
1、beanClassName：bean的类名，有了它之后，在创建Bean对象的时候，就可以通过反射来创建；
2、initMethodName：初始化方法名称，后面讲执行Bean的生命周期的时候，就有执行初始化方法这一步，它也是从BeanDefinition中去获取方法；
3、propertyValues：bean的属性值；
4、scope：（bean的）作用域；
5、lazyInit：延迟初始化，当前的bean是否需要延迟加载。
上面这些属性都被封装到BeanDefinition中进行备用，也就是在Bean的生命周期中使用。
![image](/files/9fcab0eb-7aa5-4940-8f71-3bbfe7b29615/file-preview)
目前我们已经有了BeanDefinition这个对象了，第一步就是来去创建对象，首先调用Bean的构造函数来去实例化当前Bean的对象。
第二步就是依赖注入，像是@Autowired或者@Value标明的属性都是在这一步完成。",17
java面试八股文框架篇.docx,"第二步就是依赖注入，像是@Autowired或者@Value标明的属性都是在这一步完成。
第三步是Aware接口，比较常见的有3个：BeanNameAware、BeanFactoryAware、ApplicationContextAware。如果这个Bean实现了这些接口，就要重写里面的方法。
我们可以从名字看出来，在Bean的初始化过程中，就能获取BeanName值（Bean的名称），这个也是Spring初始化过程中获取到的Bean的名称。其实在我们的实际开发中用的是比较少的。
后面两个也是类似的，分别能够获取BeanFactory（Bean工厂）、ApplicationContext（容器的上下文对象），这些内容都是为了方便对Bean进一步的扩展。
第四步是一个BeanPorstProcessor#before，它是一个Bean的后置处理器，用来增强Bean的功能的，在初始化方法调用之前进行回调。这个后置处理器在Bean的生命周期中占据了非常重要的作用，我们要重点去记住这个类：BeanPostProcessor，一共有两个，这个是Bean在初始化方法之前的调用，还有一个是在初始化方法调用之后调用的。
第五步就是初始化方法，里面有两个：
1、InitializingBean接口，如果说当前的Bean实现了这个接口，就要重写里面的方法，这一步就是去执行重写之后的初始化方法；
2、自定义init（初始化）方法，比如在Bean中某一个方法上使用了注解@PostConstruct，它就会去执行标明了当前注解的这个方法。当前自定义的这个方法其实也是从BeanDefinition中读取到的信息。
第六步是一个BeanPorstProcessor#after，一个Bean的后置处理器，但它是在初始化方法使用之后执行。",18
java面试八股文框架篇.docx,"当前自定义的这个方法其实也是从BeanDefinition中读取到的信息。
第六步是一个BeanPorstProcessor#after，一个Bean的后置处理器，但它是在初始化方法使用之后执行。Spring中一般对类进行增强，都是会用到这个后置处理器，其实在Spring内部会使用到很多的后置处理器。
比较典型的就是：当一个类被增强了，使用到了AOP，那么这个类通常都是使用了Bean的后置处理器来被增强的。当然我们知道AOP的底层使用的是动态代理，代理有两种：JDK动态代理、CGLIB动态代理。
至此这个对象就基本创建完成了，我们就可以使用当前的这个Bean对象了。
![image](/files/0671a189-0369-48ed-8182-e950342f2dd5/file-preview)
注意依赖注入、Aware接口、BeanPostProcessor#before、初始化方法、BeanPostProcessor#after这几步都属于初始化赋值的过程，都是针对当前的Bean进行初始化的，当然也做了一些增强。
我们要明确一点：创建是一步一步完成的，也就是Bean的创建和初始化赋值是分开的。
那么哪一块内容是创建呢？调用了构造函数之后，就是创建这个对象，但里面是一个空对象，并没有值，赋值主要是后面的几个步骤完成的。
如果说已经执行到BeanPostProcessor#after这一步，对象已经算是创建成功了，我们就能从Spring容器中直接获取、使用。
当这个容器关闭之后，这个Bean对象就要执行销毁bean的操作。比较典型的就是：如果我们在某一个方法上使用了@PreDestroy这个注解，那么这就是一个销毁的方法，Spring关闭的时候就会执行当前这个销毁的方法。
以上就是Bean的生命周期，为了加深印象，接下来用代码的方式进行演示。",19
java面试八股文框架篇.docx,"以上就是Bean的生命周期，为了加深印象，接下来用代码的方式进行演示。
![image](/files/f392a489-6a22-4354-ad0a-8cfaeefdc11e/file-preview)
首先这里有一个User类，它加上了@Component，也就是被Spring进行管理的。
我们按流程说明一下：
1、构造函数：public User(){}，这个构造方法是我们第一步要完成的内容；
2、依赖注入：当前的类中有一个属性name，这里有一个setName()方法，并且在上面标明了@Value，赋值为“张三”，这个就是依赖注入；
假如当前的类中有一个属性加上了@Autowired，其实它也属于依赖注入。
3、Aware接口：可以发现User实现了BeanNameAware、BeanFactoryAware、ApplicationContextAware这3个接口，这里面要去实现3个方法；
![image](/files/4312d14b-0f4c-4fb6-bd69-899478b2ca47/file-preview)
setBeanName()，拿到Bean的名称；setBeanFactory()，拿到Bean工厂；setApplicationContext()，拿到Application Context，这是3个Aware接口实现的方法。
![image](/files/6aa15695-a552-423f-9d11-386db1110c6e/file-preview)
4、BeanPostProcessor#before：它是一个前置的，我们发现代码里面并没有这个东西，那么它是怎么实现的呢？其实这里提供了另外一个类：MyBeanPostProcessor。",20
java面试八股文框架篇.docx,"![image](/files/3686ad12-71be-4272-91c9-60c526337a02/file-preview)
这个类实现了BeanPostProcessor，里面就有两个方法：一个前置方法，也就是前面第四步执行的方法；一个是后置方法，在初始化方法之后执行的。
![image](/files/a1f3ec9d-2f90-44fc-b61e-cef5b48398f7/file-preview)
5、初始化方法：回到User类，执行初始化方法，里面有两个：一个自定义的初始化方法init()，上面加上了@PostConstruct；另一个是我们实现了InitializingBean这个接口，它就会去重写当前的一个方法afterPropertiesSet()，里面就会执行一个初始化方法。
6、BeanPostProcessor#after：回到MyBeanPostProcessor这个类，执行里面的后置方法。
7、销毁bean：如果当前类中有方法的注解是@PreDestroy，那么它就会在容器关闭的时候执行这个方法。
接下来进行测试，在此之前先说一下环境：我们已经定义了一个SpringConfig配置类，因为我们现在用的是注解，所以加上了@Configuration。
还加上了@ComponentScan扫描包，扫描的是User、MyBeanPostProcessor这两个类的包。
![image](/files/06968dbb-48b8-4f45-a419-08904024b35a/file-preview)
同时我们还定义了一个测试类，里面读取了当前的配置，然后从容器中拿到这个User对象。",21
java面试八股文框架篇.docx,"![image](/files/6e8f680b-a25b-4e7e-9738-90e4f9862886/file-preview)
我们用debug的方式看一下里面包含了哪些步骤。
![image](/files/8cb7d9ed-bd26-4437-9b57-fa986b283f4d/file-preview)
首先User的构造方法执行了，然后就是setName，其实就是依赖注入，再来就是3个Aware接口，接着就是后置处理器中的前置方法执行了，后来是两个初始化方法，再往后就是后置处理器中的后置方法执行了，最后就是读取到了User这个对象。
这里面并没有执行销毁方法，因为我们并没有关闭容器，所以不会执行销毁的方法，当然这个方法也不是重点，重要的还是上面的几个步骤，这也是面试官关心的内容。
前面我们在说后置处理器的时候，在后置方法执行时，我们就可以对当前的Bean进行增强，增强的方式是使用AOP，AOP的底层使用的是动态代理。
![image](/files/f4b1c98b-9bdc-4eb6-846f-45ae465c0181/file-preview)
当前获取到的User是一个正常的类（普通的对象），并不是一个代理对象，可以去验证这一点。
![image](/files/4afc1079-e335-477e-a91d-1313f3347b9d/file-preview)
![image](/files/295ed0f9-00cc-462c-90d8-ea1e4b0e3d9f/file-preview)
我们找到后置处理器的后置方法，如果当前是User对象，我们就要去进行一个增强：创建一个cglib代理对象，首先创建一个Enhancer对象，它是cglib中的一个对象，然后指定当前需要增强的类。",22
java面试八股文框架篇.docx,"![image](/files/a89f3441-a0c4-493f-adf5-db358bb6b99c/file-preview)
那么是哪个类需要增强？当前这个Bean对象。我们调用getClass()拿到这个对象，然后执行回调方法：针对当前这个对象去增强，只是正常去执行一下目标方法，但是在最后返回了一个Enhancer的create()，其实就是返回了一个代理对象。如果不是User的话就正常返回一个Bean对象。
![image](/files/1a67ba56-8e84-4352-86fd-1cfbe12b5244/file-preview)
接下来再次测试，可以发现这里面获取的User是一个CGLIB：返回之后的代理对象，这时候就对原来的Bean进行了增强，它目前并不是一个原始对象，而是一个代理对象。
我们要对类进行增强的话，就要使用当前的BeanPostProcessor这个后置处理器，针对于类进行功能的增强。
至此就讲完了Bean的生命周期。
总结
面试官：“Spring的bean的生命周期？”
![image](/files/d7778848-4f67-48cd-862e-71b3026168d8/file-preview)
首先通过BeanDefinition获取bean的定义信息，然后再去走图中的流程：
1、调用构造函数实例化bean（对象）；
2、bean的依赖注入，通常情况下就是set()方法注入；
3、处理（一系列）Aware接口（BeanNameAware、BeanFactoryAware、ApplicationContextAware，也可以直接跟面试官说里面都是一些以“Aware”结尾的接口）；
实现这些接口之后，有些方法需要重写，然后去执行这些对应的方法就可以了。",23
java面试八股文框架篇.docx,"4、Bean的后置处理器BeanPostProcessor-前置；
5、初始化方法（InitializingBean、init-method），第一个是我们实现了InitializingBean这个接口，第二个是我们自定义的初始化方法；
6、Bean的后置处理器BeanPostProcessor-后置；
这个是比较重要的，它的作用是：当前某一个对象需要使用代理的时候，需要增强就在这个后置处理器的后置方法里面做一个增强。
7、销毁bean。
模板
面试官：“Spring的bean的生命周期？”
答：“1、通过BeanDefinition获取bean的定义信息；
2、调用构造函数实例化bean；
3、进行bean的依赖注入，例如通过setter方法或@Autowired注解；
4、处理实现了Aware接口的bean；
5、执行BeanPostProcessor的前置处理器；
6、调用初始化方法，如实现了InitializingBean接口或自定义的init-method；
7、执行BeanPostProcessor的后置处理器，可能在这里产生代理对象；
8、最后是销毁bean。”
bean的循环依赖（循环引用）
前言
面试官：“Spring中的循环引用？”
先解释一下什么是循环引用。现在有两个类：A、B，这两个类上面都加了@Component，说明这两个类都被Spring进行管理。
![image](/files/6e6e2c09-c319-4f9a-81b4-cdf0c0c6f3e0/file-preview)
我们分别来看一下这两个类的属性：A有一个B属性，B有一个A属性。也就是说A依赖于B，B依赖于A。在创建A对象的同时需要使用到B对象，在创建B对象的同时需要使用到A对象。",24
java面试八股文框架篇.docx,"也就是说A依赖于B，B依赖于A。在创建A对象的同时需要使用到B对象，在创建B对象的同时需要使用到A对象。
这种情况就是循环引用，当然循环引用并不见得就是两个对象互相引用，也有可能是：A依赖于B，B依赖于C，C依赖于A；A依赖于自己本身。
那么有了循环引用之后，就有可能出现死循环的问题。
什么是Spring的循环依赖？
还是以前面的两个类为例，分析一下当前死循环产生的过程：
![image](/files/b4639d8e-a6c4-46a8-96eb-e78255755f4f/file-preview)
首先是去实例化A，然后在堆中开启（开辟）内存空间，这时候只能这个A对象只能称为半成品A。
为什么是半成品呢？熟悉Bean的生命周期就会知道，在实例化对象A的时候，首先去调用的是构造函数，像一些依赖注入，还有一些接口的方法重写，还有后置处理器、初始化方法等这些东西都还没有去执行，所以说它目前只是一个半成品的A对象。
接下来去初始化这个A对象，但是在初始化的时候就需要去设置b属性，b是B类型的对象，把b注入到A中，这个时候就需要到Spring容器查找B对象，看一看容器是否存在B对象，如果存在就直接赋值并返回。
但是目前很显然B对象还不存在，这时候就会走另外一条线：
实例化B，在堆中开启（开辟）内存空间，然后生成一个半成品B，这时候再去初始化B，在初始化的过程中，B对象需要去设置a属性，a是A类型的对象，需要到Spring容器查找A对象，看一看容器是否存在A对象，如果存在就直接赋值并返回。
刚才创建A对象的时候，在这一步是去找了B对象，也就是说目前A对象还没有创建完成，还没有走完这个生命周期，它就不是一个完整的对象。
如果这时候B需要A的话，它在容器中找不到A，就会又去实例化A了，这个时候就产生了死循环，这个就是循环引用或者循环依赖。",25
java面试八股文框架篇.docx,"如果这时候B需要A的话，它在容器中找不到A，就会又去实例化A了，这个时候就产生了死循环，这个就是循环引用或者循环依赖。
那么该如何解决呢？其实Spring框架已经帮我们解决了大部分的循环依赖问题。
三级缓存解决循环依赖
Spring解决循环依赖是通过三级缓存，对应的三级缓存如图所示：
![image](/files/30a1728a-599a-4ea0-bc35-307bda5558d3/file-preview)
在Spring提供的框架中有一个类：DefaultSingletonBeanRegistry（单实例对象的注册器），在这里面定义了3个集合，我们也称它为三级缓存。
1、一级缓存：singletonObjects，单例池，缓存已经经历了完整的生命周期，已经初始化完成的bean对象；
如果一个Bean已经完成了完整的Bean的生命周期，就会把对象放到一级缓存（单例池）中。当然这里面只是存放单例的对象，如果某一个Bean是多例的，那么只有在什么时候获取Bean的时候才会创建实例，并不会存放在这个单例池中。
2、二级缓存：earlySingletonObjects，缓存早期的bean对象（生命周期还没走完）；
![image](/files/d7778848-4f67-48cd-862e-71b3026168d8/file-preview)
如图所示，这是一个生命周期。假如当前某一个对象已经执行了构造函数，下面的步骤还没有完成，那么这个对象就是一个半成品对象，我们就可以把它存入到二级缓存中，注意存的是早期的bean对象。
3、三级缓存：singletonFactories，缓存的是ObjectFactory，表示对象工厂（Bean对应的），用来创建某个对象的。",26
java面试八股文框架篇.docx,"3、三级缓存：singletonFactories，缓存的是ObjectFactory，表示对象工厂（Bean对应的），用来创建某个对象的。
![image](/files/d4560fc0-bcbb-45f1-9d05-200567fd5eb3/file-preview)
接下来说明一下三级缓存是如何解决循环依赖的。
先来看一下一级缓存，它很显然是不能解决循环依赖问题的，还是前面提到的死循环问题。
![image](/files/269da8ec-6e1b-425f-ae10-90fb37d5c3a1/file-preview)
假如一个对象走完了Bean的生命周期之后才能存到单例池中，上面的图中是没有对象完全走完Bean的生命周期的，目前是没有对象存入到单例池中的。
所以一级缓存是解决不了循环依赖问题的。
现在来看一下一级缓存和二级缓存一起使用的情况下能不能解决循环依赖的问题。如果要想打破循环依赖，就需要一个中间人的参与，这个中间人就是二级缓存。
首先还是去实例化A，这时候拿到的是原始对象A，还是一个半成品对象，跟之前不太一样，这时候会有一个二级缓存earlySingletonObjects，把当前的原始对象A（半成品A）存入到二级缓存中。
![image](/files/776f195a-705c-41d1-9f81-457fb5d0ea55/file-preview)
紧接着A需要注入B，B不存在，此时实例化B，也就是初始化B，这时候对象B也是一样，它会先创建原始对象B，同时把原始对象B存入到上面的二级缓存中。",27
java面试八股文框架篇.docx,"![image](/files/45a9129e-fd0f-4120-bf5f-03a57641c66a/file-preview)
这时候对象B需要注入A，但是对象A还没创建完成，注意这时候就可以从二级缓存中获取半成品A，直接把它注入到对象B中，这时候B对象就能创建成功。
![image](/files/d3e2fb2c-9f9e-4c9b-9d59-0f2130d216d9/file-preview)
那么B创建成功之后就可以存入到单例池（一级缓存）中，注意这里需要清除二级缓存中的半成品B。既然对象B已经有了，就可以顺利将B注入给A，A对象就创建成功了。
![image](/files/759c215d-c244-46d1-ac63-ad201eed6e5b/file-preview)
注意A创建成功之后也会放入到单例池中，然后二级缓存中的半成品对象就被清除掉了。
![image](/files/4e865219-77f2-4826-9f51-85b2b6778737/file-preview)
到此就通过一级缓存和二级缓存解决了循环依赖的问题，那么为什么还需要三级缓存呢？
假如A对象是一个代理对象，如果只用二级缓存和一级缓存可以完成吗？按照上面的逻辑，最终存入到单例池的并不是代理对象A。
![image](/files/7aea3af5-169f-4b1a-87b3-44e8e5d8a10d/file-preview)
所以一级和二级缓存能够解决一般对象的循环依赖，如果一个对象被增强的话，比如是一个代理对象，这时候就要借助三级缓存了。",28
java面试八股文框架篇.docx,"我们来看一下三级缓存解决循环依赖的流程：
首先还是去实例化A，然后原始对象A生成一个ObjectFactory对象（对象工厂对象），会把这个工厂对象A放入到一个三级缓存（singletonFactories）中，注意这个对象工厂是专门用来产生对象A的。
![image](/files/713bc646-d808-46ef-86b8-9adb3f4a027d/file-preview)
存入到三级缓存之后，对象A就需要注入B，B对象不存在，此时实例化B，然后原始对象B也会去生成一个ObjectFactory对象，也是把工厂对象B放入到三级缓存中。
![image](/files/0c98f1b4-620e-4810-906b-c389beb83bf4/file-preview)
接着对象B需要注入A，此时A对象不存在，但是在三级缓存中有一个对象工厂A，也就是从三级缓存中获取A对象的ObjectFactory对象。
![image](/files/9396d829-766b-4c97-8c7d-c1d828322919/file-preview)
那么这个ObjectFactory对象有什么作用？前面我们说了目前这个A对象是一个代理对象，那么这个ObjectFactory就可以帮我们生成一个代理对象A，并且注入给对象B。
所以ObjectFactory的作用就是：当前的对象工厂可以帮我们生成对应的对象，如果是一个代理对象，就生成对应的代理对象，如果不是代理对象，就生成普通的对象。
接下来就是通过A的ObjectFactory对象创建代理对象，同时把这个产生的A-代理对象（半）存入到前面说的二级缓存中，它目前还是一个半成品。",29
java面试八股文框架篇.docx,"接下来就是通过A的ObjectFactory对象创建代理对象，同时把这个产生的A-代理对象（半）存入到前面说的二级缓存中，它目前还是一个半成品。
![image](/files/41a65476-9b22-4d8e-8b64-7a4b77ea4bcd/file-preview)
这时候就可以将代理对象A注入给B，那么B就能创建成功了。
B创建成功之后，就需要放入到单例池中。
![image](/files/dd8174a5-3c69-4a93-adea-eef59fc989f8/file-preview)
既然B对象已经创建成功了，就可以将B注入给A，A也就能创建成功了。
A创建成功之后，最终也需要存入到单例池中，但是注意目前单例池中的A是一个代理对象，这个就是借助三级缓存解决了循环依赖的问题。
![image](/files/e9ad5a3a-88e3-4194-adc4-2b35faaf186a/file-preview)
之所以需要三级缓存，是因为这里面存储的是一个对象工厂，对象工厂就可以帮我们产生代理对象或者普通对象。如果当前有一个类被增强的话，比如是一个代理对象，那么对象工厂就可以帮我们生成对应的代理对象了。
以上就是三级缓存完整使用的过程，也可以说Spring框架使用三级缓存解决了大部分循环引用问题。
至于为什么是大部分，因为有些循环引用Spring框架解决不了，需要我们手动解决。
比较典型就是构造方法注入产生的循环引用问题。
构造方法出现了循环依赖怎么解决？
现在有两个类A、B，它们分别有一个属性b、a，同时它们注入的方式不太一样，前面我们是用setter方法注入的（不是@Autowired属性注入吗？），现在是构造器注入的。",30
java面试八股文框架篇.docx,"![image](/files/cffee7ec-6276-4f18-a360-8654ce0f4055/file-preview)
那么构造器注入就会产生问题，我们回顾一下Bean的生命周期，第一步就是去调用构造函数。目前这两个类里面都有构造函数，刚才我们讲的三级缓存能解决初始化过程的循环依赖，它不能解决构造函数产生的循环依赖。
![image](/files/655c2905-b039-4ca5-be52-a597ef505ad1/file-preview)
其实只要加上一个注解就可以了。前面代码的结果会报错：
![image](/files/76f2c9c3-7f7c-4ec5-9101-cde27d5795d5/file-preview)
原因就是产生了循环引用的问题，我们只需要到A的构造方法里面加上@Lazy：延迟加载，什么时候需要对象，再进行Bean对象的创建，并不是在实例化的时候直接就把对象注入进来。
![image](/files/6f09340e-27b8-409b-a16e-037317b4eec2/file-preview)
什么时候用就什么时候实例化，这样就能解决构造方法产生的循环依赖问题。
总结
面试官：“Spring中的循环引用？”
首先解释一下概念，循环依赖：
1、循环依赖其实就是循环引用，也就是两个或两个以上的bean互相持有对方，最终形成闭环，比如A依赖于B，B依赖于A；
2、循环依赖在spring中是允许存在的，spring框架依据三级缓存已经解决了大部分的循环依赖（其实解决的都是setter方法注入的依赖）。
需要给面试官解释一下三级缓存：
1）一级缓存：单例池，缓存已经经历了完整的生命周期，已经初始化完成的bean对象；
这个bean已经完全创建好了才会存入到单例池中。",31
java面试八股文框架篇.docx,"需要给面试官解释一下三级缓存：
1）一级缓存：单例池，缓存已经经历了完整的生命周期，已经初始化完成的bean对象；
这个bean已经完全创建好了才会存入到单例池中。
2）二级缓存：缓存早期的bean对象（生命周期还没走完）；
3）三级缓存：缓存的是ObjectFactory，表示对象工厂，用来创建某个对象的（可以选择是原始对象或者代理对象）。
整体的流程就是这样（A依赖于B，B依赖于A）：
![image](/files/656925c9-9344-4a3f-aaa8-f389293cb128/file-preview)
首先实例化A，然后生成A的对象工厂放入到三级缓存中，这时候注入B，B还没有，也会生成B的对象工厂放入到三级缓存中，这时候B需要注入A，就可以从三级缓存中拿到A的对象工厂，并且由对象工厂判断到底需要什么对象，比如需要一个代理对象。
这时候生成好的代理对象会放入到二级缓存，然后注入给B，B就创建成功，放入到单例池中。
最后把创建好的B对象注入给A，A也创建成功了，创建的是一个代理对象。
那么这里面一级缓存和三级缓存就可以解决循环依赖的问题，还能解决代理对象的问题，这个二级缓存有什么作用呢？
因为我们的对象是单例的，当我们去获取代理对象的时候，直接往二级缓存中存储一个对象就可以了。这时候B需要A，可以去二级缓存中获取。
后面还需要把B注入给A，这个A对象也是从二级缓存中获取出来的代理对象，最终才能生成一个完整的代理对象。
如果说多次去调用对象工厂的话，就有可能会产生多例，处理起来就会更加麻烦。所以我们把对象工厂产生的对象统一都放入到二级缓存，使用的时候直接从里面拿就可以了，不用再次去生成这个对象。
这个也是二级缓存最核心的作用。
面试官：“构造方法出现了循环依赖怎么解决？”
A依赖于B，B依赖于A，注入方式是构造函数。这时候也会产生循环依赖的问题。",32
java面试八股文框架篇.docx,"这个也是二级缓存最核心的作用。
面试官：“构造方法出现了循环依赖怎么解决？”
A依赖于B，B依赖于A，注入方式是构造函数。这时候也会产生循环依赖的问题。
原因：由于bean的生命周期中构造函数是第一个执行的，spring框架（三级缓存）并不能解决构造函数的依赖注入。
解决方案：使用@Lazy进行懒加载，什么时候需要对象再进行bean对象的创建。
我们在代码里面的构造函数的形参中加上@Lazy就可以了。
![image](/files/e3ad4c75-7c58-445b-ac56-e6a44a6e9cf5/file-preview)
模板
面试官：“Spring中的循环引用？”
答：“循环依赖发生在两个或两个以上的bean互相持有对方，形成闭环。Spring框架允许循环依赖存在，并通过三级缓存解决大部分循环依赖问题：
1、一级缓存：单例池，缓存已完成初始化的bean对象；
2、二级缓存：缓存尚未完成生命周期的早期bean对象；
3、三级缓存：缓存ObjectFactory，用于创建bean对象。”
面试官：“那具体解决流程清清楚吗？”
答：“解决循环依赖的流程如下：
1、实例化A对象，并创建ObjectFactory存入三级缓存；
2、A在初始化时需要B对象，开始B的创建逻辑；
3、B实例化完成，也创建ObjectFactory存入三级缓存；
4、B需要注入A，通过三级缓存获取ObjectFactory生成A对象，存入二级缓存；
5、B通过二级缓存获得A对象后，B创建成功，注入一级缓存；
6、A对象初始化时，由于B已创建完成，可以直接注入B，A创建完成存入一级缓存；
7、清除二级缓存中的临时对象A。”
面试官：“构造方法出现了循环依赖怎么解决？”
答：“由于构造函数是bean生命周期中最先执行的，Spring框架无法解决构造方法的循环依赖问题。",33
java面试八股文框架篇.docx,"面试官：“构造方法出现了循环依赖怎么解决？”
答：“由于构造函数是bean生命周期中最先执行的，Spring框架无法解决构造方法的循环依赖问题。可以使用@Lazy懒加载注解，延迟bean的创建直到实际需要时。”
SpringMVC-执行流程
前言
面试官：“SpringMVC的执行流程知道嘛？”
如果面试官要问SpringMVC相关的面试题，那么这道问题是必问的，因为掌握这个执行流程是当前SpringMVC框架最核心的内容，一共分为两种情况（因为现在开发模式变了）：
1、视图阶段（老旧JSP等）；
2、前后端分离阶段（接口开发，异步）。
现在的开发都是前后端分离，比如接口开发，异步请求，只需要响应就可以了，加一个@ResponeBody就可以把数据转换为Json并响应到前端，目前是没有视图这一说的。
视图阶段（JSP）
现在有一个请求[http://localhost:8080/user/getById/1](http://localhost:8080/user/getById/1)，可以发现带了一个参数，它要请求到后台。
一般我们的请求是从浏览器发出，一旦请求发出之后，后台就会有一个前端控制器（DispatcherServlet）来去接收这个请求。这个前端控制器就相当于一个调度中心，所有的请求都得经过它，它是被tomcat容器初始化的。
当这个类被加载之后，在内部就会加载一些组件类：处理器映射器（HandlerMapping）、处理器适配器（HandlerAdaptor）、视图解析器（ViewResolver）。这些组件都是在前端控制器中进行加载的。
假如请求已经到前端控制器了，首先它会走第一个组件：处理器映射器去查询handler。",34
java面试八股文框架篇.docx,"这些组件都是在前端控制器中进行加载的。
假如请求已经到前端控制器了，首先它会走第一个组件：处理器映射器去查询handler。
![image](/files/c9d2da3a-ac55-4263-844d-fa985e544bbe/file-preview)
什么是handler？这个处理器映射器里面保存的信息就是当前的路径和handler信息，这个handler可以理解为当前某一个控制器中的某一个方法。比如当前的/user/getById/1就能找到某一个Controller，里面就会有对应的方法，如下图所示。
![image](/files/ead8a11e-b2bd-47bc-84c9-8ed9f35926ab/file-preview)
最终就会找到当前这个路径：“/getById/{id}”所对应方法的信息，它们有一个关系，这个关系其实就存入到一个Map（key:/user/getById/1，value:“ 类名#方法名” ...），里面已经标明出来了，key就是路径，value就是类名、方法名，就能找到某一个方法进行执行。
其实一个类中有很多的方法，那么就会去记录多条信息到这个Map中，现在已经能通过当前的这个路径找到当前对应的类中对应的方法了，然后就会返回给前端控制器。
前面已经说明：前端控制器相当于一个调度中心，所有的请求都要经过它进行调度。
所以当前的处理器映射器解析完成之后，就会返回给前端控制器，但是返回的并不是当前某一个类名和方法名，返回的是一个处理器执行链（HandlerExecutionChain）。",35
java面试八股文框架篇.docx,"所以当前的处理器映射器解析完成之后，就会返回给前端控制器，但是返回的并不是当前某一个类名和方法名，返回的是一个处理器执行链（HandlerExecutionChain）。
![image](/files/0fe92fb0-56ae-4ad0-8a46-825376c1d6ec/file-preview)
因为在去执行某一个方法的时候有可能会出现拦截器，那么出现的拦截器就会把当前的拦截器和方法名（也就是查询的handler）一块封装到当前的处理器执行链中。
假如现在这里面真的有拦截器的话，它可能要先走这个拦截器，才会去执行这个具体的控制器中的某个方法。
其实我们已经知道，当前这个处理器执行链里面就包含了要执行的handler，就是控制器中的方法。
假如现在没有没有拦截器，那么就会去找当前的处理器适配器来去请求执行handler。
最终这个处理器适配器就能找到具体的方法（handler）去执行，注意这个handler指的还是当前控制器中的某一个方法，它执行完成之后还是会返回给处理器适配器。
![image](/files/7b25ddc0-c7c7-44ab-ae18-a8406e0640f6/file-preview)
这一步是不是有点麻烦？直接通过前端控制器直接去找这个处理器去执行不就好了吗，为什么要有这个处理器适配器呢？
在这个处理器适配器中，它做了两个非常重要的事情：处理参数、处理返回值。",36
java面试八股文框架篇.docx,"![image](/files/ead8a11e-b2bd-47bc-84c9-8ed9f35926ab/file-preview)
还是看之前提供的代码，在这个控制器中有很多的方法，每一个方法上都有可能会有参数，比如id（路径上的id）、User等，每个参数的形式或者类型都是不一样的，怎么才能正常接收呢？
其实都是处理器适配器中有一些对应的处理参数的类型转换器，最终我们的方法才能正确地接收这些参数。
关于返回值，其实也很好理解，比如上面代码的第一个方法返回的是一个User，它还能返回字符串、集合、ModelAndView，这个时候它就会有多种返回值。
那么这个返回值最终是如何响应给前端的？其实也是当前的处理器适配器去处理的。
所以我们就知道了处理器适配器的作用：
1、要找到Handler去执行；
2、处理当前Handler中方法上所对应的参数的转换，还有返回值的处理。
当这个Handler执行完成之后，就会返回一个ModelAndView给这个处理器适配器，这时候处理器适配器会再返回给前端控制器，交给它去处理。
![image](/files/e79f5457-5649-4941-b6b9-592e6688da9e/file-preview)
这时候前端控制器接收到了ModelAndView，再去找视图解析器，最后让视图解析器把逻辑视图转化为真正的视图，最终就会返回一个视图给前端控制器，再然后就会找到一个视图了。
比如我们在这里展示的是JSP，那么JSP中的一些EL表达式或者JSTL表达式就会替换成真正的数据到JSP中进行展示，最终替换完成之后，展示给用户的其实就是一个带有数据的页面了。
![image](/files/b3e31940-1457-4b68-862a-30a6e905f299/file-preview)
到此这个流程就结束了。",37
java面试八股文框架篇.docx,"![image](/files/b3e31940-1457-4b68-862a-30a6e905f299/file-preview)
到此这个流程就结束了。当然面试官可能还会再问：SpringMVC中重要的组件可以介绍一下。
重要的组件其实就是4个：
1、前端控制器（DispatcherServlet）；
这个是必须要说的，它是一个调度中心，接收所有的请求。它处理完请求之后，首先会找处理器映射器。
2、处理器映射器；
比如说当前有一个RequestMapping，里面写了一些路径，这路径里面就对应了方法，前端控制器就会在里面通过路径找到对应的方法，这是处理器映射器所干的事情。
3、处理器适配器；
第一，它会去执行Handler。第二，它会去处理Handler中的参数和返回值。
4、视图解析器。
处理器适配器返回的ModelAndView里面都是一些逻辑视图，并不是真正的视图，所以我们需要通过视图解析器来把它们解析为真正的视图，最终再渲染给页面就可以了。
到此就讲完了SpringMVC的执行流程，不过在当前的开发中其实会有一些变化。
前后端分离阶段（接口开发，异步请求）
因为目前都是接口开发，很多返回的都是Json，并没有ModelAndView，那么该怎么办？
可以把前面的流程简化一下：
![image](/files/fa0dcc21-e9e0-4bfd-94d3-92c7678aeeb3/file-preview)
前面都还是一样，比如还是前端控制器，来了请求之后先调用处理器映射器找到对应的方法去执行，然后再去调用处理器适配器，让它去执行具体的Handler，再然后这个Handler就很有可能在某一个方法上面加上了@ResponseBody。",38
java面试八股文框架篇.docx,"这个注解就会把当前方法的返回值转换成Json并响应，在内部其实就是通过一个转换器：HttpMessageConverter进行操作的，这个转换器就会把方法的返回结果转换为Json并响应给前端。
![image](/files/bfb8d544-7271-4c07-9011-94099e332a4a/file-preview)
目前这个流程就变得简单了，因为并没有视图，我们也不需要返回ModelAndView。
到此SpringMVC的执行流程才是真正说完了。",39
java面试八股文框架篇.docx,"到此SpringMVC的执行流程才是真正说完了。
总结
面试官：“SpringMVC的执行流程知道嘛？”
版本1：视图阶段，JSP一共分了十多步，我们来回顾一下：
1、用户发送请求到前端控制器DispatcherServlet（这是一个调度中心）；
2、DispatcherServlet收到请求调用HandlerMapping（处理器映射器）；
3、HandlerMapping找到具体的处理器（Controller中某一个方法），生成处理器对象及拦截器（如果有，这里需要判断拦截器是否存在），再一起返回给DispatcherServlet；
4、DispatcherServlet调用HandlerAdaptor（处理器适配器）；
5、HandlerAdaptor经过适配调用具体的处理器（Handler/Controller（某一个方法，这个方法就需要去执行当前的请求了））；
6、Controller执行完成返回ModelAndView对象（然后返回给HandlerAdaptor）；
7、HandlerAdaptor将Controller执行结果ModelAndView返回给DispatcherServlet；
8、DispatcherServlet将ModelAndView传给ViewResolver（视图解析器）；
9、ViewResolver解析后返回具体View（视图）；
10、DispatcherServlet根据View进行渲染视图（即将模型数据填充至视图中，比如将JSP中EL表达式或者JSTL表达式这些标签替换成真正的数据填充到视图中）；
11、DispatcherServlet响应用户。",40
java面试八股文框架篇.docx,"版本2：前后端开发，接口开发，异步请求：
1、用户发送请求到前端控制器DispatcherServlet（这是一个调度中心）；
2、DispatcherServlet收到请求调用HandlerMapping（处理器映射器）；
3、HandlerMapping找到具体的处理器（Controller中某一个方法），生成处理器对象及拦截器（如果有，这里需要判断拦截器是否存在），再一起返回给DispatcherServlet；
4、DispatcherServlet调用HandlerAdaptor（处理器适配器）；
5、HandlerAdaptor经过适配调用具体的处理器（Handler/Controller（某一个方法，这个方法就需要去执行当前的请求了））；
6、方法上添加了@ResponseBody；
7、通过HttpMessageConverter来返回结果（当前方法的返回值）转换为JSON并响应（前端）。",41
java面试八股文框架篇.docx,"模板
面试官：“SpringMVC的执行流程？”
答：“SpringMVC的执行流程包括以下步骤：
1、用户发送请求到前端控制器DispatcherServlet；
2、DispatcherServlet调用HandlerMapping找到具体处理器；
3、HandlerMapping返回处理器对象及拦截器（如果有）给DispatcherServlet；
4、DispatcherServlet调用HandlerAdaptor；
5、HandlerAdaptor适配并调用具体的处理器（Controller）；
6、Controller执行并返回ModelAndView对象；
7、HandlerAdaptor将ModelAndView返回给DispatcherServlet；
8、DispatcherServlet传给ViewResolver进行视图解析器；
9、ViewResolver返回具体视图给DispatcherServlet；
10、DispatcherServlet渲染视图并响应用户。
Springboot-自动配置原理
前言
面试官：“Springboot自动配置原理？”
这是Springboot中最高频的一道面试题，也是框架最核心的思想。如果面试官想问我们关于Springboot的内容的话，那么Springboot自动配置原理是必问的。
Springboot-自动配置原理
接下来先看一段普通的引导类代码。这里面有一个非常关键的注解：@SpringBootApplication，自动配置主要依赖的就是这个注解。",42
java面试八股文框架篇.docx,"Springboot-自动配置原理
接下来先看一段普通的引导类代码。这里面有一个非常关键的注解：@SpringBootApplication，自动配置主要依赖的就是这个注解。
![image](/files/f63b99cf-623e-40aa-9b3e-4bb2ec840fac/file-preview)
当然这个注解里面还包含了另外3个注解：
@SpringBootConfiguration：该注解与@Configuration注解作用相同，用来声明当前（这个引导类）也是一个配置类；
@EnableAutoConfiguration：这个是SpringBoot实现自动化配置的核心注解；
@ComponentScan：组件扫描，默认扫描当前引导类所在的包及其子包。
我们要研究的是自动配置原理，这3个注解里面跟自动配置有关的其实就是@EnableAutoConfiguration。
![image](/files/e6da6b60-b76e-47f3-91da-8046363dcfb8/file-preview)
如图所示。打开这个注解的源码，这是它的内部结构。主要的就是@Import：导入某些类，把它放到Spring容器中。这里面会有一个AutoConfigurationImportSelector.class，意思是我们要导入自动配置的选择器。
![image](/files/2ebcac69-d16d-43f8-a163-7955f38a6471/file-preview)
在这里面它会去加载一个文件，把这个文件里面的内容统一都会加到Spring容器中。这个文件是在META-INF目录下的spring.factories，里面的内容比较多。",43
java面试八股文框架篇.docx,"这个文件是在META-INF目录下的spring.factories，里面的内容比较多。
![image](/files/b5e8f6ca-9cc9-4094-8fac-c4f1a04aa8e6/file-preview)
这里面有很多的类都是以“AutoConfiguration”结尾的，它们都是自动配置的类，“AutoConfiguration”前面就是它的功能，比如缓存、RabbitMQ、AOP等，Spring已经默认为我们提供了一百多个这样的类。
当然这里面所有的自动配置类不一定都会加载进来，比如我们选择RedisAutoConfiguration，这里面也有很多的注解：
![image](/files/cb446411-b7b8-47ee-9a3c-8a1001adb593/file-preview)
@Configuration：标明当前的类是配置类；
@ConditionalOnClass：判断是否有对应字节码（就是当前的RedisOperations.class）；
那么什么时候会有这个RedisOperations.class呢？当我们去导入了redis相关的起步依赖之后，这个RedisOperations.class就存在了，如果存在的话就会去加载RedisAutoConfiguration这个类，把它放到Spring容器中。
如果没有这个RedisOperations.class，条件不成立，就不会去加载这个类，也就不会放到Spring容器中。
假如现在已经导入了redis相关的起步依赖，我们来看一下RedisAutoConfiguration当中的方法redisTemplate()，它的返回值是一个RedisTemplate。
并且在方法的上面有一个注解@Bean：把当前方法的返回值放到Spring容器中。",44
java面试八股文框架篇.docx,"并且在方法的上面有一个注解@Bean：把当前方法的返回值放到Spring容器中。
这时候我们就可以在自己的业务层直接用@Autowired注入当前的RedisTemplate，我们就可以直接在当前的代码中使用这个对象，因为目前Spring容器已经帮我们维护了这个对象。
在这个方法上面还有一个注解@ConditionalOnMissingBean：判断当前的环境中有没有对应的bean。
这里我们指定是“redisTemplate”，看一看当前这个对象有没有被创建，如果已经被创建了，那么就不走这段代码了，因为容器中已经存在，当然不需要再创建了。
如果容器中没有才会让这段代码生效，把当前的RedisTemplate放到Spring容器中。
到了这里，我们其实就知道Spring自动配置是怎么一回事了。
总结
面试官：“Spring自动配置原理？”
1、在SpringBoot项目中的引导类上有一个注解@SpringBootApplication（需要向面试官陈述这个注解），这个注解是对三个注解（也应该向面试官陈述）进行了封装，分别是：
@SpringBootConfiguration：相当于当前这个类是一个配置类；
@EnableAutoConfiguration；
@ComponentScan：扫描包。
2、其中@EnableAutoConfiguration是实现自动化配置的核心注解。该注解通过@Import注解导入对应的配置选择器。
@Import会加载对应的配置，那么到哪里去读取呢？
内部就是读取了该项目和该项目引用的Jar包的classpath路径下META-INF/spring.factories文件中的所配置的类的全类名。在这些配置类中所定义的Bean会根据条件注解所指定的条件来决定是否需要将其导入到Spring容器中。",45
java面试八股文框架篇.docx,"在这些配置类中所定义的Bean会根据条件注解所指定的条件来决定是否需要将其导入到Spring容器中。
这个文件也应该给面试官陈述，因为这里面加载了很多（一百多个）的配置类，都是框架为我们提供好的，当然并不是所有的配置类都要加载进来，所以会按照指定的条件选择哪些要放到Spring容器中，一般情况下是我们引入了对应的起步依赖，它就会加到Spring容器中。
3、条件判断会有像@ConditionalOnClass这样的注解，判断当前是否有对应的class（字节码）文件，如果有则加载该类，把这个配置类的所有的Bean放入spring容器中使用。
如果没有字节码文件，那么加载进来也没有用，所以需要判断一下有没有在pom文件中引入对应的依赖，如果引入了，那么这个class文件肯定是能找到的，当前的配置类就能够去加载。
模板
面试官：“Springboot自动配置原理？”
答：“SpringBoot的自动配置原理基于@SpringBootApplication注解，它封装了@SpringBootConfiguration、@EnableAutoConfiguration和@ComponentScan。@EnableAutoConfiguration是核心，它通过@Import导入配置选择器，读取META-INF/spring.factories文件中的类名，根据条件注解决定是否将配置类中的Bean导入到Spring容器中。",46
java面试八股文框架篇.docx,"Spring框架常见的注解（Spring、Springboot、SpringMVC）
前言
面试官：“Spring框架常见注解（Spring、Springboot、SpringMVC）？”
其实这个问题是分了三个来问的：Spring的常见注解有哪些？SpringMVC的常见注解有哪些？Springboot的常见注解有哪些？
并且这三个相对来说是比较简单的面试题，但是一定不要混淆这三个框架的注解。
Spring的常见注解有哪些？
如图所示。这里列出了Spring中常见的注解：
![image](/files/0991658e-af75-48ef-8fba-16f29c57e375/file-preview)
@Component：使用在类上用于实例化Bean对象的；
当前这个注解又衍生了3个注解：@Controller、@Service、@Repository，不过这4个注解的作用都是一样的。
@Autowired：使用在字段上（默认）用于根据类型依赖注入（比如注入对象）；
@Qualifier：结合@Autowired一起使用用于根据名称进行依赖注入；
在@Qualifier里面设置Bean的名称，可以按照指定的名称进行注入。
@Scope：标注Bean的作用范围；
一般情况下不设置的话，就是一个Singleton：单例的；如果设置为Prototype，那么就是多例的。当然一般的开发中都是单例的。
@Configuration：指定当前类是一个配置类，当创建容器时会从该类上加载注解；
@ComponentScan：用于指定Spring在初始化容器时要扫描的包；
@Bean：（一般）使用在方法上，标注将该方法的返回值存储到Spring容器中；
@Import：使用@Import导入的类会被Spring加载到OC容器中；
下面是AOP相关的注解：用于切面编程（AOP）。",47
java面试八股文框架篇.docx,"Aspect：定义一个切面；
@Before：前置通知；
@After：后置通知；
@Around：环绕通知；
@Pointcut：定义一个切点（切入点）表达式。
SpringMVC常见的注解有哪些？
如图所示。这里列出了SpringMVC中常见的注解：
![image](/files/86ca4d60-82cd-41bc-9902-7bd3ba09d531/file-preview)
@RequestMapping：用于映射请求路径，可以定义在类上和方法上。用于类上，则表示类中所有的方法都是以该地址作为父路径；
当然这个注解又衍生了其他的注解：@PostMapping、@GetMapping、@PutMapping等。
@RequestBody：注解实现接收http请求的json数据，将json转换为java对象；
我们通常会接收一些参数，比如前端传过来的是JSON数据，就可以使用这个注解把JSON转换为java对象。
@RequestParam：指定当前请求参数的名称；
一般情况下，假如我们接收多个参数，而且前端传过来的参数跟后端接收的参数名称不一样，就可以使用@RequestParam来做一个映射。",48
java面试八股文框架篇.docx,"RequestParam：指定当前请求参数的名称；
一般情况下，假如我们接收多个参数，而且前端传过来的参数跟后端接收的参数名称不一样，就可以使用@RequestParam来做一个映射。
@PathVariable：从请求路径下中获取请求参数（/user/{id}），传递给方法的形式参数；
一般是在路径上传参，特别是符合RESTful（一种基于[HTTP协议](https://zhida.zhihu.com/search?content_id=225283795&content_type=Article&match_order=1&q=HTTP%E5%8D%8F%E8%AE%AE&zd_token=eyJhbGciOiJIUzI1NiIsInR5cCI6IkpXVCJ9.eyJpc3MiOiJ6aGlkYV9zZXJ2ZXIiLCJleHAiOjE3NzMyNzY0MzIsInEiOiJIVFRQ5Y2P6K6uIiwiemhpZGFfc291cmNlIjoiZW50aXR5IiwiY29udGVudF9pZCI6MjI1MjgzNzk1LCJjb250ZW50X3R5cGUiOiJBcnRpY2xlIiwibWF0Y2hfb3JkZXIiOjEsInpkX3Rva2VuIjpudWxsfQ.rU1TsCOCHN7fwewcnWEbgPi4fKPDlo_kjSL4cvglozQ&zhida_source=entity)设计Web API的软件架构风格）风格的一些参数的传递，我们都会使用@PathVariable来接收这些参数。
@ResponseBody：注解实现将controller方法返回对象转化为json对象响应给客户端；
把当前方法的返回值转换为JSON，并且响应给客户端。",49
java面试八股文框架篇.docx,"ResponseBody：注解实现将controller方法返回对象转化为json对象响应给客户端；
把当前方法的返回值转换为JSON，并且响应给客户端。
@RequestHeader：获取（接收）指定的请求头数据；
@RestController：包含了@Controller、@ResponseBody这两个注解。
通常在我们的接口开发中，比如响应的都是JSON字符串，就可以使用@RestController这个注解代表@Controller、@ResponseBody这两个注解使用。
Springboot常见注解有哪些？
如图所示。这里列出了Springboot常见的注解（前面介绍Springboot自动配置原理的时候说过）：
![image](/files/84f591b7-11fe-4adc-bb73-a7adae4615bb/file-preview)
@SpringBootConfiguration：组合了@Configuration，实现配置文件的功能；
这个注解的内部封装了@Configuration，就是一个配置类。
@EnableAutoConfiguration：打开自动配置的功能，也可以关闭某个自动配置的选项。
自动配置原理主要依赖的就是这个注解。
@ComponentScan：Spring组件扫描（包）。
关于Springboot的注解只需要介绍这3个就可以了，当然还可以加上@SpringBootApplication。
总结
在介绍Springboot相关的注解时候，只需要介绍这3个自动配置相关的注解就可以了。
介绍Spring相关的注解，可以重点说当前Bean的实例化、依赖注入的注解。
介绍SpringMVC相关的注解，主要是介绍请求和响应相关的注解。",50
java面试八股文框架篇.docx,"介绍Spring相关的注解，可以重点说当前Bean的实例化、依赖注入的注解。
介绍SpringMVC相关的注解，主要是介绍请求和响应相关的注解。
模板
面试官：“Spring的常见注解有哪些？”
答：“Spring的常见注解包括：
1、声明Bean的注解：@Component、@Service、@Repository、@Controller；
2、依赖注入相关注解：@Autowired、@Qualifier、@Resoure；
3、设置作用域的注解：@Scope；
4、配置相关注解：@Configuration、@ComponentScan、@Bean；
5、AOP相关的注解：@Aspect、@Before、@After、@Around、@Pointcut。”
面试官：“SpringMVC常见的注解有哪些？”
答：“SpringMVC的常见注解有：
@RequestMapping：映射请求路径；
@RequestBody：接收HTTP请求的JSON数据；
@RequestParam：指定请求参数名称；
@PathVariable：从请求路径中获取参数；
@ResponseBody：将Controller方法返回的对象转化为JSON；
@RequestHeader：获取请求头数据；
@PostMapping、@GetMapping等。”
面试官：“Springboot常见注解有哪些？”
答：“SpringBoot的常见注解包括：
@SpringBootApplication：由@SpringBootConfiguration、@EnableAutoConfiguration和@ComponentScan组成。
其他注解如@RestController、@GetMapping、@PostMapping等，用于简化SpringMVC的配置。",51
java面试八股文框架篇.docx,"其他注解如@RestController、@GetMapping、@PostMapping等，用于简化SpringMVC的配置。”
MyBatis-执行流程
前言
面试官：“MyBatis执行流程？”
目前这是MyBatis中比较高频的面试题，首先我们要知道MyBatis是目前最流行的持久层框架，那么掌握这道面试题是非常有必要的。
理解了执行流程之后，我们可以更好地理解各个组件的关系，以及Sql的执行流程（参数映射、sql解析、执行和结果处理）。
MyBatis执行流程
第一步，我们需要去读取一个MyBatis框架的核心的配置文件：
![image](/files/4beb2c3d-54af-4026-b15f-87dc90c64ab4/file-preview)
在这个配置文件中有两个地方比较重要：
![image](/files/7df05b6f-f592-4308-a5db-f4e04cd53c38/file-preview)
1、当前的环境的配置，比如这里面需要去指定我们当前要操作的是哪一个数据库，并且输入当前的用户名和密码；
这是我们第一个要进行配置的操作，因为只有配置了它才可以真正去操作数据库。
2、加载一些映射文件，比如这里面有一个UserMapper，当然可能不仅只有这一个，可能有多个。
我们配置映射文件的方式有两种：
1）指定当前的映射文件；
2）指定当前的包名。
相当于设置了一个扫描包，在这个Mapper下面的所有映射文件都会进行加载。
这个就是当前核心配置文件的主要作用：
1、加载环境的配置；
2、加载一些映射文件。
有了这个配置文件之后，接下来就要操作数据库了。MyBatis操作数据库主要通过一个SqlSession对象来操作数据库的。",52
java面试八股文框架篇.docx,"有了这个配置文件之后，接下来就要操作数据库了。MyBatis操作数据库主要通过一个SqlSession对象来操作数据库的。
下一步就是创建这个SqlSession，但是SqlSession有专门的对象进行创建，即一个构建会话的工厂SqlSessionFactory：
![image](/files/191bd512-6b8b-4a38-ad69-f65bc0db8593/file-preview)
会话工厂SqlSessionFactory，全局只有一个，一个项目中只有这么一个，它可以批量去生产SqlSession。
前面说了SqlSession就是用来操作数据库的，下一步就是通过这个会话工厂SqlSessionFactory创建一个项目与数据库的会话SqlSession：
![image](/files/5f20f610-0f5b-424c-b494-f6df9d68d639/file-preview)
最终这个SqlSession里面就包含了执行sql语句的所有方法，它是一个真正跟数据库打交道的对象，并且每一次操作都是一次会话，其实是有多个的，它就是会话工厂SqlSessionFactory创建的。
有了这个会话SqlSession就可以操作数据库了，但是真正去操作数据库的还有一个对象Executor执行器：
![image](/files/e71737fb-a8f1-44d8-87db-c8eaa87d819a/file-preview)
Executor执行器封装了之前学过的JDBC的一些操作，它是真正执行数据库操作的接口，同时也负责了查询缓存的维护。
比如一级缓存、二级缓存都是由Executor执行器去维护，因此它才能去真正地操作数据库。",53
java面试八股文框架篇.docx,"比如一级缓存、二级缓存都是由Executor执行器去维护，因此它才能去真正地操作数据库。
再往下还需要读取一些信息：
![image](/files/8d2f7a92-10aa-484c-b09c-01064050123c/file-preview)
我们要去操作数据库的代码一般是这么写的：首先定义一个Mapper接口，同时去编写一个Mapper接口的映射文件，如下图所示：
![image](/files/0c5d2511-8841-4481-8119-8b725e591021/file-preview)
这就是映射文件中的某一段查询的代码，这个xml文件定义了一些信息：<select></select>标签证明当前的操作是查询；id对应Mapper接口中的方法名称；resultType就是当前方法的返回值；下面还有一条sql语句，包括当前sql中的条件都在这里面定义。
当前标签中的这些信息都是由MappedStatement对象来去读取存储的，下面是读取源码时的截图：
![image](/files/121959a1-30f0-44a0-b8a0-641e48b12f7c/file-preview)
首先这是一个MappedStatement对象，标红的都是关键信息：resource表示的是哪一个具体的Mapper，还标明了包名和路径；id表示的是哪一个Mapper的什么方法；sql表示的是sql语句，里面的“?”占位符映射的就是条件；resultMaps就是用来接收sql语句最终执行完成时返回的结果的封装。
所以当前的MappedStatement对象就是用来封装某一个标签的，它就代表了某一次数据库的操作。",54
java面试八股文框架篇.docx,"所以当前的MappedStatement对象就是用来封装某一个标签的，它就代表了某一次数据库的操作。
有了这些东西之后就可以真正操作数据库了，当然在操作数据库之前还有一些东西需要处理：当前的输入参数的类型，比如输入的参数是map、list、string、integer、pojo（一个对象），它最终都要把这些java对象转换成数据库所支持的类型，所以有一个类型的转换，类型转换完成之后才能去操作数据库。
![image](/files/8855c173-ef6f-4513-b686-2fcbae1af547/file-preview)
操作完数据库之后还需要再去处理这个输出的结果，也就是需要从数据库中的类型转换为java类型。
![image](/files/fecde9bb-aee5-4d94-b3cf-7051b9fa29a2/file-preview)
到此这个执行流程就结束了。
![image](/files/41ca8cea-153e-47a3-ac96-514b72abaf9d/file-preview)
我们再来重新捋一遍上面的步骤：
首先要通过一个核心的配置文件去读取里面核心的内容，这里面就包含了两个内容：我们要连接哪一个数据库、里面有哪些Mapper文件。我们需要去加载它们；
下一步我们要去构建一个会话工厂SqlSessionFactory，会话工厂的作用就是来创建会话SqlSession，会话有多个，工厂却只有一个；
然后是一个Executor执行器，它是真正操作数据库的接口，并且维护了一些缓存；
再往下就是MappedStatement对象，它定义了某些标签中的信息；
最后就是把java的参数类型转换为数据库支持的类型，执行完成之后再由数据库的类型转换为java类型；
以上就是MyBatis的执行流程。",55
java面试八股文框架篇.docx,"总结
面试官：“MyBatis执行流程？”
1、读取MyBatis配置文件：mybatis-config.xml加载运行环境和映射文件；
2、构建会话工厂SqlSessionFactory；
3、会话工厂创建SqlSession对象（包含了执行SQL语句的所有方法）；
4、操作数据库的接口，Executor执行器，同时负责查询缓存的维护；
5、Executor接口的执行方法中有一个MappedStatement类型的参数，封装了（标签的）映射信息；
6、输入参数映射（需要把java类型转换为数据库支持的类型）；
7、输出结果映射（需要从数据库支持的类型转换为java类型）。
模板
面试官：“MyBatis执行流程？”
答：“MyBatis的执行流程如下：
1、读取MyBatis配置文件mybatis-config.xml；
2、构造会话工厂SqlSessionFactory；
3、会话工厂创建SqlSession对象；
4、操作数据库的接口，Executor执行器；
5、Executor执行方法中的MappedStatement参数；
6、输入参数映射；
7、输出结果映射。”
MyBatis-延迟加载使用及原理
前言
面试官：“MyBatis是否支持延迟加载？”
先说一下结论：MyBatis支持延迟加载，但默认没有开启。
我们要搞清楚一个问题：什么叫做延迟加载？
例如：现在有两张表，一张用户表和一张订单表，它们是1对多的关系，一个用户可能有多个订单。
在实体类中它们是这么表示的：
![image](/files/11bc25ea-594a-49d1-b47c-9444f9423e28/file-preview)
在用户的实体类里面，前面几个属性都是用户自己的信息，但是最后一个orderList里面装的就是当前用户的订单列表，前面说过因为一个用户可能有多个订单。",56
java面试八股文框架篇.docx,"查询用户的时候，把用户所属的订单数据也查询出来，这个是立即加载。
查询用户的时候，暂时不查询订单数据，当需要订单的时候，再查询订单，这个就是延迟加载。
简单来说就是按需加载，我们可以看一下演示的代码：
![image](/files/19ad6500-68c3-4631-910f-dbd01033a66e/file-preview)
我们准备好了两个表，分别是tb_user和t_order，它们是1对多的关系，一个用户可能有多个订单。
可以看一下它们的实体类：
![image](/files/f948d6aa-a25e-4e5c-873d-4d7865a4e11c/file-preview)
![image](/files/cb6b3b67-b761-4c91-ae7e-09991b3b7654/file-preview)
注意当前的User中有一个属性orderList，就是当前用户的订单列表，现在我们要查询的是用户，所以在UserMapper中定义了一个方法selectById()：根据用户的id去查询信息。
![image](/files/c3647596-266c-4e4d-98cb-19e21e8cfd19/file-preview)
在查询的时候返回了一个userResultMap：
![image](/files/635bef9e-a7a7-4cdf-9e4d-32de52e706c0/file-preview)
因为会有多个订单，所以这里又根据用户的id查询了订单，在OrderMapper中定义了一个方法findByUid()：根据用户id查询订单信息。
最终这个orderList其实就是用户User的属性值，我们到OrderMapper去看一下有没有这个方法。",57
java面试八股文框架篇.docx,"最终这个orderList其实就是用户User的属性值，我们到OrderMapper去看一下有没有这个方法。
![image](/files/b28f13be-ec49-4dd0-8cdd-d8649c438c8b/file-preview)
这个就是根据用户id查询订单信息，条件就是用户的id。
![image](/files/961bca96-98c3-4deb-80af-3ea5a6b8b17e/file-preview)
我们到MybatisTest进行测试，可以看一下是不是在查询订单用户的时候把订单信息也能够查询出来。
首先会读取一个核心的配置文件mybatis-config.xml，然后创建了一个会话工厂SqlSessionFactory，调用它的openSession()拿到了一个SqlSession，最后我们加载了接口的代理对象UserMapper.class。
最终我们调用了selectById()，传了一个参数6，然后打印了用户名和分隔线，又获取了订单的列表。
接下来测试一下，看一下能不能拿到用户，同时也拿到订单的数据。
![image](/files/dbc82e85-5ba9-4fc9-b5eb-d1c218fbcd52/file-preview)
可以看到有两条sql被执行了，一个是根据id去查询用户，一个是根据用户id去查询订单，下面也打印了用户名和订单列表，发现数据的确是能查询出来的。
但是我们要讲的是延迟加载，就是当获取用户名称的时候，只需要查询用户的信息就可以了，简单来说就是只需要执行第一条sql去查询用户就行。
当我们去调用了User的getOrderList()的时候，才会去调用第二条sql去查询订单信息。
MP是支持这个效果的，我们需要去修改一个东西。",58
java面试八股文框架篇.docx,"当我们去调用了User的getOrderList()的时候，才会去调用第二条sql去查询订单信息。
MP是支持这个效果的，我们需要去修改一个东西。找到UserMapper，在userResultMap的配置中加一个“fetchType”，把它的值改成“Lazy”，这样就变成当前在查询订单数据的时候是一个延迟加载。
![image](/files/8535b31c-7214-4aa6-924d-7cedd0228441/file-preview)
重新再测试一下，当我们去查询用户的时候，就只执行了第一条sql去查询用户表，当我们去获取订单数据的时候，才会去执行第二条sql去查询订单表，这时候才会去打印订单的信息。
![image](/files/2b21577f-655e-4d4d-8717-44217ce08fc3/file-preview)
这就是延迟加载，还有就是当我们不查询订单信息的时候（可以把相关代码注释掉），第二条sql是不会被执行的。
![image](/files/01b979f4-6a01-4013-b0c9-35d13150407a/file-preview)
![image](/files/b02433a6-2e1b-4d6d-893a-6146b897398e/file-preview)
再来测试一下，这次只查询了用户，没有查询订单，因为没有调用User的getOrderList()，只有在需要的时候才会再去执行第二条sql，再去加载订单的信息。
我们回过头来看看延迟加载的配置，在UserMapper中加了“fetchType= “Lazy””，当然这个是局部的修改，也就是说只有在selectById()查询的时候，才会是一个延迟加载的效果。",59
java面试八股文框架篇.docx,"我们回过头来看看延迟加载的配置，在UserMapper中加了“fetchType= “Lazy””，当然这个是局部的修改，也就是说只有在selectById()查询的时候，才会是一个延迟加载的效果。
可以去开启全局的延迟加载，找到MyBatis的核心配置文件中的<settings></settings>，里面会有一个“lazyLoadingEnabled”，把它设置为“true”就可以了。
![image](/files/c12f82a8-9712-4e4a-ae9e-69f1eeaa9ec9/file-preview)
再来进行一次测试，看看能不能完成延迟加载，记得要把前面注释的代码放开。
![image](/files/60319723-5e75-4edc-a47d-73742eb06cb0/file-preview)
获取用户的时候，执行了第一条sql，获取订单的时候，才会去执行第二条sql，这也是开启了延迟加载的效果。
总的来说就是：当查询用户的时候，我们暂时不查询订单数据；当查询订单的时候，我们再查询订单数据，也就是再执行查询订单的sql，最终再把订单拿回来。这就是延迟加载。
延迟加载的原理
接下来我们来讲一下延迟加载的底层实现。
![image](/files/204b57b2-5285-4485-be9c-0f522e2539da/file-preview)
1、使用CGLB创建目标对象的代理对象；
主要是用代理对象来完成延迟加载，这一点需要给面试官陈述。",60
java面试八股文框架篇.docx,"2、当调用目标方法user.getOrderList()时，进入（代理对象的）拦截器invoke方法（在里面判断当前的orderList是否为空），发现user.getOrderList()是null值（如果使用延迟加载，那么orderList肯定是空的），执行sql查询order列表；
3、把order查询上来，然后调用user.setOrderList(List<Order>orderList)，接着完成user.getOrderList()方法的调用。
拿到结果之后，再把它封装到User中的属性orderList，当前这里面有数据之后，我们再使用getOrderList()就能拿到数据了。
这里面的关键就是我们创建了一个代理对象，记得要给面试官陈述，延迟加载的原理主要就是用代理对象完成的。
总结
面试官：“MyBatis是否支持延迟加载？”
MyBatis是支持延迟加载的。
1、延迟加载的意思是：就是在需要用到数据时才进行加载，不需要用到数据时就不加载数据；
2、在MyBatis框架中支持一对一关联对象和一对多关联集合对象的延迟加载（查询）；
我们前面演示的是一对多的，其实一对一的效果也差不多。
3、在MyBatis配置文件中，可以配置是否启用延迟加载lazyLoadingEnabled=true|false，默认是关闭的。
当然也可以在Mapper的映射文件中添加一个fetchType，设置为Lazy，就是局部开启了延迟加载。
面试官：“延迟加载的底层原理指定吗？”
1、（主要）使用CGLB创建目标对象的代理对象；
2、当调用目标方法时，进入拦截器invoke方法，判断目标方法的值是否为null，如果发现目标方法是null值，就执行sql查询；
3、获取到数据以后，调用set方法设置属性值，再继续查询，目标方法，就有值了。",61
java面试八股文框架篇.docx,"模板
面试官：“MyBatis是否支持延迟加载？”
答：“MyBatis支持延迟加载，即在需要用到数据时才进行加载。可以通过配置文件中的lazyLoadingEnabled配置启用或禁用延迟加载。”
面试官：“延迟加载的底层原理指定吗？”
答：“延迟加载的底层原理主要使用CGLB动态代理实现：
1、使用CGLB创建目标对象的代理对象；
2、调用目标方法时，如果发现是null值，则执行SQL查询；
3、获取数据后，设置属性值并继续查询目标方法。“
MyBatis-一级、二级缓存
前言
面试官：“Mybatis的一级、二级缓存用过吗？”
先来说说缓存，我们之前的缓存是怎么用的呢？
![image](/files/354fb29a-f753-4eaf-923d-77ca8217876d/file-preview)
假如一个请求来了以后，我们先去判断是否命中了缓存，如果缓存中有数据，就直接把数据给返回了；如果缓存中没有数据，我们才会去查询数据库，同时再把数据保存到缓存中，然后再返回给用户就可以了。
这就是一个缓存的基本使用方式。
在MP中是支持一级、二级缓存的。它们的缓存都是保存在本地，即本地缓存，基于一个缓存的类PerpetualCache，本质是一个HashMap。
其中一级、二级缓存都是基于本地缓存的Perpetual Cache这个HashMap来做的缓存。一级缓存的作用域是session级别的，主要指的是SqlSession，相对来说范围是比较小的；二级缓存的作用域更大一些，它是namespace（命名空间）和mapper的作用域，不依赖于session（SqlSession）。
这两种缓存的基本思路，跟上面的图是一样的。不同的是，不同的作用域下保存数据的时机是不一样的。
接下来就详细说明一下一级、二级缓存的效果。",62
java面试八股文框架篇.docx,"这两种缓存的基本思路，跟上面的图是一样的。不同的是，不同的作用域下保存数据的时机是不一样的。
接下来就详细说明一下一级、二级缓存的效果。
一级缓存
一级缓存主要是基于PerpetualCache的HashMap本地缓存，器存储作用域为Session，当Session进行flush或close之后，该Session中的所有Cache就将清空，默认打开一级缓存。
我们先来看一段代码：
![image](/files/48de0cb8-ca51-46fa-9062-bee216bd8627/file-preview)
首先调用会话工厂的openSession()拿到了一个SqlSession，在这里面用到了两个Mapper，一个是userMapper1，一个是user Mapper2，它们都是同一个UserMapper（类型）。
然后使用userMapper1的selectById()查询了用户id为6的数据，返回的是一个User。
再来就是使用userMapper2selectById()查询了用户id为6的用户，注意上面这两条代码查询的是相同的用户id，这时候一级缓存就起作用了。
因为第一次查询的时候，它会把数据保存在本地的缓存中，即HashMap中，所以说第二次查询的时候就不会再去执行sql，也就是说只有第一次会执行sql查询语句。
我们来看一下演示的测试代码：
![image](/files/fc8c046b-49f6-4edf-bb3e-95c83df387e9/file-preview)
首先这个代码还是去读取核心配置文件，然后创建了一个会话工厂，再去创建一个SqlSession，在里面还创建了两个UserMapper。
先用userMapper1查询了id为6的用户数据并打印出来，接着用userMapper2又查询查询了id为6的用户数据并且也打印出来。",63
java面试八股文框架篇.docx,"先用userMapper1查询了id为6的用户数据并打印出来，接着用userMapper2又查询查询了id为6的用户数据并且也打印出来。
![image](/files/7016fb6a-c7c1-4fbf-9c96-76228294bbcd/file-preview)
来看测试的结果，第一次查询的用户数据拿到了，第二次查询的用户数据也拿到了，但是只执行了一条sql语句。
证明当前虽然调用了两次查询的方法，但是只走了一次sql，也就是说第一次查询之后，它就把数据放到了本地缓存中，当我们第二次再去查询的时候，它就直接从缓存中去获取数据了。
这就是一级缓存。因为这两条查询语句都是同一个SqlSession，如果用的是两个SqlSession，这时候就不能再只去查询一次了，肯定是要查询两次的。
一级缓存默认是打开的，是SqlSession级别的。
二级缓存
二级缓存是基于namespace（命名空间）和mapper的作用域起作用的，不依赖于前面说的SqlSession，跟一次缓存一样默认也是采用（本地缓存）PerpetualCache，HashMap存储。
我们再来看一段代码：
![image](/files/dce244be-1814-45a5-90b2-cf7b44e99bd7/file-preview)
这个代码打开了两次SqlSession，先创建了一个sqlSession1，再创建了一个sqlSession2，然后在里面又分别查询了id为6的用户数据。
但是这一次就跟一级缓存不一样了，因为这两次查询属于不同的会话，最终的结果就是执行了两条sql。",64
java面试八股文框架篇.docx,"但是这一次就跟一级缓存不一样了，因为这两次查询属于不同的会话，最终的结果就是执行了两条sql。
我们来看一下演示的代码：
![image](/files/49367694-591a-48b9-939d-af1073d96b54/file-preview)
首先开启了一个sqlSession1，然后创建了一个userMapper1去查询id为6的用户数据，最后把sqlSession1给关闭了。
同时又开启了一个sqlSession2，又创建了一个userMapper2去查询id为6的用户数据，最后也把sqlSession2给关闭了。
接下来进行测试。
![image](/files/94f7da62-413c-41b6-b33e-4a0fc387fddc/file-preview)
首先是做了一次查询并且打印了id为6的用户数据，下面又进行了一次连接，然后又做了一次查询并且也打印了id为6的用户数据。
这里就说明执行了两次sql。如果现在就只想执行一次sql行不行？当然可以，这就需要开启二级缓存了。
因为二级缓存默认是关闭的，我们需要去手动打开，开启二级缓存有两步操作：
1、全局配置文件；
![image](/files/64b1c6a0-90f2-4b4b-82b6-01554a65ba51/file-preview)
![image](/files/129b6a7a-a1fa-462f-a545-388e499a5a46/file-preview)
这里面有一个cacheEnabled，要开启二级缓存就把它的值设置为true就可以了。
2、映射文件中。
![image](/files/9731d728-a0d0-4b5c-907a-be217f0e21df/file-preview)
使用<cache/>标签让当前mapper生效二级缓存。",65
java面试八股文框架篇.docx,"![image](/files/9731d728-a0d0-4b5c-907a-be217f0e21df/file-preview)
使用<cache/>标签让当前mapper生效二级缓存。
接下来进行测试，如果只打印一条sql语句就证明当前的二级缓存已经开启成功了。
因为现在是两个SqlSession，并且在第一个关闭之后又开启了新的一个。如果只执行了一次sql，就说明肯定使用到了二级缓存。
![image](/files/ca9b2175-8071-4e23-ad7f-947240e972fb/file-preview)
发现结果真的只有一条sql语句，第二次查询的时候提示“Cache Hit（命中索引）”，又是UserMapper级别的，证明第二次查询是从缓存中获取的数据。
注意事项：
1、对于缓存数据的更新机制（不论是一级缓存还是二级缓存），当某一个作用域（一级缓存Session/二级缓存Namespaces）进行了新增、修改、删除操作后，默认该作用域下所有select中的缓存将被clear；
2、二级缓存需要缓存的数据（必须）实现Serializable接口；
3、只有会话提交或者关闭以后，一级缓存中的数据才会转移到二级缓存中。
前面测试的时候，我们把第一个会话给关闭了，然后才能用第二个会话去查询二级缓存中的数据。
总结
面试官：“Mybatis的一次、二级缓存用过吗？”
一级缓存是基于PerpetualCache的（本质）HashMap本地缓存，其存储作用域为Session（SqlSession），当Session进行flush或close之后，该Session中的所有Cache就将清空，默认打开一级缓存。",66
java面试八股文框架篇.docx,"二级缓存是基于namespace（命名空间）和mapper的作用域起作用的，不是依赖于SqlSession，默认是关闭的，跟一级缓存一样默认采用（本地缓存）PerpetualCache，HashMap存储，需要单独开启，开启有两步：一个是修改核心配置文件的cacheEnabled，一个是在mapper映射文件加一个</cache>标签。
面试官可能还会问：“Mybatis的二级缓存什么时候会清理缓存中的数据？”
前面说的注意事项里面提到：当某一个作用域（一级缓存Session/二级缓存Namespaces）进行了新增、修改、删除操作后，默认该作用域下所有select中的缓存将被clear。
模板
面试官：“Mybatis的一次、二级缓存用过吗？”
答：“MyBatis的一级缓存是基于PerpetualCache的HashMap本地缓存，作用域为Session，默认开启。二级缓存需要单独开启，作用域为Namespace或mapper，默认也是采用PerpetualCache，HashMap存储。”
面试官：“Mybatis的二级缓存什么时候会清理缓存中的数据？”
答：“当作用域（一级缓存Session/二级缓存Namespaces）进行了新增、修改、删除操作后，默认该作用域下使用select中的缓存将被清空。”",67
java面试八股文消息中间件篇.docx,"消息中间件篇
前言
关于消息中间件，目前在项目中是比较常见的。
第一，因为它提供了系统之间的异步调用，让服务与服务之间解耦；
第二，还可以做到削峰填谷。
“削峰填谷”指通过降低系统高峰、提升低谷，实现整体平稳运行的策略。
目前市面上消息中间件有很多，我们主要会讲两个比较主流的。
第一个是RabbitMQ，第二个是Kafka。
当然我们在讲解过程中，还是会重点讲解一些比较重要的，并且都是难以回答的面试题。
像一些简单的问题就不再讲了。
RabbitMQ相关面试题
第一，在RabbitMQ中，我们首先会讲到消息不丢失的问题；
其实不管是哪种MQ技术，几乎都会被问到消息不丢失的问题，因为消息的可靠性一直是MQ比较重要的一个内容。
第二个是消息重复消费问题，这个也是比较通用的问题，也是每个MQ都要面临的一个问题；
第三个是消息堆积；
还有就是关于RabbitMQ特性的一些问题，比如延迟队列、死信队列。（第四、第五）
最后一个是高可用机制，这个也是比较通用的问题。
我们也会重点讲解RabbitMQ的集群特点。
Kafka相关面试题
我们首先也会讲到Kafka中消息不丢失的问题，消息重复消费，还有高可用机制。
因为Kafka跟RabbitMQ它们的底层架构和实现都不太一样，解决这些问题的思路也不相同。
当然在Kafka中还有一些特定的问题，比如Kafka的高性能设计，我们估计都听说过Kafka的吞吐量是比较高的，达到了百万级。
为什么它会有那么高的吞吐量呢？跟这些高性能设计有直接关系了。
然后就是Kafka的数据存储机制和数据清理机制。
这些我们也会重点去讲解。",1
java面试八股文消息中间件篇.docx,"为什么它会有那么高的吞吐量呢？跟这些高性能设计有直接关系了。
然后就是Kafka的数据存储机制和数据清理机制。
这些我们也会重点去讲解。
![image](/files/d2ce89a2-8635-4d74-b4f5-b10554520a72/file-preview)
RabbitMQ
如何保证消息不丢失
前言
面试官：“RabbitMQ-如何保证消息不丢失？”
首先我们来确定一下：我们会在什么场景下使用RabbitMQ呢？
目前在微服务项目中，MQ是必不可少的组件，像很多的服务之间的异步调用都需要使用到MQ的技术。
通常情况下，我们在项目中使用的场景有这些：
1、异步发送（验证码、短信、邮件……）；
验证码、短信、邮件……这些都需要异步发送，而异步发送的技术最好的选择就是MQ。
2、MySQL和Redis，ES之间的数据同步；
3、（用MQ实现）分布式事务；
4、削峰填谷；
当然这样的场景还有很多，这些场景绝大多数都需要MQ具备高可用性，在技术上我们是需要保证消息不丢失的。
我们是如何做到的？这个就是面试官要问的问题，也是任何MQ必问的一个面试题。
当然我们目前聊的是RabbitMQ，先来说一下它如何来去解决这个消息不丢失的问题。
![image](/files/54e4543e-3780-493b-8419-d6827e42433e/file-preview)
如图所示。左边是一个publisher（消息的发送者、生产者），然后把消息发送给exchange（交换机），由交换机路由到queue（队列），最后是由consumer（消费者）去消费消息。
这是一个正常的消息发送过程。我们可以思考一下：消息在发送的过程中，在哪一个环节容易丢失消息呢？注意在哪一个环节都有可能会丢失消息。",2
java面试八股文消息中间件篇.docx,"这是一个正常的消息发送过程。我们可以思考一下：消息在发送的过程中，在哪一个环节容易丢失消息呢？注意在哪一个环节都有可能会丢失消息。
![image](/files/810aaf8e-45f5-42d3-bbb6-8e90e5d298b9/file-preview)
例1：生产者去发送消息，如果发送不到交换机，或者是发送不到队列，那么这些都属于消息丢失。
如果生产者服务宕机了，就真的有可能发送不成功。
例2：即使消息已经发送成功了，但是消费者还没来得及消费，MQ宕机了，也有可能会导致消息丢失。
![image](/files/e0eb653f-d880-4890-8eea-040bbd4b257a/file-preview)
例3：消费者去接收消息，还没来得及去接收消息，也就是还没处理这个业务，如果消费者服务宕机了，那这个消息没被消费，这也算是丢失。
总之，这三个层面都有可能会导致消息丢失：
1、生产者发送消息没有到达交换机，或者是没有到达队列；
2、MQ宕机消息丢失；
3、消费者服务宕机丢失消息。
所以要想去解决这个消息丢失的问题，我们也是要从三个层面去解决。
生产者确认机制
我们先来看第一个原因：发送者，怎么去解决。
在RabbitMQ中提供了publisher confirm机制（确认机制）来避免消息发送到MQ过程中丢失（相当于一个回执）。消息发送到MQ以后，会返回一个结果给发送者，表示消息是否处理成功。
![image](/files/24c834b6-d367-43e7-bcd2-644879d81a5d/file-preview)
消息正常发送到队列之后，会返回一个publish-confirm（ack），这个ack即acknowledge告诉生产者“我已经收到消息了”。",3
java面试八股文消息中间件篇.docx,"不过如果消息发送失败，这个失败就有两种情况：
1、消息到达了交换机失败；
2、交换机路由到队列失败。
![image](/files/b194c62a-d7d9-4371-b0a6-de6566c68cbc/file-preview)
它会返回不同的提示信息，如果是发送到交换机失败就会返回一个publish-confirm（nack）；如果是交换机路由到队列失败，这时候它会返回一个publish-return（ack）。
这些都证明消息投递失败了，那么消息发送失败了该如何处理呢？
这里有几种处理方式：
1、回调方法即时重发；
通过回调方法，我们既然已经知道是哪一个消息投递失败了，就可以马上再发送一次，即重发消息。
2、记录日子；
如果还是失败，我们可以选择记录到日志中，通过查看日志进行补偿。
3、保存到数据库然后定时重发，成功发送后即可删除表中的数据。
或者是直接把失败的消息记录到数据库中，也就是表中，做一个定时任务，比如每个小时扫描一次。
如果发现有失败的消息，再进行重新发送消息，那发送成功之后，删除这些表中的数据就可以了。
那如果再失败呢？是这样的，一般消息发送失败很大的几率是服务提供者或者是MQ宕机了。
这个服务不可能一直处于宕机状态的。
如果还是不行，那就只能交给人工去解决这些问题了。
这就是生产者提供的确认机制，主要就是生产者有一个confirm机制，消息发送到队列之后，生产者可以得到一个回执，即ack。
消息持久化
可能导致消息失败的第二个原因：MQ宕机。
消息已经正常发送到了队列中，但是MQ宕机了，就也有可能会导致消息的丢失。
解决MQ宕机导致消息可能丢失的方案很简单，即持久化。
MQ默认是内存存储消息，开启持久化功能可以确保缓存在MQ中的消息不丢失。",4
java面试八股文消息中间件篇.docx,"解决MQ宕机导致消息可能丢失的方案很简单，即持久化。
MQ默认是内存存储消息，开启持久化功能可以确保缓存在MQ中的消息不丢失。
MQ宕机或者重启之后，在内存中的消息肯定是会丢失的，所以我们要做的就是持久化，把数据存储到磁盘上，即使MQ宕机或者重启也不会丢失数据。
包含了三个内容：
1、交换机持久化：
![image](/files/6edd2bd7-aa7b-4e60-a88f-9efd58069578/file-preview)
2、队列持久化：
![image](/files/596de6b9-b415-47d2-b9e7-3786ec2c7a1f/file-preview)
3、消息持久化：
SpringAMQP中的消息默认是持久的，可以通过MessageProperties中的DeliveryMode来制定。
![image](/files/e342f670-1d8f-4ae0-9be7-f3304b29d617/file-preview)
跟面试官聊的时候，一定要把这三个都说一下。
这个就是第二个导致消息丢失的原因，解决方案就是交换机、队列和消息都要做持久化。
消费者确认
导致消息丢失的第三个原因：消费者也有可能会导致消息丢失。
在RabbitMQ支持消费者确认机制，即：消费者处理消息之后命苦向MQ发送ack（确认）回执，MQ收到ack回执后才会删除该消息，而SpringAMQP则允许配置三种确认模式（通过RabbitMQ和Spring整合之后）：
1、manual：手动ack，需要在业务代码结束后，调用api发送ack；
需要我们在消费者这一端手动去调用api给MQ发送一个确认记录，比如“我已经收到消息了”。",5
java面试八股文消息中间件篇.docx,"2、auto：自动ack，由spring监测listener代码是否出现异常，没有异常则返回ack；抛出异常则返回nack；
其实就是Spring提供的监听，当消费者处理完消息之后，会判断中间是否存在异常。
如果没有异常就说明正常消费了，会自动地去发送这个确认。
3、none：关闭ack，MQ假定消费者获取消息后会成功处理，因此消息投递后立即被删除。
不管消息怎么样，都不会给MQ确认。
那么我们要选择哪一个作为确认机制呢？一般会选择第二种
：自动确认，由Spring提供的监听自动给MQ进行确认。
但是这里还有一个问题：假如现在消费者接收消息失败了怎么办？
我们可以利用Spring的retry（重试）的机制，在消费者出现异常时利用本地重试，设置重试次数，当次数达到了以后，如果消息依然失败，将消息投递到异常交换机，交由人工处理。
![image](/files/35b58833-8888-4b7b-8a0e-044184401c32/file-preview)
我们先去设置一个重试的机制（retry），会重新去接收这个消息，但是也不能一直地重试下去，所以一般都会设置一个重试的次数，比如3次。
如果达到3次还没有消费这个消息，这时候我们就会把消息投递到一个异常的交换机里边，这个消息只能是由人工去处理的。
总之，关于消费者导致消息丢失这一块内容：
第一个是确认消息要消费，发送一个ack，一般使用自动确认机制。
第二个是我们会设置一个重试机制，当然这个重试并不是无限次的，我们可以设置一个重试的次数。如果达到了次数之后，会把消息投递到一个异常的交换机，让人工去处理。
这样我们就讲完了消息丢失解决方案的最后一个环节了。",6
java面试八股文消息中间件篇.docx,"如果达到了次数之后，会把消息投递到一个异常的交换机，让人工去处理。
这样我们就讲完了消息丢失解决方案的最后一个环节了。
总结
面试官：“RabbitMQ-如何保证消息不丢失？”
我们最起码要从三个层面去讲：
1、开启生产者确认机制，确保生产者的消息能到达队列；
2、开启持久化功能，确保消息未消费前在队列中不会丢失；
当然这个持久化包含了三个：交换机持久化、队列持久化、消息持久化。
3、开启消费者确认机制为auto（自动选择），由Spring框架确认消息处理成功后，才会完成ack（发送）；
4、开启消费者失败重试机制，多次重试失败后将消息投递到异常交换机，交由人工处理。
当然这个重试不是无限次的，假如到了一定的次数还是失败，就会把消息投递到一个异常交换机，由人工去处理。
模板
面试官：“RabbitMQ-如何保证消息不丢失？”
答：“我们当时MySQL和Redis的数据双写一致性就是采用RabbitMQ实现同步的，这里面就要求了消息的高可用性，我们要保证消息的不丢失。主要从三个层面考虑：
第一个是开启生产者确认机制，确保生产者的消息能到达队列，如果报错可以先记录到日志中，再去修复数据；
第二个是开启持久化功能，确保消息未消费前在队列不会丢失，其中的交换机、队列、消息都要做持久化；
第三个是开启消费者确认机制为auto，由spring确认消息处理成功后完成ack，当然也需要设置一定的重试次数，我们当时设置了3次，如果重试3次还没有收到消息，就将失败后的消息投递到异常交换机，交由人工处理。”
消息的重复消费问题是如何解决的
前言
面试官：“RabbitMQ消息的重复消费问题如何解决？”
先了解一下什么情况下会导致消息重复消费。
前面说过，消费者这里会有一个自动的确认机制来通知MQ：“消费者已经正常消费消息了”。",7
java面试八股文消息中间件篇.docx,"前面说过，消费者这里会有一个自动的确认机制来通知MQ：“消费者已经正常消费消息了”。
![image](/files/25188d00-bacb-4883-8ec9-3079391d2e7d/file-preview)
假如现在消费者已经正常处理完了消息，还没来得及给MQ发送消息确认，但是网络发生了抖动或者消费者挂了。
等网络恢复之后或者消费者重启之后，由于之前MQ没有收到确认，所以还这个消息还在MQ中，因为我们设置了重试机制，那么消费者就会重新消费这个消息，那么这不就是重复消费了吗？
这个问题该怎么解决？
解决方案：
1、每条消息设置一个唯一的标识id；
比如消费者发送消息的时候，有一个业务的标识id，可以是支付id、订单id、文章id……
当消费者接收到消息的时候，就会去校验这个业务id是否存在，比如根据订单id去表中查询，如果不存在，我们就正常去接收消息，处理业务就行了。
如果id已经存在了，就证明这个消息已经消费过了，那么就不需要再消费了。
![image](/files/c5b1fafc-ffc6-419a-b44b-6262e8407284/file-preview)
这样就解决了重复消费的问题了。
2、幂等方案：【分布式锁、数据库锁（悲观锁、乐观锁）】。
不过加锁之后，性能肯定是比较低效的。
如果消息中包含了唯一的标识，建议优先采用第一种方案。
这些解决方案，不管用的是哪种消息中间件，比如Kafka、RabbitMQ、RocketMQ等，像这些MQ，如果都是这个消息重复的问题，那么解决的思路都是一样的。
我们在回答的时候，主要回答这个唯一的标识id就可以了。",8
java面试八股文消息中间件篇.docx,"我们在回答的时候，主要回答这个唯一的标识id就可以了。
模板
面试官：“RabbitMQ消息的重复消费问题如何解决的？”
答：“这个我们还真遇到过，是这样的，我们当时消费者是设置了自动确认机制，当服务还没来得及给MQ确认的时候，服务宕机了，导致服务重启之后，由消费了溢出消息。这样就重复消费了。
因为我们当时处理的支付（订单业务唯一标识），它有一个业务的唯一标识，我们再出来消息时，先到数据库查询一下，这个数据是否存在，如果不存在，说明没有处理过，这个时候就可以正常处理这个消息了，如果已经存在这个数据了，就说明消息已经消费了，我们就不需要再消费了。”
面试官：“那你还知道其他的解决方案吗？”
答：“其实这个就是典型的幂等的问题，比如，redis分布式锁、数据库的锁都是可以的。”
RabbitMQ中死信交换机（RabbitMQ延迟队列有了解过嘛）
前言
面试官：“RabbitMQ中死信交换机？（RabbitMQ延迟队列有了解过嘛）”
延迟队列跟死信交换机之间有关系吗？有的，接下来我们先介绍一下延迟队列。
延迟队列：进入队列的消息会被延迟消费的队列。
在我们的平时开发中这样的例子很常见：超时订单、限时优惠、定时发布。
![image](/files/ac783bb7-2be6-4269-bcdc-bd98d1239362/file-preview)
比如买完高铁票之后，要求我们在一定时间内支付，否则就会取消这个订单，座位就释放掉了。
限时优惠就是当前这个商品优惠还剩下多长时间。
定时发布就是选择某一个时间去发布作品到某个社交平台上。
那么延迟队列跟死信交换机到底有什么关系？
延迟队列 = 死信交换机 + TTL（生存时间）
死信交换机
当一个队列中的消息满足下列情况之一时，可以成为死信（dead letter）：
死信的意思是这个消息不会被消费，有可能会被直接丢弃掉。",9
java面试八股文消息中间件篇.docx,"一共有3种情况：
1、消费者使用basic reject或basicnack声明消费失败，并且消息的requeue参数设置为falsel；
2、消息是一个过期消息，超时无人消费；
延迟队列需要用到消息的过期时间（TTL），超时之后无人消费就会成为死信。
3、要投递的队列消息堆积满了，最早的消息可能成为死信。
这些死信到底该怎么去处理呢？如果不去处理这些死信就会直接被丢弃掉。
所以就提出了一种方式：死信交换机。我们可以把这些死信投递到死信交换机中。
如果该队列配置了dead-letter-exchange属性，指定了一个交换机，那么队列中的死信就会投递到这个交换机中，而这个交换机称为死信交换机（Dead Letter Exchange，简称为DLX）。
首先由publisher去发送消息，最终由consumer去接收消息。
![image](/files/1dab7ce6-cfec-46d5-8503-3e658495a149/file-preview)
假如现在这个消息被拒绝掉了，或者是超时了，又或者是当前队列已经满了，这时候这个消息就不会被消费者消费了。
所以这时候就可以选择绑定一个其他的交换机把这个消息给接收了，即死信交换机。
在设置死信交换机的时候需要设置一个属性：dead-letter-exchange，这样我们才能找到指定的交换机，把这个消息进行转发，转发到这个死信交换机上面。
当然这个交换机也可以去绑定一个队列，那么这个死信就可以到信的队列中，这时候我们就可以让其他消费者来消费这个队列。
所以这个消息就可以重新被消费了。
这里面有一个关键点：我们在指定死信交换机的时候，必须要设置dead-letter-exchange属性才行，要指定当前哪一个交换机是死信交换机。",10
java面试八股文消息中间件篇.docx,"所以这个消息就可以重新被消费了。
这里面有一个关键点：我们在指定死信交换机的时候，必须要设置dead-letter-exchange属性才行，要指定当前哪一个交换机是死信交换机。
同时这个死信交换机也绑定了队列，所以还要设置一个属性：dead-letter-routing-key = dl才行。
这就是整体的一个流程，在我们声明simple queue的时候就要去指定这个交换机了，具体代码如下：
![image](/files/1d89fbd3-0633-4ccc-90bc-0c2fe729a06b/file-preview)
在这里声明了一个simple queue，然后指定了一个死信交换机。假如某一个消息成为了死信，它就可以从这个队列转发到一个新的交换机上，即死信交换机。
TTL
如果要实现一个延迟队列，光有一个死信交换机还不够，还需要一个TTL。
TTL，也就是Time-To-Live。如果一个队列中的消息TTL结束仍未消费，则会变成死信，TTL超时分为两种情况：
1、消息所在的队列设置了存活时间；
我们在发消息的时候就可以指定一个TTL，比如5000（ms）。
![image](/files/2ba8ee89-1154-48ae-8422-5d1bd77e0032/file-preview)
发送的消息到了队列中，假如现在已经过了5秒，这个消息依然没有被消费，那么它就会成为死信。
死信就会到这个死信交换机上，然后是由绑定了死信交换机的队列去消费这个消息。
2、消息本身设置了存活时间。
我们在声明队列的时候也可以设置TTL，比如10000。如果存在两个TTL，到底要以哪个为准？哪个时间短就是哪个。",11
java面试八股文消息中间件篇.docx,"2、消息本身设置了存活时间。
我们在声明队列的时候也可以设置TTL，比如10000。如果存在两个TTL，到底要以哪个为准？哪个时间短就是哪个。
![image](/files/394b730d-7ec0-4cdf-a181-6d0c45442965/file-preview)
具体代码如下：
![image](/files/b3877ab9-a6df-416c-9a2b-6856937c9d70/file-preview)
在发消息的时候就可以设置一个超时的时间，即TTL。
我们的延迟队列就是通过TTL加上前面介绍的死信队列组合完成的。
延迟队列插件
关于延迟队列，在RabbitMQ中还有另外一种实现方式。
DelayExchange插件，需要安装在RabbitMQ中。
RabbitMQ有一个官方的插件社区，里面就有一个插件：
![image](/files/40fe1eae-5935-4319-bb2a-c58907a6a1db/file-preview)
它的作用就是delayed-messaging（延迟消息）或者scheduled-messaging（定时消息），可以安装在RabbitMQ中。
如果我们的RabbitMQ中已经安装了这个插件，那我们去发消息的时候要实现延迟队列就非常容易了。
DelayExchange的本质还是官方的三种交换机，只是添加了延迟功能。因此使用时只需要声明一个交换机，交换机的类型可以是任意类型，然后设定delayed属性为true即可。",12
java面试八股文消息中间件篇.docx,"DelayExchange的本质还是官方的三种交换机，只是添加了延迟功能。因此使用时只需要声明一个交换机，交换机的类型可以是任意类型，然后设定delayed属性为true即可。
具体代码如下：
![image](/files/7f65458d-8cb5-42dc-961f-2d4cf637ef2e/file-preview)
在我们声明交换机的时候添加一个delayed属性，把它设置为true，这种方式使用了注解，当然要去配置也是一样的，都可以找到这个delayed属性，把它设置为true，这个交换机就可以实现延迟队列了。
当然前提是要安装这个插件。
当我们去发消息的时候就可以设置属性setHeader了，里面是“x-delay” + 消息的存活时间。
这个比前面的TTL + 死信队列要简单，不过要安装插件才支持这个功能。
总结
面试官：“RabbitMQ中死信交换机？（RabbitMQ延迟队列有了解过嘛）”
首先我们要知道：
1、我们当时是一个什么业务使用到了延迟队列（超时订单、限时优惠、定时发布……），很多项目都需要用到这个延迟队列；
2、其中延迟队列就用到死信交换机和TTL（消息存活时间）实现的；
当这个设置了TTL的消息到了时间还没有被消费，这个消息就成为死信，我们可以把它转发到死信交换机上，然后再去绑定新的队列去消费这个消息，这样就完成了延迟队列。
3、消息超时未消费就会变成死信（死信的其他情况：拒绝被消费，队列满了：最早的消息可能会成为死信）。
当然这两种情况用得不多，我们一般会选择死信交换机去实现延迟队列。
我们还可以安装一个插件：DelayExchange，这时候去实现延迟队列就简单了：
1、声明一个交换机，添加delayed属性为true；
2、发送消息时，添加x-delay头，值为超时时间（TTL）。",13
java面试八股文消息中间件篇.docx,"模板
面试官：“RabbitMQ中死信交换机？（RabbitMQ延迟队列有了解过嘛）”
答：“了解过。我们当时的XX项目有一个XX业务，需要用到延迟队列，其中就是使用RabbitMQ来实现的。
延迟队列就是用到了死信交换机和TTL（消息存活时间）实现的。
如果消息超时未消费就会变成死信，在RabbitMQ中如果消息成为死信，队列可以绑定一个死信交换机，在死信交换机上可以绑定其他队列，在我们发消息的时候可以按照需求指定TTL的时间，这样就实现了延迟队列的功能了。
我记得RabbitMQ还有一种方式可以实现延迟队列，在RabbitMQ中安装一个死信插件，这样更方便一些，我们只需要在声明交换机的时候，指定这个就是死信交换机，然后在发送消息的时候直接指定超时时间就行了，相对于死信交换机+TTL要省略了一些步骤。”
如果有100万消息堆积在MQ，如何解决（消息堆积如何解决）
前言
面试官：“RabbitMQ如果有100万消息堆积在MQ，如何解决（消息堆积如何解决）”
我们要清楚什么情况下会产生堆积。
![image](/files/5f1900ef-9115-4f77-9dfb-6acc32b64e16/file-preview)
当生产者发送消息的速度超过了消费者处理消息的速度，就会导致队列中的消息堆积，直到队列存储消息达到上限。之后发送的消息就会成为死信，可能会被丢弃，这就是消息堆积问题。
那么这个堆积该怎么去解决？解决消息堆积有三种思路：
1、增加更多的消费者，提高消费速度；
2、在消费者内开启线程池加快消息处理速度；
让更多的线程参与接收消息，消费者直接去接收消息，那么所有消息的处理或者处理业务逻辑都交给线程池去处理。
不过线程池的作用是最大程度地利用CPU资源，我们需要根据硬件的配置去设置线程池才行。
关于线程池的具体设置和使用后面再讲。
3、扩大队列容积，提高堆积上限。",14
java面试八股文消息中间件篇.docx,"不过线程池的作用是最大程度地利用CPU资源，我们需要根据硬件的配置去设置线程池才行。
关于线程池的具体设置和使用后面再讲。
3、扩大队列容积，提高堆积上限。
出现堆积是因为消息太多，队列存不下了，现在我们扩大了容积不就解决了。
这个需要用到RabbitMQ另外一种队列模式：惰性队列。
惰性队列
队列默认是存储在内存中的，所以我们接收消息和消费消息都非常快。
不过因为是存储在内存中，所以存储空间是不大的。而这个惰性队列最大的特点就是把队列存储到了磁盘中。
惰性队列的特征如下：
1、接收到消息后直接存入磁盘而非内存；
2、消费者要消费消息时才会从磁盘中读取并加载到内存；
3、支持数百万条的消息存储。
如果消息存储在磁盘中，磁盘的空间是非常大的，就能存储更多的消息了，存储几百万条也是没问题的，设置起来也非常简单。
如果是配置的方式，我们在声明队列的时候加上lazy属性就可以了。
![image](/files/3a8a124c-d071-4a7c-a9a7-8da241c078a0/file-preview)
如果使用的是注解就稍微麻烦一点，可以设置一个参数argument，在@Argument里面设置name属性为“x-queue-mode”、value属性为“lazy”就行。
![image](/files/7ac6932a-cee6-465a-b8e3-452374d96be2/file-preview)
这两种方式都可以定义这个惰性队列。
定义惰性队列之后消息就不会存储在内存了，而是存储在磁盘上，那么这个消息存储的量就很大了。",15
java面试八股文消息中间件篇.docx,"定义惰性队列之后消息就不会存储在内存了，而是存储在磁盘上，那么这个消息存储的量就很大了。
总结
面试官：“RabbitMQ如果有100万消息堆积在MQ，如何解决（消息堆积如何解决）”
解决消息堆积有3种思路：
1、增加更多消费者，提高消费速度；
2、在消费者内开启线程池加快消息处理速度；
如果现在还是一个消费者，可以在消费者这一端开启线程池来处理消息，也能增加消息的处理速度。
3、扩大队列容积，提高堆积上限，采用惰性队列。
这种方式配置比较方便：
1、在声明队列的时候可以设置属性x-queue-mode为lazy，即为惰性队列；
2、基于磁盘存储，能解决海量消息的存储，消息上限高；
3、性能非常稳定，但基于磁盘存储，受限于磁盘IO，时效性会降低。
模板
面试官：“如果有100万消息堆积在MQ，如何解决？”
答：“我在实际的开发中，没遇到这种情况，不过，如果发生了堆积的问题，解决方案也是有很多的。
第一，提高消费者的消费能力，可以使用多线程消费任务；
第二，增加更多的消费者，提高消费速度。使用工作队列模式，设置多个消费者消费同一个队列中的消息；
第三，扩大队列容积，提高堆积上限。
可以使用RabbitMQ惰性队列，惰性队列的好处主要是：
1、接收到消息后直接存入磁盘而非内存；
2、消费者要消费消息时才会从磁盘中读取并加载到内存；
3、支持数百万条的消息存储。”
RabbitMQ的高可用机制有了解过嘛
前言
面试官：“RabbitMQ的高可用机制有了解过嘛？”
一般说到高可用都是指集群等策略的，特别是在生产环境下，使用集群来保证高可用性，不管是什么服务，我们肯定是需要搭建集群的，RabbitMQ只是其中之一。
在RabbitMQ中也提供了很多集群模式：
1、普通集群；
2、镜像集群；
3、仲裁队列（集群）。
其中镜像集群是平时开发中用的比较多的。",16
java面试八股文消息中间件篇.docx,"在RabbitMQ中也提供了很多集群模式：
1、普通集群；
2、镜像集群；
3、仲裁队列（集群）。
其中镜像集群是平时开发中用的比较多的。
普通集群
普通集群，或者叫标准集群（classic cluster），具备下列特征：
1、会在集群的各个节点间共享部分数据，包括：交换机、队列元消息、不包括队列中的消息；
如果部署了集群，那么集群中的每个节点都会共享部分数据，包含交换机和队列元信息。
什么是队列元信息？
![image](/files/fe8d3401-4a28-4abc-8258-6427e97b7204/file-preview)
这里有三个节点的集群，现在有一个交换机test.exchange，这个交换机的信息在各个节点上都有。
如果还有队列的话，那么每个节点上的队列是不一样的，不过其他节点是可以有队列的引用信息的。
![image](/files/1e86e841-ba51-44c3-ae2e-d464711013c7/file-preview)
比如在第一个节点上有test.queue1，在其他节点是存储queue1的引用信息的，这些引用信息也叫元信息，但是注意这些引用信息并不包含队列中的消息。
![image](/files/419c6324-776a-46de-8581-d31330833f38/file-preview)
2、当访问集群某节点时，如果队列不在该节点，会从数据所在节点传递到当前节点并返回；
比如现在有一个消费者，它要消费queue1队列中的消息，但是它找的是第三个节点，因为这个节点上有queue1的引用信息，所以会传递到queue1去消费消息。
如果访问第二个节点也是一样的，都会传递到这个队列真正存在的节点上去消费消息。",17
java面试八股文消息中间件篇.docx,"如果访问第二个节点也是一样的，都会传递到这个队列真正存在的节点上去消费消息。
![image](/files/36ed2e18-b1d3-4e4d-8b48-db52db475c4f/file-preview)
3、队列所在节点宕机，队列中的消息就会丢失；
这就是普通集群的一种工作方式，它有一个比较大的缺点：如果queue1所在的节点宕机了，那么队列中的消息就丢失了。
![image](/files/20d8c467-6bbd-49a4-993e-433df342d0f1/file-preview)
所以这种方式就不能做到高可用，一般项目中很少使用这种普通集群。
镜像集群
镜像集群本质是主从模式，具备下面的特征：
1、交换机、队列、队列中的消息会在各个mq的镜像节点之间同步备份；
![image](/files/c1ce7376-1a21-434c-bf8f-85e69f6b2936/file-preview)
这里有一个交换机，每个节点都共享交换机数据，现在节点1上有一个queue1队列，节点2上也有一个queue1。
2、创建队列的节点被称为该队列的主节点，备份到的其它节点叫做该队列的镜像节点；
注意这两个节点现在是主从关系，数据是同步的，都保存了队列和队列中的消息，其中创建队列的节点1称为主节点，现在备份到节点2上，那么节点2就是镜像节点。
3、一个队列的主节点可能是另一个队列的镜像节点。
![image](/files/58e3a1a6-0f4a-474b-ab3b-4ec4104cea1a/file-preview)
每个节点都有自己的队列，相对来说，节点3创建的queue3队列是主节点，节点1所创建的queue3是一个镜像节点。",18
java面试八股文消息中间件篇.docx,"4、所有操作都是主节点完成，然后同步给镜像节点；
现在会有很多主节点和镜像节点，当主节点更新之后就需要把数据同步到镜像节点，不然数据就不一致了。
5、主节点宕机后，镜像节点会替代它成为新的主节点。
这样就保证了高可用性。但是还是会存在一个问题，比如节点1中的队列更新数据之后，还没来得及给镜像节点同步数据，这时候主节点宕机了，数据还没有同步完成，就有可能会丢失数据。
不过这种情况相对来说比较少见，非要解决的话就需要用到RabbitMQ用到的第三种集群方式：仲裁队列。
仲裁队列
仲裁队列是RabbitMQ3.8版本以后才有的新功能，用来替代镜像队列，工作方式是一样的，具备下列特征：
1、与镜像队列一样，都是主从模式，支持主从数据同步；
2、使用非常简单，没有复杂的配置；
3、主从同步基于Raft协议，强一致，这样就不会丢失数据。（跟镜像集群唯一不同的）
具体的使用方式是这样：在搭建好镜像集群的前提下，我们在代码中声明队列的时候，只需要加上一个参数quorum就可以了。
![image](/files/feaae32b-b30d-4cf5-ab94-844339062f79/file-preview)
总结
面试官：“RabbitMQ的高可用机制有了解过嘛？”
回答的时候肯定要先说自己的经验：
1、在生产环境下，我们当时采用的是镜像模式搭建的集群，共有3个节点；
然后介绍一下镜像模式的特点：
2、镜像队列结构是一主多从（从就是镜像），所有操作都是主节点完成，然后同步给镜像节点；
3、主宕机后，镜像节点会替代成新的主节点（存在问题：如果在主从同步完成前，主节点就已经宕机，可能出现数据丢失）。
面试官：“那出现丢失数据怎么解决呢？”
我们可以采用仲裁队列，与镜像队列一样，都是主从模式，支持主从数据同步，主从同步基于Raft协议，强一致。",19
java面试八股文消息中间件篇.docx,"面试官：“那出现丢失数据怎么解决呢？”
我们可以采用仲裁队列，与镜像队列一样，都是主从模式，支持主从数据同步，主从同步基于Raft协议，强一致。
并且使用起来也非常简单，不需要额外的配置，在声明队列的时候只要指定这个是仲裁队列即可。
模板
面试官：“RabbitMQ的高可用机制有了解过嘛？”
答：“我们当时项目是在生产环境下，使用的集群，当时搭建的是镜像模式集群，使用了3台机器。
镜像队列结构是一主多从，所有操作都是主节点完成，然后同步给镜像节点，如果主节点宕机后，镜像节点会替代成新的主节点，不过在主从同步完成前，主节点就已经宕机，可能出现数据丢失。”
面试官：“那出现丢失数据怎么解决呢？”
答：“我们可以采用仲裁队列，与镜像队列一样，都是主从模式，支持主从数据同步，主从同步基于Raft协议，强一致。
并且使用起来也非常简单，不需要额外的配置，在声明队列的时候只指定这个是仲裁队列即可。”
Kafka
Kafka是如何保证消息不丢失
前言
面试官：“Kafka是如何保证消息不丢失？”
如果我们在简历上写了Kafka相关的内容，就有可能被面试官问到，而这道问题也是Kafka高频的面试题。
关于消息丢失，其实跟前面的RabbitMQ消息丢失的思路是差不多的，但是解决方案不太一样。
使用Kafka在消息的收发过程都会出现消息丢失，Kafka分别给出了解决方案。
![image](/files/f6888a0f-28b4-4a72-9eab-052221540921/file-preview)
左边是一个producer，中间是一个Kafka Cluster（Kafka集群），右边是一个consumer。
关于消息丢失，也是分为三个层面：
1、生产者发送消息到Brocker丢失；
2、消息在Brocker中存储丢失；
3、消费者从Brocker接收消息丢失。",20
java面试八股文消息中间件篇.docx,"关于消息丢失，也是分为三个层面：
1、生产者发送消息到Brocker丢失；
2、消息在Brocker中存储丢失；
3、消费者从Brocker接收消息丢失。
在这三个层面，Kafka分别给出了解决方案。
生产者发送消息到Brocker丢失
生产者在发送消息的时候，有多种消息发送方式，比如同步、异步。
![image](/files/f6888a0f-28b4-4a72-9eab-052221540921/file-preview)
其中同步方式会产生阻塞，我们一般会使用异步的方式去发送消息。
设置异步发送的具体代码如下：
![image](/files/1fbc2716-3b8c-4610-b420-928d560a9ddd/file-preview)
第一个就是同步发送，调用了一个get()，就会有一个返回值，这里面就封装了消息的一些内容，比如分区、偏移量、topic等。
第二个是异步发送，有两个参数，一个是消息，一个是回调接口。
在这里重写了一个方法，也有两个参数，一个是前面同步发送的返回值，我们能够拿到消息的偏移量、分区、topic。
关键是第二个参数是Exception类型的异常e，假如消息已经正常发送成功了，那么这个e就是一个null；假如消息发送失败了，e就不是null，证明消息发送失败，就可以记录日志，也可以做重发消息。
或者说记录日志之后，再去做补偿。这样就能确保消息能够发送成功了。
当然有时候消息发送失败是网络抖动的原因，可能很快就恢复了，解决这个问题可以使用Kafka提供的重试机制。
消息重试的具体代码如下：
![image](/files/bafb6fc0-e01c-4c8f-a344-9d59b2c33167/file-preview)
这里可以配置重试的次数，如果是网络不稳定导致的消息发送失败，我们就可以使用重试来解决消息发送失败的问题了。",21
java面试八股文消息中间件篇.docx,"这样我们就清楚生产者解决消息丢失的思路了。
消息在Brocker中存储丢失
如果消息已经正常发送到了Brocker中，那么这个Brocker是如何解决消息不丢失的？
在Kafka中提供了一种消息的发送确认机制acks。
我们先来看一下消息存储的大体流程：
![image](/files/07f2a15e-aeb7-4b5b-a555-5380abe6f2a1/file-preview)
当生产者发送消息到了Brocker之后，这些消息都会存储在分区中，而分区又分为两个不同的角色，一个是leader，一个是follower。
其中leader只能有一个，而follower可能会有多个。
分区接收到消息之后，首先会把数据保存到leader分区中，然后由leader把数据同步到follower中。
其中确认机制acks有3个值，分别是0、1、all，它们代表的是Brocker分区中保存消息的确认情况。
![image](/files/633d51b1-3041-4951-aa0b-3065619d6590/file-preview)
假如acks= 0，那么生产者发送消息不需要Brocker任何响应确认，生产者认为消息已经发送成功了。
种方式的效率最高，因为不需要等待回信，但是发送消息丢失的概率是最高的，因为没有得到确认。
然后是acks = 1，这个是默认值，生产者发送消息，首先找到leader，然后leader负责把消息成功保存了，就会给生产者发送一个确认：“我收到了”。
这时候生产者就认为消息已经发送成功。
最后是acks = all，还是生产者去发送消息，首先把数据成功保存到leader，leader需要把数据同步到follower，所有的follower都要去成功保存，并且需要给leader发送一个响应：“我们都保存成功了”。",22
java面试八股文消息中间件篇.docx,"最终由leader发送一个确认给生产者，这时候生产者才认为消息已经发送成功了。
我们想要保证数据不丢失，就可以采用第三种，它会在所有的分区副本保存之后，才会发送确认。
但是这个性能也是最低的，它需要所有的follower都有确认。
在实际的生产环境下，acks最低要设置为1，因为起码能让leader副本保存了数据。
这样我们就清楚了如何保证Brocker中消息不丢失了。
消费者从Brocker接收消息丢失
我们来看一下消费者如何保证消息不丢失。
重点来看一下Kafka集群里面的内容。
Kafka中的分区机制指的是将每个主题划分为多个分区（Partition）。
topic分区中消息只能由消费者组中的唯一一个消费者处理，不同的分区分配给不同的消费者（同一个消费者组）。
![image](/files/78c55461-9e11-4f60-97d3-9ecd74449c7f/file-preview)
一个Kafka集群是由多个Brocker组成，可以理解为多个Kafka实例。
在每一个Brocker中都存在不同的topic，并且一个topic可能会存在不同的分区。
比如T1这个topic就存在4个分区，分别是P1、P2、P3、P4，并且这些分区可能会存储在不同的Brocker中，比如P1和P3就存储在Brocker1中，P2和P4存储在Brocker2中。
右边是一个消费者组，里面可能会有多个消费者，它们都消费同一个topic，而每一个topic存在不同的分区。
所以消费者组的每个消费者可能会负责不同的分区来去消费消息。
比如consumer1就负责P1、P2分区，consumer2负责P3分区，consumer3负责P4分区。
在这里面哪里会出现丢失消息呢？每个分区都是按照偏移量去存储数据的。",23
java面试八股文消息中间件篇.docx,"比如consumer1就负责P1、P2分区，consumer2负责P3分区，consumer3负责P4分区。
在这里面哪里会出现丢失消息呢？每个分区都是按照偏移量去存储数据的。
![image](/files/8acec9ea-1f70-4957-a02d-b19b89d80101/file-preview)
这里有3个分区都属于同一个topic：T1，其中每一个分区都是有顺序的，是不可变的消息队列，并且可以持续地添加。
分区中的消息都分配了一个序列号，称为偏移量，都是从0开始，是一个自增的数值。
这个数值在每一个分区中都是唯一的，添加数据也是在分区中进行添加的，消费数据也是相同的道理。
前面说过，同一个topic是由消费者组中不同的消费者去消费数据的。
![image](/files/0f5062b6-438a-4b6a-b907-ddceaca596aa/file-preview)
比如现在有两个消费者，它们在同一个消费者组中，其中consumer1负责P1、P2，consumer2负责P3。
消费者去消费消息的时候，也会按照偏移量进行消费，比如P1中0~4已经被消费了，后面是还没消费的。
我们就需要进行标记，比如P1已经消费到 偏移量 = 4 了，下次就要从5开始，这样才不会导致重复消费或者丢失消息。
其实每个消费者到分区中消费数据的时候，如果是已经消费完成的都会做一个标记，即消费者偏移量。
默认情况下，每个消费者都会提交自己已经消费的偏移量，每隔5秒提交一次。
比如consumer1在P1中已经消费到4了，就会设置一个偏移量 = 4，假如消费到5了，就会再次提交一个偏移量 = 5。
那么下次消费就能找到标记了，就可以从5以后开始消费了。
但是如果发生了重平衡的情况，可能会导致重复消费或者丢失数据。",24
java面试八股文消息中间件篇.docx,"那么下次消费就能找到标记了，就可以从5以后开始消费了。
但是如果发生了重平衡的情况，可能会导致重复消费或者丢失数据。
什么是重平衡？比如现在消费者组内有两个消费者，每一个消费者负责的分区是不一样的。
![image](/files/e7e8a5e2-95b2-4d8a-9f9a-537a295aede4/file-preview)
假如consumer2宕机了，那么它负责的分区P3需要其他消费者继续消费，就会把P3分配给消费者组内其他的消费者，现在是consumer1，让它继续消费这个P3。
这个重新分配的过程就是重平衡，不过在重平衡的过程中有可能会丢失数据。
消费者默认是每隔5秒自动提交已经消费的偏移量到分区里面，如果刚才的consumer2已经消费到了3，并且也提交了偏移量 = 3，这是没问题的。
假如已经消费到6了，但是只提交到了3，那么新接手的consumer1就会从3以后开始继续往后消费，这样4到6的数据就会被重复消费。
还有一种情况，假如consumer2宕机之前，它提交了偏移量 = 3，但是实际才消费到1，那么新接手的consumer1就会从3以后开始继续往后消费，那么1~3的数据就丢失了。
那么该怎么解决这个问题？其实出现这个问题的原因是消费者自动提交偏移量，所以导致提交的偏移量不准确，就有可能造成消息丢失或者重复消费。
我们可以设置手动提交偏移量，消费多少就提交多少偏移量，如果宕机就不提交了，这样偏移量就准确了，就不会造成重复消费或者消息丢失了。
禁用字段提交偏移量，改为手动，Kafka提供了两种提交偏移量的方式：
1、同步提交；
2、异步提交。
在项目中，我们往往采用同步+异步组合提交，同步提交会阻塞，异步提交虽没有阻塞，但如果消费失败就可能导致偏移量不准确。",25
java面试八股文消息中间件篇.docx,"在项目中，我们往往采用同步+异步组合提交，同步提交会阻塞，异步提交虽没有阻塞，但如果消费失败就可能导致偏移量不准确。
所以组合提交是一个不错的选择，具体代码如下：
![image](/files/a096e12a-6d14-489b-be41-6d0de2fd289c/file-preview)
首先我们消费完消息之后，就会设置一个异步提交，最后在finally代码块中设置同步提交就可以了。
到此我们就清楚消费者如何避免丢失消息了。
总结
面试官：“Kafka是如何保证消息不丢失？”
我们需要从三个层面去说这个问题：
1、生产者发送消息到Brocker中丢失：
1）设置异步发送，发送失败使用回调进行记录或重发；
2）失败重试，参数配置，可以设置重试次数。
2、消息在Brocker中存储丢失；
发送确认acks，选择all，让所有的副本都参与保存数据后给生产者发送确认，这样就最大程度地保证消息存储在了磁盘中。
3、消费者从Brocker接收消息丢失（自动提交导致的问题）：
1）关闭自动提交偏移量，开启手动提交偏移量；
2）提交方式，最好是同步+异步提交。
面试官：“Kafka中消息的重复消费问题如何解决？”
其实跟消费者的设置差不多：
1、关闭自动提交偏移量，开启手动提交偏移量；
2、提交方式，最好是同步+异步提交；
3、如果还是怕消息重复消费，可以再加一个幂等方案（前面讲过）。
模板
面试官：“Kafka是如何保证消息不丢失？”
答：“这个保证机制很多，在发送消息到消费者接收消息，在每个阶段都有可能会丢失消息，所以我们解决的话也是从多个方面考虑。
第一个是生产者发送消息的时候，可以使用异步回调发送，如果消息发送失败，我们可以通过回调获取失败后的消息信息，可以考虑重试或记录日志，后边再做补偿都是可以的。",26
java面试八股文消息中间件篇.docx,"第一个是生产者发送消息的时候，可以使用异步回调发送，如果消息发送失败，我们可以通过回调获取失败后的消息信息，可以考虑重试或记录日志，后边再做补偿都是可以的。同时在生产者这边还可以设置消息重试，有的时候是由于网络抖动的原因导致消息发送不成功，就可以使用重试机制来解决。
第二个在Brocker中消息有可能会丢失，我们可以通过Kafka的复制机制来确保消息不丢失，在生产者发送消息的时候，可以设置一个acks，就是确认机制。我们可以设置参数为all，这样的话，当生产者发送消息到了分区之后，不仅仅只在leader分区保存确认，在follower分区也会保存确认，只有当所有的副本都保存确认以后才算是成功发送了消息，所以，这样设置就很大程度保证了消息不会在Brocker丢失。
第三个有可能是在消费者端丢失消息，Kafka消费消息都是按照offset进行标记消费的，消费者默认是自动按期提交已经消费的偏移量，默认是每隔5秒提交一次，如果出现重平衡的情况，可能会重复消费或者丢失数据。我们一般都会禁用掉自动提交偏移量，改为手动提交，当消费成功以后再报告给Brocker消费的位置，这样就可以避免消息丢失和重复消费了。”
面试官：“Kafka这个消息的重复消费问题如何解决？”
答：“Kafka消费消息都是按照offset进行标记消费的，消费者默认是自动按期提交已经消费的偏移量，默认是每隔5秒提交一次，如果出现重平衡的情况，可能会重复消费或者丢失数据。我们一般都会禁用掉自动提交偏移量，改为手动提交，当消费成功以后再报告给Brocker消费的位置，这样就可以避免消息丢失和重复消费了。",27
java面试八股文消息中间件篇.docx,"我们一般都会禁用掉自动提交偏移量，改为手动提交，当消费成功以后再报告给Brocker消费的位置，这样就可以避免消息丢失和重复消费了。”
Kafka如何保证消费的顺序性
前言
面试官：“Kafka是如何保证消费的顺序性的？”
首先来看一下消费顺序性的业务场景/应用场景：
1、即时消息中的单对单聊天和群聊，保证发送方消息发送顺序与接收方的顺序一致；
比如平常的微信聊天。
2、充值转账两个渠道在同一个时间进行余额变更，短信通知必须要有顺序。
因为先是进行了充值，然后才是转账，如果把两个短信通知的顺序颠倒过来就不符合真正的业务了。
所以在平时开发中，像这些都要求消息必须有顺序性才行。
Kafka普通的消息发送和接收是不能保证顺序性的。
但是有办法解决顺序的问题。
![image](/files/17b64fe3-65ea-444f-b034-e126b1c72f98/file-preview)
前面说过，消费者组的某一个消费者可能会负责多个分区，每个分区都维护了偏移量，每个偏移量都是从0开始的。
在消息存储的时候，是按照一定的策略来找到不同的分区进行存储的，消费也是一样。
所以并不能保证消息的顺序性。为了保证消息的顺序性，我们可以只提供一个分区，或者相同的业务只在同一个分区下进行存储和消费。
因为同一个分区的偏移量是有顺序的，这个偏移量就能保证消息的顺序性了。
具体代码如下：
![image](/files/0646d6e9-8474-4039-812c-75d034ec81d4/file-preview)
在我们发送消息的时候，调用了send()，这个方法可以传递很多参数，比如第一个send()方法就传了4个参数：topic、分区号、消息的key、消息的value。",28
java面试八股文消息中间件篇.docx,"我们现在的需求是消息要保存在同一个分区下，这样才能保证消息的顺序性，现在就可以重点设置这个分区的参数了，把有顺序要求的消息放在同一个分区就行。
接下来看第二个send()方法，有3个参数：topic、key、value。重点是第二个参数key，它就能决定这个消息存储在哪一个分区，因为默认情况下会计算这个key的HashCode值，然后根据这个哈希值找到不同的分区进行存储。
现在如果要求消息有顺序性，就可以都设置同一个key，同一个key计算的哈希值肯定也是一样的，它就能找到同一个分区进行存储和消费消息了。
这样也能保证消息的顺序性。
总结
面试官：“Kafka是如何保证消费的顺序性的？”
首先，默认情况下Kafka的普通消息是不能保证顺序性的。
问题原因：
一个topic的数据可能存储在不同的分区中，每个分区都有一个按照顺序的存储的偏移量，如果消费者关联了多个分区就不能保证顺序性。
解决方案：把消息存储在同一个分区下。
1、发送消息时指定分区号；
2、发送消息时按照相同的业务设置相同的key。关键是这个相同的key，这样最终计算的时候就能找到同一个分区进行存储。
模板
面试官：“Kafka是如何保证消费的顺序性的？”
答：“Kafka默认存储和消费消息，是不能保证顺序性的，因为一个topic数据可能存储在不同的分区中，每个分区都有一个按照顺序的存储的偏移量，如果消费者关联了多个分区就不能保证顺序性。
如果有这样的需求的话，我们是可以解决的，把消息都存储在同一个分区下就行了，有两种方式都可以进行设置，第一个是发送消息时指定分区号，第二个是发送消息时按照相同的业务设置相同的key，因为默认情况下分区也是通过key的hashcode值来选择分区的，hash值如果一样的话，分区肯定也是一样的。",29
java面试八股文消息中间件篇.docx,"Kafka的高可用机制有了解过嘛
前言
面试官：“Kafka的高可用机制有了解过嘛？”
关于Kafka的高可用可以从两个层面来回答：
1、集群模式；
2、分区备份（复制）机制。
特别是这个分区复制机制，它可以保证高可用性。
集群模式
关于集群，在很多的组件中都能做到集群，Kafka也是一样的。
![image](/files/12af3f10-726c-4671-8465-cdd6eb441f79/file-preview)
1、Kafka的服务器端由被称为Brocker的服务进程构成，即一个Kafka由多个Brocker组成；
生产者发送消息到了Kafka集群，而Kafka集群由多个Brocker组成，每个Brocker就是一个Kafka实例。
2、这样如果集群中某一台机器宕机，其他机器上的Brocker也依然能够对外提供服务，这其实就是Kafka提供高可用的手段之一。
有了集群之后，假如某一台Brocker宕机了，在集群中其他的Brocker依然是可以对外提供服务的，这个就是集群能够保证高可用性。
不过这么回答过于简单了，我们需要结合分区复制机制一起说才能征服面试官。
分区备份机制
1、一个topic有多个分区，每个分区有多个副本，其中有一个leader，其余的是follower，副本存储在不同的Brocker中；
现在集群中由3台Brocker组成，假如某一个topic下面分为3个分区：P0、P1、P2。
![image](/files/c0ea2dbd-5965-4ca8-997c-754f5ce8908d/file-preview)
这个分区可能存储在不同的Brocker中，生产者按照topic发送消息的时候，可以按照一定的策略找到不同的分区进行存储消息。",30
java面试八股文消息中间件篇.docx,"当然不仅仅如此，要想保证高可用性，在Kafka内部还给分区提供了副本机制，也就是说一个分区可能会存在多个副本。
![image](/files/eefbce9a-1ef4-4cbc-8207-01e41e5b5916/file-preview)
![image](/files/b59b519a-7b7a-4cbb-89f8-b389aae24d52/file-preview)
比如P0就存在3个副本，并且这些副本分别存储在不同的Brocker中，P1和P2也是一样的。
3个副本中有一个是leader副本，它是对外提供写数据的，其余的是follower，这些副本是主从关系。
2、所有的分区副本的内容都是相同的，如果leader发生故障时，会自动将其中一个follower提升为leader。
同一个分区下所有副本存储的内容是相同的，由leader负责把数据同步给其他的follower，这时候当leader所在的Brocker宕机了，就会从其他的follower中选择一个当做leader对外提供服务。
这样就保证了系统的容错性和高可用性。
当然关于follower还有更详细的一些分类，也是选主的一些因素。
![image](/files/2444e4ae-d190-4f64-9fff-4c8b712c78c6/file-preview)
生产者发送消息，首先找到的是leader副本，然后把数据同步给follower，这些follower又分为两类：
1）ISR（in-sync replica）副本；
需要同步复制保存的follower。
2）普通副本。
简单来说就是标明了ISR的副本，leader在同步数据的时候，ISR是同步请求的方式，普通副本是异步请求的方式同步数据的。
那么同步和异步哪个好？同步请求的数据更加完整一些，异步保存的是不能保证完整性的。",31
java面试八股文消息中间件篇.docx,"那么同步和异步哪个好？同步请求的数据更加完整一些，异步保存的是不能保证完整性的。
假如现在leader宕机了，肯定是ISR副本更加接近leader中的数据。
如果leader失效后，需要选出新的leader，选举的原则如下：
1、选举时优先从ISR中选定，因为这个列表中follower的数据是与leader同步的；
2、如果ISR列表中的follower都不行了，就只能从其他follower中选取。
关于ISR是可以配置的，在Brocker配置文件中，我们就可以设置topic副本的数量，也可以设置ISR最少的个数，我们可以根据自己的情况进行设置。
具体代码如下：
![image](/files/e50c6e3a-c865-47a2-b912-817c131cb5b3/file-preview)
既然ISR更能保证数据的完整性，那么把所有的副本设置为ISR不就行了？
注意ISR是同步保存数据的，性能肯定是不高的，其他的普通副本是异步的方式保存数据，效率会更高一些。
所以要做出取舍，一般至少要设置一个ISR，其他尽量设置为普通副本，就是在保证高可用的前提下，还要保证数据存储的时效性。
这样就讲完了Kafka中分区备份机制了。
总结
面试官：“Kafka的高可用机制有了解过嘛？”
我们可以从两个层面去回答，第一个是集群，第二个是复制机制。
集群：
一个Kafka集群由多个Brocker实例组成，即使某一台宕机，也不耽误其他Brocker继续对外提供服务。
复制机制（重点要回答的）：
1、一个topic有多个分区，每个分区有多个副本，有一个leader，其余的是follower，副本存储在不同的Brocker中；
2、所有的分区副本的内容都是相同的，如果leader发生故障时，会自动将其中一个follower提升为leader，保证了系统的容错性、高可用性。",32
java面试八股文消息中间件篇.docx,"面试官：“解释一下复制机制中的ISR。”
ISR（in-sync replica）需要同步复制保存的follower。
分区副本分为了两类，一个是ISR，与leader副本同步保存数据，另外一个是普通的副本，是异步保存数据，当leader挂掉之后，会优先从ISR副本列表中选取一个作为leader。
模板
面试官：“Kafka的高可用机制有了解过嘛？”
答：“主要是有两个层面，第一个是集群，第二个是提供了复制机制。
Kafka集群指的是由多个Brocker实例组成，即使某一台宕机，也不耽误其他Brocker继续对外提供服务。
复制机制是可以保证Kafka的高可用的，一个topic有多个分区，每个分区有多个副本，有一个leader，其余的是follower，副本存储在不同的Brocker中：所有的分区副本的内容都是相同的，如果leader发生故障时，会自动将其中一个follower提升为leader，保证了系统的容错性、高可用性。”
面试官：“解释一下复制机制中的ISR。”
答：“ISR的意思是in-sync replica，就是需要同步复制保存的follower。
其中分区副本有很多的follower，分为了两类，一个是ISR，与leader副本同步保存数据，另外一个是普通的副本，是异步保存数据，当leader挂掉之后，会优先从ISR副本列表中选取一个作为leader，因为ISR是同步保存数据，数据更加完整一些，所以优先选择ISR副本列表。”
Kafka数据清理机制了解过嘛
前言
面试官：“Kafka数据清理机制了解过嘛？”
1、Kafka文件存储机制；
2、数据清理机制。
在讲解数据清理机制之前，我们需要知道Kafka的文件存储机制，明白数据是怎么存储的，才能知道数据怎么清理。",33
java面试八股文消息中间件篇.docx,"在讲解数据清理机制之前，我们需要知道Kafka的文件存储机制，明白数据是怎么存储的，才能知道数据怎么清理。
Kafka文件存储机制
生产者通过topic进行发送数据， topic是一个逻辑概念，真正存储数据的位置是分区。
![image](/files/ced15aff-ee89-43e6-b230-301e8b0f3300/file-preview)
现在我们往“itheima”这个topic发送消息，假如它对应了3个分区，命名格式为topic名称+分区号。
![image](/files/39ab917d-356c-4b8c-b6cf-ca0127fbd9c7/file-preview)
在真正数据存储的时候，分别对应3个同名的文件夹，然后在分区内部就存储了数据文件，但这些文件也是分段存储的。
![image](/files/cb97efc6-ad18-4bff-a4e0-1cf84b015579/file-preview)
在一个分区下可能会存在多个日志文件段，也叫Segment，每个段都对应3个文件：.index 索引文件，.log 数据文件，.timeindex时间索引文件。
![image](/files/057ae2de-cd9a-413a-9f9d-49e93ab0e3c3/file-preview)
为什么要分段？作用有两个：
1、删除无用文件更加方便，可以提高磁盘的利用率；
比如一些比较久的数据文件，已经被消费很过很长时间了，这些文件已经没用了，对于这些没用的文件，分段之后删除会更加方便。
如果不分段，所有文件都放在同一个文件里面，那么存储文件就相当麻烦了，我们还得在一个文件里面进行筛选，效率肯定不高。
2、查找数据便捷。
假如现在消息量特别大，如果都在同一个文件里面，那么它的速度肯定是受限的。",34
java面试八股文消息中间件篇.docx,"2、查找数据便捷。
假如现在消息量特别大，如果都在同一个文件里面，那么它的速度肯定是受限的。
![image](/files/cb97efc6-ad18-4bff-a4e0-1cf84b015579/file-preview)
分段之后，我们可以看到.log文件的命名都是以偏移量进行命名的，.index也是一样的，它们是成对出现的，以后查找数据的时候肯定是知道具体的偏移量的，然后就可以快速定位某一个文件。
通过这个.index索引文件，再到.log中找出具体的数据。
这样我们就清楚Kafka文件存储的结构了。
数据清理机制
面试官问的是：这些文件在什么情况下会被清理，其实在Kafka中提供了一些删除策略。
日志的清理策略有两个：
1、根据消息的保留时间，当消息在Kafka中保存的时间超过了指定的时间，就会触发清理过程；
![image](/files/85bd312f-8fa4-41db-9b98-969411d28a90/file-preview)
这个指定时间可以在Brocker的配置文件中进行配置，默认是168个小时（7天）。
这个日志文件最多会留7天，我们也可以根据业务情况进行适当的调整，一般的消息都不会超过7天。
2、根据topic存储的数据大小，当topic所占的日志文件大小大于一定的阈值，则开始删除最久的消息。需手动开启。
注意一个topic可能会有多个分区，也就是说这个topic所有分区下的数据总和达到了一定的阈值（1G），就会删除最久的日志文件。
这个在Brocker配置文件中默认是关闭的，我们需要手动打开才能生效。",35
java面试八股文消息中间件篇.docx,"这个在Brocker配置文件中默认是关闭的，我们需要手动打开才能生效。
总结
面试官：“Kafka数据清理机制了解过嘛？”
首先要给面试官介绍Kafka的存储结构：
1、Kafka中一个topic里面可能会存在多个分区，topic的数据存储在分区上，每个分区里面如果文件过大会分段存储segment；
2、每个分段都在磁盘上以索引（xxx.index）和日志文件（xxx.log）的形式存储；
前缀就是索引的名字，.index和.log是成对出现的。
3、分段的好处：1）能够减少单个文件内容的大小，查找数据方便；2）方便Kafka进行日志清理。
日志的清理策略有两个：
1、根据消息的保留时间，当消息保存的时间超过了指定的时间，就会触发清理，删除对应的文件，默认是168小时（7天）；
2、根据topic存储的数据大小，当topic所占的日志文件大小大于一定的阈值，就会触发清理，则开始删除最久的消息。（默认关闭，需手动开启）
模板
面试官：“Kafka数据清理机制了解过嘛？”
答：“了解过。Kafka中topic的数据存储在分区上，分区如果文件过大会分段存储segment。
每个分区都在磁盘上以索引（xxx.index）和日志文件（xxx.log）的形式存储，这样分段的好处是：
第一，能够减少单个文件内容的大小，查找数据方便；
第二，方便Kafka进行日志清理。
在Kafka中提供了两个日志的清理策略：
第一，根据消息的保留时间，当消息保存的时间超过了指定的时间，就会触发清理，默认是168小时（7天）；
第二，根据topic存储的数据大小，当topic所占的日志文件大小大于一定的阈值，则开始删除最久的消息，这个默认是关闭的。
这两个策略都可以通过Kafka的Brocker中的配置文件进行设置。",36
java面试八股文消息中间件篇.docx,"这两个策略都可以通过Kafka的Brocker中的配置文件进行设置。”
Kafka实现高性能的设计有了解过嘛
前言
面试官：“Kafka中实现高性能的设计有了解过嘛？”
关于Kafka的高性能，是多方面协同的结果，包括我们讲过的集群架构（宏观架构？）、分布式存储、ISR的数据同步，还有就是高效地利用磁盘和操作系统特性等等。
主要体现在：
1、消息分区；
分区的好处就是存储不受单台服务器的限制，能处理更多的数据，并且数据量过大还会分段存储，可以不受限的处理更多的数据。
2、顺序读写：磁盘顺序读写，提升读写效率；
Kafka的消息是存储在磁盘的文件中的，在写文件的时候是以追加的方式新增数据的，这个顺序读写效率很高。
当然效率高主要是跟随机读写比较的，这里面主要说的是磁盘的寻址过程。
![image](/files/c95709c7-72b1-4e7b-a24a-4aed73411b16/file-preview)![image](/files/f8a8f092-14d4-4f3b-857e-cfe68b340e71/file-preview)
第一张图是顺序读写的，我们要找1到7是很方便的，它们都是连续的，磁盘在找数据的时候寻找非常快。
第二张图是随机存放的，如果也要找1到7，它们是不连续的，这个寻址过程比较耗时，所以随机存放的数据查找效率并不高。
所以磁盘的顺序读写效率是比较高的。
3、页缓存：把磁盘中的数据缓存到内存中，把对磁盘的访问变为对内存的访问；
这个是Linux中的概念，可以理解为Linux系统的缓存。Kafka用了页缓存的好处是：在读写磁盘文件的时候，会把数据读到页缓存中，在缓存中操作数据就会提升性能，把对磁盘的访问变为对内存的访问。
4、零拷贝：减少上下文切换及数据拷贝；
这个是Kafka的高性能中非常重要的一环。面试官可能会专门问零拷贝的内容，后面会细讲。",37
java面试八股文消息中间件篇.docx,"4、零拷贝：减少上下文切换及数据拷贝；
这个是Kafka的高性能中非常重要的一环。面试官可能会专门问零拷贝的内容，后面会细讲。
5、消息压缩：减少磁盘IO和网络IO；
Kafka内部提供了多种数据压缩的算法，我们在发送数据的时候可以专门进行设置，压缩之后就可以减少磁盘的IO，特别是可以减少网络的IO。
不过压缩会耗费一定的CPU，要根据实际的情况进行设置。
6、分批发送：将消息打包分批量发送，减少网络开销。
把多个消息打包成一个批次进行发送，从而减少网络传输的开销，提高网络传输的效率和吞吐量。
我们可以通过参数的配置来控制批量发送消息的大小，默认是16k。
当然这里还会设置一个等待的时间，如果在等待时间内没有达到16k，Kafka也会将缓冲区的数据发送出去。
这么做就是为了避免消息的积压。
有了这六块内容的支撑，Kafka才真正做到了高性能。
零拷贝
刚才说过这六块内容最重要的就是零拷贝。
零拷贝的作用就是：减少磁盘IO和网络IO。
它是怎么办到的？首先我们回顾一下Linux系统里面的IO模型。
在Linux系统中主要划分了两个空间：用户空间、内核空间。
其中用户空间的权限比较小，内核空间权限更大，它可以调用系统的一切资源。
![image](/files/e583812c-afc7-4d19-abb3-8d10ff8f211f/file-preview)
现在有一个Kafka服务，它肯定是属于用户空间的。
假如现在有一个生产者要发送消息，那么肯定是用户空间发起的。这个消息还要存储在磁盘文件上，但是用户空间没有权限调用磁盘读写。
所以就会先把数据拷贝到内核空间处理。在内核空间中就有一个页缓存，就是Linux的缓存。
把数据存储在这个页缓存中，批量发送到了一定的批次以后，就会把数据写入到磁盘上。
这就是保存消息的一个流程。",38
java面试八股文消息中间件篇.docx,"所以就会先把数据拷贝到内核空间处理。在内核空间中就有一个页缓存，就是Linux的缓存。
把数据存储在这个页缓存中，批量发送到了一定的批次以后，就会把数据写入到磁盘上。
这就是保存消息的一个流程。
![image](/files/daaff00f-0474-4c89-be58-5ad3f04e390d/file-preview)
假如现在有一个消费者要去消费这个消息。首先用户空间的Kafka会先到页缓存去找这个消息，如果没有就到磁盘文件中去读取文件中的消息，然后把消息拷贝到页缓存中。
接着从页缓存中把数据拷贝到用户空间的Kafka中，现在我们需要把消息发送给消费者。
这时候就需要用到Socket连接和网卡了，它们就能把消息给发出去。
所以数据又要从用户空间的Kafka拷贝到内核空间的Socket缓冲区，最后再把数据拷贝到网卡，网卡就把数据传送给消费者。
回顾一下，数据一共拷贝了四次，从磁盘到页缓存一次，从页缓存到Kafka一次，Kafka到Socket一次，Socket到网卡一次。
拷贝的次数太多，性能肯定是不高的，所以Kafka内部选择使用零拷贝，它主要就是减少了数据拷贝的次数。
![image](/files/3ba3af94-ea78-4c13-a0b8-f30f46d2b9a5/file-preview)
流程是这样的：Kafka还是会判断页缓存中是否存在这个消息，如果不存在还是会从磁盘中读取数据，然后把数据拷贝到页缓存中，关键就在这一步。
现在Kafka知道哪个消费者要消费这个消息，所以把所有的事情都委托给系统去操作，这时候就不需要再去拷贝了，而是由系统直接从页缓存中把数据拷贝给网卡，然后就能找到消费者去消费这个消息了。
这个流程只拷贝了两次，磁盘到页缓存一次，页缓存直接到网卡一次，数据拷贝的次数变少，性能当然就变高了。",39
java面试八股文消息中间件篇.docx,"这个流程只拷贝了两次，磁盘到页缓存一次，页缓存直接到网卡一次，数据拷贝的次数变少，性能当然就变高了。
这样我们就清楚零拷贝的好处了，关于Kafka高性能的设计也了解了。
总结
面试官：“Kafka中实现高性能的设计有了解过嘛？”
前面一共讲了六块内容，在回答面试题的时候至少要陈述前四块内容：
1、消息分区：在消息存储的时候，不受单台服务器的限制，可以不受限的处理更多的数据；
2、顺序读写：磁盘顺序读写可以提升读写效率；
3、页缓存：作用是把磁盘中的数据缓存到内存中，把对磁盘的访问变为对内存的访问，提高了性能；
4、零拷贝：减少上下文切换及数据拷贝；
5、消息压缩：减少磁盘IO和网络IO，特别是网络IO；
6、分批发送：将消息打包批量发送，减少网络开销。
模板
面试官：“Kafka中实现高性能的设计有了解过嘛？”
答：“Kafka高性能，是多方面协同的结果，包括宏观架构、分布式存储、ISR数据同步、以及高效的利用磁盘、操作系统特性等。主要体现有这么几点：
消息分区：不受单台服务器的限制，可以不受限的处理更多的数据；
顺序读写：磁盘顺序读写，提升读写效率；
页缓存：把磁盘中的数据缓存到内存中，把对磁盘的访问变为对内存的访问；
零拷贝：减少了上下文切换及数据拷贝；
消息压缩：减少磁盘IO和网络IO；
分批发送：将消息打包批量发送，减少网络开销。”",40
